Time (s), Cell Name, Value
15.238105, C00, 17.5277
15.48791, C00, 24.11864
16.686974, C00, 20.21528
23.431709, C00, 18.26498
30.026561, C00, 14.56376
32.474649, C00, 27.27957
43.565992, C00, 39.82116
68.746336, C00, 18.07549
72.94306, C00, 20.85932
119.057063, C00, 51.24172
135.744037, C00, 40.32182
149.783078, C00, 35.87323
169.317829, C00, 15.86345
171.36623, C00, 15.05864
172.415411, C00, 31.41487
174.263968, C00, 23.47541
206.688657, C00, 26.00281
209.086785, C00, 15.42901
230.120366, C00, 40.00003
244.958783, C00, 14.89781
260.446692, C00, 31.24808
286.676218, C00, 32.94071
289.374112, C00, 27.16445
364.115768, C00, 18.06708
374.657539, C00, 35.1418
395.591198, C00, 39.72147
434.6607, C00, 15.04813
458.841824, C00, 33.94538
470.182971, C00, 25.13671
490.017488, C00, 23.3426
492.565499, C00, 41.15481
523.741163, C00, 21.93213
539.828605, C00, 15.82787
554.267334, C00, 32.61658
574.301695, C00, 30.66216
579.197873, C00, 26.75015
601.630362, C00, 26.03033
612.721704, C00, 35.72844
615.119832, C00, 31.50441
629.808366, C00, 39.52814
685.6148030000001, C00, 29.06601
700.802947, C00, 36.42096
705.199515, C00, 30.50894
737.724126, C00, 28.14138
741.221396, C00, 15.71172
772.147255, C00, 35.51427
775.694486, C00, 15.77011
786.236257, C00, 32.28693
800.575064, C00, 37.99844
822.957592, C00, 19.77249
834.048934, C00, 21.99407
845.889691, C00, 28.64443
852.534504, C00, 27.79325
853.183997, C00, 22.0538
867.372921, C00, 22.73925
882.011494, C00, 16.84396
892.653187, C00, 19.7876
894.651627, C00, 30.16426
899.897532, C00, 27.74194
917.433843, C00, 37.66586
929.77421, C00, 23.56766
977.087277, C00, 24.74423
998.520546, C00, 17.92233
1008.862473, C00, 25.94544
1011.160679, C00, 16.77378
1053.477646, C00, 16.14084
1055.376164, C00, 17.6286
1111.732172, C00, 21.37608
1116.228662, C00, 21.50055
1117.277843, C00, 21.05131
1134.764193, C00, 23.3092
1147.554209, C00, 37.87954
1161.293484, C00, 23.65682
1164.690832, C00, 17.25595
1176.181862, C00, 22.62663
1200.512869, C00, 26.91995
113.361509, C01, 13.2301
116.958701, C01, 21.49582
199.444312, C01, 15.13983
409.830083, C01, 9.652876
426.117369, C01, 10.56425
426.317213, C01, 9.355945
463.388275, C01, 20.43019
496.062769, C01, 10.08511
496.362535, C01, 15.21588
557.664682, C01, 22.22813
581.845806, C01, 21.35136
671.675684, C01, 14.42737
790.432981, C01, 10.11745
838.645346, C01, 21.1475
921.980294, C01, 13.52469
922.429943, C01, 12.26856
952.356582, C01, 19.59696
953.006075, C01, 8.705828
975.838252, C01, 12.42214
1000.71883, C01, 10.3891
1090.898435, C01, 11.33932
1093.64629, C01, 9.59197
1118.12718, C01, 16.7009
86.382569, C02, 9.00919
274.086046, C02, 39.92403
317.951804, C02, 36.50647
465.236832, C02, 55.81572
517.4460759999999, C02, 35.53815
523.14163, C02, 9.831987
822.008333, C02, 52.79416
912.6375870000001, C02, 8.82786
929.77421, C02, 9.047792
944.662588, C02, 32.65748
999.71961, C02, 8.374001
1156.996838, C02, 10.90667
1206.258384, C02, 57.03617
1233.886817, C02, 32.17367
1247.176443, C02, 36.43514
1249.924298, C02, 35.29523
0.49961, C03, 6.385557
140.140605, C03, 64.13658
165.420871, C03, 65.45833
200.643376, C03, 6.822227
239.513034, C03, 68.12626
292.77146, C03, 6.799154
322.448294, C03, 7.213322
543.525719, C03, 40.19393
557.814565, C03, 45.30354
766.201896, C03, 6.314196
838.495463, C03, 52.96054
903.79449, C03, 5.817222
922.030255, C03, 55.71115
952.306621, C03, 56.13244
975.73833, C03, 44.20225
1019.154439, C03, 49.41583
1084.503427, C03, 83.21708
1093.296563, C03, 7.001619
1093.496407, C03, 12.87363
1097.093599, C03, 6.949257
1159.694732, C03, 43.75391
1236.085101, C03, 68.8475
3.597192, C04, 8.024265
15.537871, C04, 45.00927
16.686974, C04, 9.032842
73.142904, C04, 61.6578
93.976641, C04, 7.061576
119.206946, C04, 52.02705
123.353709, C04, 7.946256
140.190566, C04, 7.384554
155.828359, C04, 51.02161
157.477072, C04, 7.657433
182.107845, C04, 15.65576
200.293649, C04, 37.12845
206.688657, C04, 10.39214
210.185927, C04, 9.836658
212.434172, C04, 26.27281
234.267129, C04, 7.861595
260.446692, C04, 10.5669
260.646537, C04, 41.48441
274.235929, C04, 45.15834
297.018145, C04, 30.52288
318.051726, C04, 41.27922
341.533396, C04, 54.66687
364.7153, C04, 8.942223
364.915144, C04, 48.25146
385.648959, C04, 7.582477
396.140769, C04, 9.546246
398.139209, C04, 8.290727
424.468656, C04, 8.425753
424.868344, C04, 37.27874
453.396075, C04, 50.21467
458.841824, C04, 7.349453
459.091629, C04, 43.02473
470.932386, C04, 18.38017
471.182191, C04, 14.73222
472.531138, C04, 9.349604
490.766903, C04, 7.048612
494.014368, C04, 15.28282
508.952707, C04, 45.01353
522.542099, C04, 20.40425
525.989408, C04, 33.50194
527.58816, C04, 10.40019
543.525719, C04, 17.7386
554.5671, C04, 38.80095
555.716203, C04, 23.5876
565.808325, C04, 36.19466
600.53122, C04, 10.17947
615.569481, C04, 13.37322
616.668623, C04, 43.88256
647.094872, C04, 35.09903
670.47662, C04, 8.308469
673.0745920000001, C04, 19.15562
685.46492, C04, 9.46917
686.114413, C04, 52.21779
723.035592, C04, 35.25852
723.385319, C04, 20.52885
728.2814969999999, C04, 18.78857
730.879469, C04, 45.37715
741.271357, C04, 12.4774
745.368159, C04, 29.8057
775.794408, C04, 19.29244
786.635945, C04, 36.18162
808.5688239999999, C04, 43.32627
827.204277, C04, 46.66256
828.35338, C04, 22.95089
834.648466, C04, 8.813278
852.584465, C04, 55.06919
866.32374, C04, 14.11139
866.8733109999999, C04, 40.26128
917.633687, C04, 38.43821
918.682868, C04, 10.73229
919.632127, C04, 11.91043
931.622767, C04, 6.837564
935.169998, C04, 52.08749
946.611067, C04, 15.32061
970.142698, C04, 9.55582
970.642308, C04, 20.01757
971.691489, C04, 14.42644
986.629828, C04, 10.45018
988.478385, C04, 7.88258
988.628268, C04, 35.55403
998.620468, C04, 9.699857
1000.818752, C04, 32.98161
1056.275462, C04, 10.85159
1057.074838, C04, 17.17249
1084.553388, C04, 8.47521
1090.848474, C04, 45.93187
1118.077219, C04, 49.95674
1126.070979, C04, 8.637033
1137.262243, C04, 7.388175
1138.011658, C04, 39.08273
1200.662752, C04, 29.09307
1208.356746, C04, 10.32737
1224.644032, C04, 8.418291
23.131943, C05, 67.89206
38.869658, C05, 104.7284
41.617513, C05, 19.17125
82.385689, C05, 25.68676
84.68389500000001, C05, 68.31871
127.500472, C05, 79.01713
167.019623, C05, 82.40662
202.292089, C05, 88.23928
246.907262, C05, 46.37386
250.954103, C05, 57.85294
320.849542, C05, 53.37931
324.396773, C05, 63.18195
350.076727, C05, 71.36356
372.309372, C05, 18.15121
388.446775, C05, 73.96023
407.381994, C05, 27.67063
415.725481, C05, 68.0806
429.714561, C05, 75.51047
443.303953, C05, 51.23023
464.837144, C05, 73.27071
467.535038, C05, 40.82937
488.968307, C05, 16.64179
491.716162, C05, 42.43626
515.59752, C05, 70.21317
532.2345330000001, C05, 71.0424
558.763824, C05, 61.24045
583.294675, C05, 72.0771
586.6920229999999, C05, 38.45544
599.881727, C05, 30.01812
607.325916, C05, 89.34824
626.361057, C05, 53.30664
651.99105, C05, 41.87681
661.833367, C05, 63.26463
677.820887, C05, 46.62265
679.269756, C05, 16.88946
679.6194829999999, C05, 32.01693
696.006691, C05, 62.99948
704.6999049999999, C05, 19.80138
719.838088, C05, 21.02983
724.184695, C05, 44.24499
766.801428, C05, 61.62205
822.85767, C05, 13.18871
827.0044329999999, C05, 61.14889
839.045034, C05, 20.08188
839.394761, C05, 24.61843
879.913132, C05, 16.17085
887.207438, C05, 67.32396
891.30424, C05, 49.99623
896.749989, C05, 24.5075
909.540005, C05, 66.99883
922.629787, C05, 51.26019
931.472884, C05, 23.1373
947.76017, C05, 36.58862
951.557206, C05, 15.62675
953.455724, C05, 66.09718
1004.016256, C05, 36.37278
1020.853113, C05, 37.16765
1031.944455, C05, 58.37915
1052.028777, C05, 15.29042
1086.302023, C05, 55.50903
1120.875035, C05, 53.92902
1141.10924, C05, 27.30055
1141.658811, C05, 36.65829
1152.850075, C05, 61.09122
1208.106941, C05, 37.0155
1213.702573, C05, 46.49591
1225.443408, C05, 18.60307
2.548011, C06, 5.327847
11.391108, C06, 5.125885
34.273246, C06, 5.204556
105.018022, C06, 5.249191
193.498953, C06, 67.11072
202.541894, C06, 5.236809
315.104027, C06, 5.447083
317.302311, C06, 10.69489
358.270331, C06, 5.147782
426.517057, C06, 6.287379
463.837924, C06, 7.050368
497.161911, C06, 6.620031
551.369596, C06, 5.423993
1001.168479, C06, 6.46088
1007.363643, C06, 5.399984
1183.825895, C06, 5.725686
1218.498829, C06, 5.539407
37.47075, C07, 33.43818
40.018761, C07, 24.42202
68.896219, C07, 15.67833
69.295907, C07, 7.360207
80.93682, C07, 18.0248
81.33650799999999, C07, 7.766773
104.468451, C07, 16.50278
110.863459, C07, 11.93329
111.113264, C07, 9.154985
111.263147, C07, 12.69304
148.334209, C07, 7.511793
148.584014, C07, 24.15779
153.030543, C07, 9.623377
203.091465, C07, 16.2712
260.196888, C07, 11.6079
265.842481, C07, 26.49343
269.889322, C07, 32.92403
274.036085, C07, 11.75399
274.335851, C07, 25.95912
277.333511, C07, 15.72746
305.061866, C07, 17.76658
305.411593, C07, 24.76963
312.75586, C07, 32.09587
313.355392, C07, 17.66903
315.303871, C07, 10.28765
317.552116, C07, 17.42363
358.570097, C07, 21.2253
359.169629, C07, 13.02285
548.122131, C07, 10.88453
646.595262, C07, 32.60399
668.777946, C07, 12.96312
687.7631260000001, C07, 11.36806
808.269058, C07, 30.92796
837.446282, C07, 13.71555
837.84597, C07, 8.619678
839.494683, C07, 10.07971
855.931852, C07, 17.38857
856.681267, C07, 14.34764
880.762469, C07, 15.81609
881.162157, C07, 8.159513
923.529085, C07, 33.97396
970.142698, C07, 33.55994
999.120078, C07, 15.78217
1048.081858, C07, 34.98447
1048.881234, C07, 14.72478
1076.409745, C07, 9.870761
1088.750112, C07, 18.90146
1124.172461, C07, 7.263953
1156.247423, C07, 16.3707
1175.682252, C07, 18.08294
3.896958, C08, 27.82541
12.839977, C08, 13.25475
14.138963, C08, 11.74575
23.032021, C08, 7.472118
29.377068, C08, 6.6474
50.060922, C08, 7.955326
70.544932, C08, 13.44146
100.121844, C08, 27.14094
109.9142, C08, 9.570372
111.662835, C08, 12.0845
115.859559, C08, 6.343613
117.608194, C08, 23.08323
123.253787, C08, 12.07184
148.284248, C08, 21.35619
155.128905, C08, 28.33614
157.477072, C08, 8.487141
160.424771, C08, 10.85663
161.573874, C08, 13.53725
179.459912, C08, 6.399069
191.100825, C08, 7.05393
195.597315, C08, 22.18563
198.295209, C08, 12.80237
221.177347, C08, 17.3313
260.196888, C08, 7.134908
265.592675, C08, 7.831761
273.986124, C08, 27.65615
278.382692, C08, 9.438395
282.77926, C08, 6.770101
305.011905, C08, 22.22773
310.157888, C08, 21.09012
312.556016, C08, 7.296473
312.75586, C08, 12.67773
315.303871, C08, 13.56378
317.352272, C08, 13.08636
319.100907, C08, 9.984969
355.072827, C08, 17.70008
358.769941, C08, 22.3957
364.065807, C08, 9.618934
384.499856, C08, 12.4876
409.780122, C08, 9.1884
452.396855, C08, 25.30373
506.754423, C08, 6.344292
509.152551, C08, 12.0157
514.798144, C08, 27.38505
522.342255, C08, 8.421694
622.064411, C08, 21.36243
631.756845, C08, 13.16216
670.626503, C08, 20.93176
674.373578, C08, 8.381685
689.811527, C08, 7.398653
775.794408, C08, 7.386441
776.693706, C08, 21.84171
791.232357, C08, 25.46158
821.708567, C08, 8.831274
854.632866, C08, 10.0479
856.4814229999999, C08, 12.68636
866.723428, C08, 22.39184
880.762469, C08, 12.47165
882.710948, C08, 6.797845
919.132517, C08, 15.85341
948.059936, C08, 6.427598
955.903813, C08, 21.89665
963.897573, C08, 7.520905
970.342542, C08, 25.24611
1041.437044, C08, 22.20178
1071.363683, C08, 8.718704
1073.512007, C08, 23.31061
1155.697852, C08, 18.48771
1156.447267, C08, 7.972462
1174.383266, C08, 26.23345
1180.028859, C08, 6.282096
1231.238884, C08, 19.8177
1236.135062, C08, 21.26253
116.958701, C09, 14.83871
193.498953, C09, 83.00114
581.945728, C09, 14.8511
49.211585, C10, 65.64931
76.790057, C10, 6.669979
98.722936, C10, 16.83757
115.060183, C10, 8.066918
182.007923, C10, 111.6188
219.8284, C10, 19.65421
348.477975, C10, 83.90324
413.477236, C10, 79.76656
441.805123, C10, 92.61126
475.878525, C10, 93.74383
559.862966, C10, 5.924997
591.338396, C10, 7.126377
591.688123, C10, 80.72443
633.9551290000001, C10, 101.5018
674.073812, C10, 6.113678
674.873188, C10, 21.67598
744.668705, C10, 92.12607
850.735908, C10, 7.674097
857.430682, C10, 7.699554
872.81867, C10, 81.36951
921.680528, C10, 7.642043
1084.953076, C10, 54.76389
1151.501128, C10, 102.0717
1157.496448, C10, 6.346002
1169.437127, C10, 85.58131
1211.754094, C10, 34.07758
1248.225624, C10, 6.668261
22.732255, C11, 39.73702
24.530851, C11, 12.18579
39.219385, C11, 16.7362
100.321688, C11, 67.02699
126.551213, C11, 87.65636
165.420871, C11, 18.01285
165.820559, C11, 76.12438
180.808859, C11, 14.24293
200.143766, C11, 21.69781
201.642596, C11, 15.52633
239.962683, C11, 76.5252
254.851061, C11, 22.78794
282.179728, C11, 83.13345
316.602857, C11, 75.90501
322.74806, C11, 79.58458
333.489675, C11, 19.28164
368.961985, C11, 79.12808
387.69736, C11, 86.47111
412.777782, C11, 17.62344
414.276612, C11, 87.31645
419.272712, C11, 12.91609
420.721581, C11, 12.07883
428.515497, C11, 70.38052
470.882425, C11, 13.47434
493.11507, C11, 16.1735
502.907426, C11, 73.87706
525.639681, C11, 17.49759
531.135391, C11, 72.54832
557.664682, C11, 78.92745
582.495299, C11, 68.77869
622.51406, C11, 19.37469
659.6850439999999, C11, 75.81088
714.692105, C11, 75.99332
716.5906230000001, C11, 41.22221
734.676505, C11, 26.37665
737.724126, C11, 17.32269
747.41656, C11, 17.03244
791.432201, C11, 55.6474
828.453302, C11, 17.02528
838.595385, C11, 58.83166
886.507984, C11, 30.46152
888.356541, C11, 81.72045
901.79605, C11, 16.88607
909.440083, C11, 11.38098
952.556426, C11, 85.26433
988.178619, C11, 18.34637
1019.2044, C11, 65.91354
1031.145078, C11, 65.33239
1093.546368, C11, 75.49411
1104.088139, C11, 65.2029
1203.660412, C11, 79.34203
1226.04294, C11, 17.14978
12.790016, C12, 9.862926
36.47153, C12, 16.53663
50.160844, C12, 9.770852
76.840018, C12, 6.861389
76.989901, C12, 7.20761
100.171805, C12, 8.405664
100.471571, C12, 11.9253
126.501252, C12, 7.358386
157.477072, C12, 7.304523
165.420871, C12, 14.13385
165.820559, C12, 9.814632
184.106285, C12, 15.44865
240.212488, C12, 7.023864
240.412332, C12, 14.24723
282.179728, C12, 15.74263
318.051726, C12, 10.8266
323.047826, C12, 7.251069
387.997126, C12, 7.008087
400.68722, C12, 11.67576
409.979966, C12, 7.424899
503.456997, C12, 9.19827
543.725563, C12, 7.806006
557.864526, C12, 6.845845
592.737304, C12, 7.960217
606.7263840000001, C12, 14.23453
677.621043, C12, 10.28931
715.191715, C12, 9.952424
733.92709, C12, 9.834837
791.232357, C12, 12.59415
838.495463, C12, 7.269833
873.468163, C12, 8.591369
921.980294, C12, 17.53714
975.938174, C12, 8.03109
1003.516646, C12, 8.144653
1060.522146, C12, 7.698869
1159.694732, C12, 17.39804
1203.810295, C12, 7.445298
100.221766, C13, 6.328073
12.839977, C14, 67.66772
22.682294, C14, 42.05486
36.371608, C14, 159.2087
49.761156, C14, 128.9087
76.790057, C14, 123.7031
100.071883, C14, 141.3797
126.301408, C14, 101.6084
165.470832, C14, 178.9729
184.056324, C14, 119.2431
201.093025, C14, 144.1459
220.927542, C14, 84.34931
239.962683, C14, 158.0623
281.78004, C14, 35.23861
282.079806, C14, 86.21373
282.529455, C14, 50.23483
299.116507, C14, 41.33484
318.051726, C14, 102.7448
322.398333, C14, 100.0841
348.977585, C14, 124.0826
368.412414, C14, 125.1684
387.747321, C14, 132.8862
400.537337, C14, 114.8301
427.766082, C14, 202.4938
442.254772, C14, 32.25939
463.438236, C14, 40.61258
502.807504, C14, 131.7986
531.08543, C14, 164.227
543.425797, C14, 142.7671
557.614721, C14, 124.545
582.2954549999999, C14, 120.7756
592.6873430000001, C14, 132.8056
606.476579, C14, 123.317
677.3712379999999, C14, 115.2538
693.558602, C14, 155.2748
714.841988, C14, 148.9382
733.827168, C14, 124.1514
791.182396, C14, 152.466
838.34558, C14, 121.1317
873.368241, C14, 118.144
886.507984, C14, 129.3202
921.980294, C14, 118.554
939.616527, C14, 109.7739
952.456504, C14, 142.905
975.538486, C14, 131.9384
1003.266841, C14, 114.3187
1018.954595, C14, 118.5945
1031.045157, C14, 128.6406
1045.883574, C14, 76.86642
1059.922615, C14, 138.9406
1093.446446, C14, 137.9721
1120.375425, C14, 154.0454
1140.159981, C14, 135.8898
1159.59481, C14, 140.31
1182.976558, C14, 136.8815
1203.460568, C14, 120.1537
16.786896, C15, 7.721736
38.170204, C15, 19.76014
39.219385, C15, 14.27489
41.767396, C15, 11.23765
69.046102, C15, 11.59023
76.790057, C15, 8.540075
106.41693, C15, 12.77379
127.100784, C15, 12.02653
157.527033, C15, 6.416558
157.676916, C15, 15.93761
166.270208, C15, 6.521352
184.256168, C15, 6.856988
188.402931, C15, 5.798021
201.442752, C15, 7.094941
209.036824, C15, 7.116194
240.512254, C15, 6.812404
243.010304, C15, 8.931332
253.602036, C15, 6.504521
274.835461, C15, 19.30484
282.379572, C15, 7.434358
368.812102, C15, 8.690805
401.236791, C15, 14.16932
453.346114, C15, 10.04859
453.745802, C15, 7.865378
503.407036, C15, 13.52675
506.154891, C15, 5.926214
515.347715, C15, 5.709702
582.944948, C15, 5.689936
586.592101, C15, 6.075342
600.131532, C15, 6.25815
613.121392, C15, 6.880682
639.800566, C15, 13.1577
677.421199, C15, 8.298218
677.920809, C15, 5.996113
679.269756, C15, 10.89212
715.291637, C15, 15.65949
827.1043550000001, C15, 8.433849
998.970195, C15, 13.85115
1065.218481, C15, 14.16261
1153.199802, C15, 12.69303
1200.712713, C15, 6.534541
78.838458, C16, 5.781797
294.620017, C16, 5.657716
294.819861, C16, 7.060576
294.969744, C16, 6.387892
295.169588, C16, 8.250345
298.566936, C16, 5.263016
623.063631, C16, 11.26571
623.463319, C16, 6.40608
815.36352, C16, 7.310743
854.482983, C16, 5.321419
12.790016, C17, 9.696931
45.714315, C17, 176.9729
72.49341099999999, C17, 10.06596
92.77757699999999, C17, 10.75767
178.660536, C17, 199.7479
189.901761, C17, 8.537848
227.622316, C17, 18.01876
237.81436, C17, 99.23232
291.472474, C17, 147.0883
293.620797, C17, 214.5242
382.451455, C17, 99.32279
393.69268, C17, 9.954403
619.766205, C17, 116.042
621.564801, C17, 15.1846
621.714684, C17, 178.1425
701.752206, C17, 7.985998
712.593743, C17, 110.9489
758.457941, C17, 164.0378
764.253417, C17, 9.467966
812.915431, C17, 241.3617
849.9365320000001, C17, 176.9092
850.83583, C17, 14.8145
932.122377, C17, 133.0069
959.650888, C17, 136.756
983.332402, C17, 144.7313
1126.870355, C17, 206.9904
1188.821995, C17, 127.5125
1224.344266, C17, 9.453583
76.340408, C18, 21.9452
158.726097, C18, 6.735239
158.975902, C18, 22.70086
203.491153, C18, 14.50213
240.012644, C18, 53.05865
290.323371, C18, 7.071846
318.951024, C18, 14.64033
322.997865, C18, 8.726434
409.830083, C18, 55.42326
463.887885, C18, 69.43423
495.463237, C18, 8.94855
500.10961, C18, 10.28467
503.257153, C18, 7.183967
531.08543, C18, 61.51128
532.933987, C18, 16.65545
695.607003, C18, 7.449828
838.695307, C18, 48.62889
857.2308379999999, C18, 10.70195
861.0778350000001, C18, 7.592254
922.28006, C18, 54.28109
975.838252, C18, 52.45974
1060.222381, C18, 6.552791
1093.546368, C18, 56.17041
1120.525308, C18, 59.32949
1140.559669, C18, 68.40409
1159.894576, C18, 51.3138
23.181904, C19, 25.73963
38.669814, C19, 82.25472
42.416889, C19, 44.36652
44.365368, C19, 30.09812
44.715095, C19, 20.74509
77.43955, C19, 82.02958
84.48405099999999, C19, 18.13918
84.9337, C19, 14.84238
94.026602, C19, 18.58747
95.37554900000001, C19, 27.35518
139.640995, C19, 50.85127
175.063344, C19, 53.16232
205.089905, C19, 51.32577
207.687877, C19, 57.40738
209.786239, C19, 15.00786
218.029804, C19, 16.08496
222.676177, C19, 49.33217
229.620756, C19, 22.14848
241.061825, C19, 67.3624
250.704298, C19, 62.93869
259.647317, C19, 17.15654
288.524775, C19, 54.92356
289.7738, C19, 14.48011
300.115727, C19, 56.04679
307.410033, C19, 25.23522
323.947124, C19, 72.46964
326.844862, C19, 28.99668
328.943224, C19, 17.87203
396.240691, C19, 40.99358
401.986206, C19, 59.0832
407.032267, C19, 17.44454
407.431955, C19, 27.95366
415.625559, C19, 64.10364
422.969826, C19, 34.53811
436.009647, C19, 69.84381
455.994047, C19, 31.01977
464.987027, C19, 62.5656
467.63496, C19, 27.86482
484.771583, C19, 55.56254
510.201732, C19, 21.88855
543.875446, C19, 40.71885
569.655322, C19, 16.86933
576.699823, C19, 28.36347
583.444558, C19, 16.44725
585.54292, C19, 43.95306
603.378997, C19, 22.97199
615.719364, C19, 67.13856
625.8114859999999, C19, 15.26485
626.810706, C19, 46.93655
651.341557, C19, 71.16088
669.527361, C19, 39.51285
670.576542, C19, 39.73969
680.418859, C19, 18.0537
696.806067, C19, 60.06002
747.666365, C19, 60.09912
760.7561470000001, C19, 28.14477
767.151155, C19, 64.9464
769.849049, C19, 21.24086
839.494683, C19, 54.13272
852.0848549999999, C19, 24.00596
852.534504, C19, 16.36605
854.632866, C19, 51.21552
866.573545, C19, 45.91437
882.81087, C19, 44.05591
909.739849, C19, 68.6272
913.137197, C19, 49.24629
918.682868, C19, 16.7031
923.429163, C19, 27.42407
927.126277, C19, 19.63462
934.820271, C19, 18.69303
977.037316, C19, 69.81921
1004.465905, C19, 58.34559
1007.963175, C19, 23.43524
1010.061537, C19, 62.17207
1020.603308, C19, 66.47723
1026.398784, C19, 22.79136
1047.282482, C19, 66.85118
1061.17164, C19, 31.92972
1075.710291, C19, 58.43343
1077.009277, C19, 17.15104
1095.794613, C19, 16.9548
1105.237242, C19, 62.58404
1132.216182, C19, 14.82659
1141.359045, C19, 64.56108
1144.856315, C19, 16.06842
1148.753273, C19, 38.83412
1160.893796, C19, 68.89049
1163.192002, C19, 17.46892
1199.963298, C19, 15.43897
1.948479, C20, 48.32962
4.246685, C20, 60.20262
53.358348, C20, 37.82665
56.855618, C20, 30.62275
58.754136, C20, 55.94031
98.92278, C20, 72.79266
121.754957, C20, 34.60277
122.954021, C20, 43.1
141.88924, C20, 46.26808
163.022743, C20, 38.92565
178.36077, C20, 46.84137
179.260068, C20, 43.40943
183.306909, C20, 42.28797
189.002463, C20, 36.94571
198.744858, C20, 23.85107
234.766739, C20, 23.6913
265.093066, C20, 29.03385
293.620797, C20, 69.25176
308.009565, C20, 60.30588
319.300751, C20, 37.98043
343.781641, C20, 30.68368
347.528716, C20, 25.12256
348.72778, C20, 24.43227
353.024426, C20, 24.20271
353.873763, C20, 36.95567
354.972905, C20, 28.64349
356.072047, C20, 24.1726
369.661439, C20, 41.26112
381.901884, C20, 46.86756
411.728601, C20, 34.55638
415.17591, C20, 25.73058
442.054928, C20, 34.7074
461.839484, C20, 32.45572
463.63808, C20, 23.80641
474.229812, C20, 36.9868
494.014368, C20, 25.13415
513.699001, C20, 27.41693
524.890266, C20, 30.53409
542.976148, C20, 32.67866
618.567141, C20, 39.89405
619.766205, C20, 18.80186
620.215854, C20, 24.90351
621.714684, C20, 45.43904
655.838047, C20, 28.30155
657.186994, C20, 53.87787
659.0355510000001, C20, 19.98053
690.6608639999999, C20, 57.17296
712.343938, C20, 33.10895
722.336138, C20, 21.41494
724.834188, C20, 30.48378
733.477441, C20, 29.44211
742.520382, C20, 31.09938
756.90915, C20, 69.52533
758.6078240000001, C20, 30.9918
788.934151, C20, 18.9226
805.6710859999999, C20, 30.89928
814.264378, C20, 20.75748
837.746048, C20, 19.06538
848.137936, C20, 22.49508
848.737468, C20, 29.20718
932.172338, C20, 47.90512
968.543946, C20, 49.34354
984.931154, C20, 20.79337
1016.806272, C20, 32.16306
1039.388644, C20, 36.67266
1119.276283, C20, 37.20637
1121.224762, C20, 19.57049
1139.710332, C20, 32.50808
1151.651011, C20, 19.94787
1172.684592, C20, 32.18092
1212.103821, C20, 32.17861
1217.699453, C20, 23.65618
1218.348946, C20, 23.62614
1222.895397, C20, 24.78293
1226.592511, C20, 74.46947
1230.289625, C20, 24.22435
318.051726, C21, 10.23027
323.297631, C21, 10.14206
543.725563, C21, 14.34069
1.898518, C22, 6.42118
4.346607, C22, 5.779724
4.546451, C22, 6.215484
36.771296, C22, 4.386092
53.258426, C22, 5.223897
53.608153, C22, 5.531928
56.905579, C22, 6.104771
58.95398, C22, 5.224884
59.103863, C22, 6.880623
68.44656999999999, C22, 5.488425
98.92278, C22, 7.15732
99.322468, C22, 5.237772
105.317788, C22, 4.64159
117.058623, C22, 5.599439
121.954801, C22, 4.682608
141.88924, C22, 4.378217
142.139045, C22, 5.812096
152.281128, C22, 4.628768
163.37247, C22, 4.778469
179.459912, C22, 5.434827
189.102385, C22, 5.115549
234.716778, C22, 4.757991
265.043105, C22, 5.716454
276.534135, C22, 4.980112
293.670758, C22, 5.785914
297.717599, C22, 5.030547
308.309331, C22, 4.801119
318.351492, C22, 5.151747
325.995525, C22, 4.783913
347.578677, C22, 5.149009
354.123568, C22, 4.408417
411.978406, C22, 4.490148
416.374974, C22, 4.748512
430.414015, C22, 4.849704
437.058828, C22, 5.216755
453.246192, C22, 4.542238
463.688041, C22, 7.083409
474.229812, C22, 4.491749
474.429656, C22, 5.786822
475.978447, C22, 4.432594
522.142411, C22, 4.977746
524.790344, C22, 4.516212
554.267334, C22, 4.587551
569.1057510000001, C22, 4.445344
570.6045810000001, C22, 4.889961
656.0378909999999, C22, 7.244414
669.177634, C22, 4.844297
677.97077, C22, 4.910565
682.167494, C22, 4.420123
703.800607, C22, 4.485226
722.585943, C22, 4.70645
742.470421, C22, 5.476013
757.0090719999999, C22, 4.619804
761.105874, C22, 4.528329
761.805328, C22, 5.429633
809.068434, C22, 5.266736
814.414261, C22, 5.956025
829.702327, C22, 4.639191
860.927952, C22, 4.378634
920.7812300000001, C22, 5.303635
922.1801380000001, C22, 6.205928
952.606387, C22, 4.909975
992.475265, C22, 4.377419
1003.616568, C22, 4.879871
1105.537008, C22, 5.871632
1127.070199, C22, 4.725358
1172.884436, C22, 4.863794
1183.526129, C22, 4.776269
1212.153782, C22, 4.595832
1223.145202, C22, 4.433082
1227.04216, C22, 4.570501
1236.484789, C22, 5.013481
4.346607, C23, 12.42149
58.854058, C23, 9.078476
123.153865, C23, 7.497614
178.610575, C23, 7.684664
265.093066, C23, 7.636903
319.7504, C23, 9.883253
353.973685, C23, 8.515411
382.001806, C23, 7.104474
513.748963, C23, 7.548729
524.990188, C23, 6.85957
618.667063, C23, 11.30145
620.215854, C23, 6.9635
650.99183, C23, 8.228143
657.336877, C23, 7.994988
690.810747, C23, 11.43686
695.507081, C23, 6.858612
712.343938, C23, 7.870823
742.620304, C23, 7.391203
791.232357, C23, 7.920582
1211.953938, C23, 11.25935
1223.04528, C23, 7.13785
1227.04216, C23, 7.692388
50.260766, C25, 51.83639
100.071883, C25, 64.19684
127.40055, C25, 88.80794
143.088304, C25, 59.92209
166.669896, C25, 41.43061
201.892401, C25, 93.34459
240.262449, C25, 74.23559
266.491974, C25, 71.11036
276.084486, C25, 73.10444
282.379572, C25, 83.92265
292.621577, C25, 85.1674
318.051726, C25, 58.78481
323.197709, C25, 70.41559
325.545876, C25, 114.1877
401.136869, C25, 33.65668
430.064288, C25, 96.19951
467.285233, C25, 60.33506
504.10649, C25, 98.47276
543.57568, C25, 58.82205
568.05657, C25, 103.618
583.994129, C25, 53.89787
672.2252549999999, C25, 36.79987
677.521121, C25, 71.88367
693.6585240000001, C25, 39.73104
888.456463, C25, 141.3925
1065.16852, C25, 76.9783
1066.117778, C25, 42.38181
1104.337944, C25, 69.62143
1123.173241, C25, 33.13422
1123.672851, C25, 63.57571
1144.156861, C25, 70.10154
1153.499568, C25, 55.55459
1249.424688, C25, 62.23885
7.644033, C26, 15.68895
9.592511999999999, C26, 7.000017
9.9922, C26, 8.037859
12.939899, C26, 7.195353
28.827497, C26, 7.257874
34.47309, C26, 7.339659
36.221725, C26, 11.71753
38.869658, C26, 19.75944
45.714315, C26, 11.48131
50.160844, C26, 9.578031
71.893879, C26, 8.545649
72.093723, C26, 6.777853
73.94228, C26, 10.60946
77.43955, C26, 14.14526
85.93292, C26, 12.41636
100.371649, C26, 9.15638
122.804138, C26, 6.635838
123.803358, C26, 8.638891
125.651915, C26, 8.339705
127.750277, C26, 10.00993
138.841619, C26, 7.569465
153.330309, C26, 11.02689
202.042284, C26, 23.25506
217.33035, C26, 6.763183
217.530194, C26, 11.01832
221.976723, C26, 16.4245
226.073525, C26, 8.719786
238.014204, C26, 14.0937
252.502894, C26, 12.0078
278.182848, C26, 9.895282
280.630937, C26, 9.021599
282.679338, C26, 11.43258
288.524775, C26, 10.22294
320.799581, C26, 11.73694
323.997085, C26, 7.350585
344.930744, C26, 7.313164
346.829262, C26, 8.096746
349.727, C26, 24.1268
366.314052, C26, 12.56863
369.661439, C26, 12.9316
381.402274, C26, 7.341793
388.446775, C26, 13.40252
400.037727, C26, 13.70322
401.18683, C26, 11.3737
415.575598, C26, 12.68876
418.523297, C26, 10.35857
426.816823, C26, 10.08046
439.956566, C26, 7.644639
461.839484, C26, 12.15765
477.427316, C26, 10.73178
484.421856, C26, 12.44728
500.459337, C26, 11.35658
524.140851, C26, 11.94429
525.489797, C26, 6.952523
530.58582, C26, 8.927525
544.474978, C26, 6.412323
548.971468, C26, 14.65827
558.56398, C26, 13.91553
581.446118, C26, 7.045895
583.444558, C26, 6.516413
584.443778, C26, 8.319213
593.636602, C26, 9.540936
600.0815710000001, C26, 11.78254
608.275175, C26, 12.04135
610.02381, C26, 6.575687
632.756065, C26, 12.79877
634.554661, C26, 7.471921
638.951229, C26, 13.82941
651.741245, C26, 7.827693
674.4734999999999, C26, 8.221962
696.156574, C26, 6.400873
714.2424559999999, C26, 10.10351
729.580483, C26, 6.938176
734.826388, C26, 8.435532
743.7194459999999, C26, 9.727292
756.009852, C26, 8.540279
789.4837219999999, C26, 11.65729
791.981772, C26, 11.37342
805.571164, C26, 11.11601
827.154316, C26, 7.732727
833.049714, C26, 9.250032
834.84831, C26, 16.05099
846.788989, C26, 9.504285
900.7468689999999, C26, 6.468432
923.329241, C26, 11.37907
939.966254, C26, 7.659088
944.962354, C26, 15.83039
948.609507, C26, 11.27317
951.25744, C26, 9.729889
954.055256, C26, 11.09023
974.289461, C26, 7.319021
995.1731590000001, C26, 9.953483
1001.618128, C26, 8.728301
1028.796912, C26, 9.934349
1032.144299, C26, 9.707731
1047.082638, C26, 6.744202
1058.273901, C26, 7.245605
1092.397265, C26, 9.878392
1094.695471, C26, 12.22025
1105.287203, C26, 8.113194
1119.076439, C26, 10.16616
1121.424606, C26, 10.85534
1157.846175, C26, 7.063344
1184.425427, C26, 9.277689
1201.911777, C26, 14.6104
1204.809515, C26, 6.568119
1213.902417, C26, 13.36749
1224.244344, C26, 7.173379
46.263886, C27, 9.350533
158.726097, C27, 48.33371
203.541114, C27, 11.3295
209.386551, C27, 72.188
261.046225, C27, 12.20922
291.572396, C27, 9.077829
294.070446, C27, 11.87483
375.157149, C27, 55.44288
409.830083, C27, 65.78284
454.495217, C27, 64.07344
495.463237, C27, 10.04027
525.5897200000001, C27, 8.751908
525.889486, C27, 9.694948
613.171353, C27, 8.682901
619.716244, C27, 8.182211
621.764645, C27, 13.24265
643.397758, C27, 81.3336
649.343117, C27, 108.2747
722.4860210000001, C27, 36.50447
727.482121, C27, 86.14575
730.829508, C27, 11.4586
758.757707, C27, 8.332191
758.90759, C27, 10.22903
804.671866, C27, 42.31792
850.186337, C27, 10.06422
850.735908, C27, 56.57975
852.584465, C27, 12.66413
853.183997, C27, 8.278151
929.924093, C27, 10.03661
988.578307, C27, 21.54503
1009.012356, C27, 98.20991
1164.490988, C27, 59.22783
1.548791, C28, 7.976082
2.847777, C28, 9.456722
5.895398, C28, 9.374022
6.195164, C28, 7.979728
6.99454, C28, 21.96711
8.393447999999999, C28, 15.65767
17.935999, C28, 7.56605
38.320087, C28, 7.106377
73.892319, C28, 10.27661
76.690135, C28, 21.17257
106.317008, C28, 10.0962
166.220247, C28, 7.468458
184.056324, C28, 9.983829
199.594195, C28, 8.199287
201.442752, C28, 14.41279
240.162527, C28, 15.8778
274.885422, C28, 8.201742
282.179728, C28, 7.50162
349.127468, C28, 11.60435
368.812102, C28, 9.777889
403.884724, C28, 7.288465
419.572478, C28, 7.993804
425.367954, C28, 8.939406
439.756722, C28, 10.12434
441.055708, C28, 21.40643
446.801223, C28, 9.042597
620.51562, C28, 7.768391
637.252555, C28, 13.68719
677.271316, C28, 8.919199
678.9699900000001, C28, 11.61021
687.113633, C28, 29.30894
715.0917930000001, C28, 7.196908
715.991091, C28, 13.76176
728.531302, C28, 7.286844
731.678845, C28, 22.10245
774.295578, C28, 13.40081
774.995032, C28, 13.39907
951.107557, C28, 7.354483
1013.059197, C28, 29.3812
1064.768832, C28, 28.67866
1083.254402, C28, 25.09827
1104.337944, C28, 9.601405
1153.09988, C28, 11.77873
1229.240444, C28, 11.56366
1233.087441, C28, 36.58453
1241.580811, C28, 9.499311
1245.727574, C28, 7.347113
12.49025, C29, 16.51574
282.729299, C29, 18.52891
299.566156, C29, 16.02441
582.994909, C29, 16.58146
606.876267, C29, 17.47041
1141.10924, C29, 17.4412
45.764276, C30, 22.62115
178.660536, C30, 7.757069
178.86038, C30, 14.35519
237.914282, C30, 8.137177
238.114126, C30, 15.48495
291.572396, C30, 15.13089
293.920563, C30, 19.49748
622.01445, C30, 8.288811
712.593743, C30, 14.08829
758.5079019999999, C30, 12.92492
812.915431, C30, 21.15557
849.986493, C30, 17.23766
850.635986, C30, 7.62031
932.122377, C30, 14.8695
959.600927, C30, 16.49671
983.332402, C30, 13.57641
1126.870355, C30, 15.30058
1127.769653, C30, 8.599352
1188.921917, C30, 9.022313
66.548052, C31, 9.524731
100.221766, C31, 9.819082
166.020403, C31, 8.381693
184.505973, C31, 7.280481
231.419352, C31, 7.604395
231.968923, C31, 9.638438
282.379572, C31, 16.56603
323.297631, C31, 7.027831
428.915185, C31, 7.591027
464.587339, C31, 7.379027
543.825485, C31, 9.479897
581.346196, C31, 7.845167
607.126072, C31, 8.096248
709.696005, C31, 6.855871
774.145695, C31, 11.51313
787.9848919999999, C31, 9.888876
839.094995, C31, 13.37658
883.860051, C31, 10.03701
953.0560359999999, C31, 8.917809
1003.566607, C31, 6.876945
1003.766451, C31, 9.02972
1013.059197, C31, 7.744307
1064.918715, C31, 8.061046
1083.254402, C31, 6.881086
1085.052998, C31, 8.231581
1085.502647, C31, 7.548182
1093.796173, C31, 7.113468
1094.095939, C31, 8.113594
1118.676751, C31, 6.962776
1157.346565, C31, 10.10203
1157.696292, C31, 9.192748
1158.046019, C31, 7.893623
26.129603, C32, 5.323418
44.115563, C32, 5.040372
64.649534, C32, 3.86917
93.127304, C32, 4.40604
142.588694, C32, 4.075951
143.438031, C32, 3.809147
158.226487, C32, 4.586767
179.160146, C32, 3.993538
179.409951, C32, 9.240401
215.531754, C32, 3.812489
236.915062, C32, 3.916427
238.663697, C32, 4.540631
261.595796, C32, 3.700561
262.195328, C32, 5.754257
273.886202, C32, 4.269324
275.884642, C32, 4.31843
284.378012, C32, 3.823227
291.972084, C32, 6.885497
294.120407, C32, 3.867037
330.74182, C32, 3.950531
331.291391, C32, 3.745706
343.73168, C32, 4.628602
351.375713, C32, 4.023497
358.270331, C32, 4.123691
368.112648, C32, 4.049508
378.304692, C32, 4.116627
431.563118, C32, 3.917394
448.599819, C32, 3.883707
456.793423, C32, 3.899884
471.382035, C32, 3.717564
498.161131, C32, 3.730158
499.560039, C32, 4.659647
502.058089, C32, 3.805885
505.10571, C32, 3.971097
506.005008, C32, 3.99669
510.60142, C32, 3.778886
561.161952, C32, 4.717427
568.706063, C32, 3.995131
572.153372, C32, 3.89357
591.488279, C32, 3.724898
620.165893, C32, 3.723979
621.764645, C32, 3.994912
622.01445, C32, 4.11133
622.214294, C32, 5.018834
647.294716, C32, 4.358505
650.342337, C32, 3.702782
660.784186, C32, 4.589172
667.878648, C32, 4.344774
673.0745920000001, C32, 3.728096
692.659304, C32, 3.730356
712.7436259999999, C32, 4.032091
713.043392, C32, 5.800673
713.44308, C32, 4.184827
724.6343440000001, C32, 4.025877
739.972371, C32, 4.191838
745.41812, C32, 3.93457
758.757707, C32, 9.206011
759.107434, C32, 7.307119
773.346319, C32, 4.112571
813.265158, C32, 4.687632
813.36508, C32, 8.983858
814.114495, C32, 3.761971
829.85221, C32, 3.722811
837.995853, C32, 4.078358
843.241758, C32, 4.55438
850.436142, C32, 4.186648
851.235518, C32, 4.077018
880.512664, C32, 4.111821
892.952953, C32, 4.485904
897.999014, C32, 4.140708
923.379202, C32, 4.85513
927.675848, C32, 4.500251
932.422143, C32, 6.869115
932.721909, C32, 5.448225
946.910833, C32, 3.796
960.100537, C32, 6.588587
980.084937, C32, 3.799756
983.73209, C32, 5.0577
997.021716, C32, 4.611789
1024.550227, C32, 3.843221
1028.447185, C32, 3.817935
1030.245781, C32, 4.155083
1043.535407, C32, 4.073331
1073.911695, C32, 3.729481
1098.292663, C32, 4.49993
1100.64083, C32, 3.860999
1126.670511, C32, 4.661042
1127.170121, C32, 5.436203
1127.369965, C32, 7.275311
1182.626831, C32, 4.131198
1188.921917, C32, 8.083548
1189.471488, C32, 3.960958
1208.506629, C32, 3.862042
1208.806395, C32, 3.979449
1208.956278, C32, 3.772156
1210.005459, C32, 3.784875
1217.04996, C32, 3.95695
1232.53787, C32, 4.183834
99.77211699999999, C33, 109.5617
123.153865, C33, 81.08319
126.151525, C33, 104.4951
165.320949, C33, 126.4304
183.806519, C33, 107.4329
231.469313, C33, 89.33514
281.830001, C33, 115.1936
322.498255, C33, 95.14143
348.927624, C33, 121.5766
368.512336, C33, 104.3045
387.69736, C33, 82.55207
400.287532, C33, 101.3967
428.365614, C33, 117.2072
463.787963, C33, 113.9553
495.912886, C33, 80.71211
531.135391, C33, 114.9585
543.475758, C33, 94.38613
557.514799, C33, 96.99928
580.646742, C33, 111.0996
582.145572, C33, 86.22606
592.487499, C33, 89.14568
606.376657, C33, 114.7251
671.525801, C33, 115.7622
709.496161, C33, 108.6768
774.0457730000001, C33, 82.07481
787.2354769999999, C33, 146.8088
838.395541, C33, 99.7884
873.31828, C33, 84.63573
883.610246, C33, 136.3033
886.507984, C33, 123.3036
921.930333, C33, 119.9164
952.506465, C33, 92.02011
975.638408, C33, 89.68997
1002.967075, C33, 104.909
1018.954595, C33, 82.55803
1030.995196, C33, 100.8043
1059.972575, C33, 114.3261
1084.953076, C33, 87.40601
1093.246602, C33, 110.5199
1118.12718, C33, 118.3906
1120.12562, C33, 87.66914
1140.309864, C33, 104.278
1157.146721, C33, 143.1528
1180.878196, C33, 92.81556
1182.976558, C33, 89.30602
1233.936778, C33, 143.5926
24.331007, C34, 73.76324
29.526951, C34, 8.59627
43.665914, C34, 13.80618
43.915719, C34, 92.42416
58.804097, C34, 9.980231
65.398949, C34, 9.318621
120.605854, C34, 28.29007
131.89704, C34, 61.48769
133.146065, C34, 20.69114
172.915021, C34, 9.325319
210.086005, C34, 10.43343
211.734718, C34, 20.22573
254.151607, C34, 52.51246
333.040026, C34, 55.89686
375.307032, C34, 71.74126
379.253951, C34, 26.84213
379.853483, C34, 75.43559
410.329693, C34, 9.031157
413.377314, C34, 9.643353
470.732542, C34, 10.7933
513.349275, C34, 57.16948
577.599121, C34, 8.062052
602.679543, C34, 81.06683
705.849008, C34, 8.561506
706.44854, C34, 69.25569
828.35338, C34, 9.247129
854.383061, C34, 25.45468
946.561106, C34, 9.272148
982.5330259999999, C34, 37.41478
998.72039, C34, 9.067236
1009.362083, C34, 78.40728
1011.360523, C34, 72.2766
1077.209121, C34, 9.710697
1137.012438, C34, 10.15045
1147.254443, C34, 53.81754
1148.153741, C34, 67.28286
1174.333305, C34, 8.296953
19.734595, C35, 68.74712
87.93136, C35, 37.88311
126.551213, C35, 70.55527
158.975902, C35, 70.56814
209.036824, C35, 64.77454
251.753479, C35, 33.30654
282.129767, C35, 61.61993
311.057186, C35, 65.31076
368.912024, C35, 54.49182
380.902664, C35, 21.7557
394.342173, C35, 62.31791
400.68722, C35, 67.57835
409.780122, C35, 54.67811
424.16889, C35, 15.52348
454.495217, C35, 45.679
468.684141, C35, 64.02285
500.10961, C35, 13.20487
503.157231, C35, 60.44633
523.691202, C35, 46.47323
562.161172, C35, 76.12322
606.7263840000001, C35, 68.90497
639.600722, C35, 12.80235
648.693624, C35, 17.75399
693.058992, C35, 77.42332
714.742066, C35, 54.05592
717.140194, C35, 11.31245
717.539882, C35, 36.18588
722.43606, C35, 46.98167
736.974711, C35, 62.14579
740.721786, C35, 13.77738
813.914651, C35, 41.59464
850.785869, C35, 44.91143
861.127796, C35, 64.91014
893.202758, C35, 78.41695
928.8249510000001, C35, 64.55261
987.1294380000001, C35, 75.38139
1031.294962, C35, 58.09446
1038.289502, C35, 57.78434
1159.944537, C35, 42.58101
1164.391066, C35, 10.17754
1225.293525, C35, 57.53456
10.291966, C36, 61.81955
19.734595, C36, 54.2906
35.022661, C36, 52.21732
37.770516, C36, 42.36677
75.590993, C36, 34.45241
76.39036900000001, C36, 27.47027
98.223326, C36, 32.5854
125.102344, C36, 51.65316
126.501252, C36, 20.30374
164.821339, C36, 51.76716
166.170286, C36, 26.67683
183.806519, C36, 15.14607
200.643376, C36, 43.15303
221.32723, C36, 43.42632
237.214828, C36, 29.98366
238.913502, C36, 34.19226
240.062605, C36, 18.95536
262.595016, C36, 42.38865
280.830781, C36, 56.9776
296.068886, C36, 37.57674
322.74806, C36, 52.85535
345.73012, C36, 38.11933
368.961985, C36, 26.96161
398.938585, C36, 38.25799
427.466316, C36, 41.19983
463.288353, C36, 29.89759
464.587339, C36, 16.72034
474.829344, C36, 10.61674
488.718502, C36, 11.57421
501.358635, C36, 38.56122
503.207192, C36, 18.60826
529.886365, C36, 49.99932
531.435157, C36, 12.47626
557.814565, C36, 36.56673
567.656882, C36, 26.4667
568.3563360000001, C36, 25.75889
581.346196, C36, 27.76939
605.077671, C36, 34.17125
625.261915, C36, 41.30955
633.605402, C36, 32.69113
639.550761, C36, 26.43183
656.587462, C36, 28.87253
659.635083, C36, 49.79392
675.872408, C36, 20.93556
676.771706, C36, 32.18315
695.407159, C36, 37.62276
710.5953029999999, C36, 41.01297
713.992651, C36, 12.84354
714.542222, C36, 18.43872
745.667925, C36, 43.90089
766.301818, C36, 43.86887
788.784268, C36, 36.68442
791.532123, C36, 22.95977
837.3963209999999, C36, 43.80103
838.745268, C36, 24.88339
851.235518, C36, 40.73145
873.168397, C36, 13.77332
885.3089199999999, C36, 38.15816
901.746089, C36, 13.72078
908.2410190000001, C36, 23.5792
915.335481, C36, 11.31468
920.7812300000001, C36, 39.56335
934.220739, C36, 27.22138
936.76875, C36, 25.54483
938.26758, C36, 12.0041
940.016215, C36, 31.98546
949.658688, C36, 10.71018
950.657908, C36, 10.13181
950.9077129999999, C36, 29.9655
953.205919, C36, 11.09396
974.988915, C36, 13.40692
976.337862, C36, 24.8458
1002.267621, C36, 41.20997
1020.053737, C36, 10.19414
1027.547887, C36, 32.66302
1040.387864, C36, 31.84397
1046.283261, C36, 38.45092
1058.773512, C36, 18.97975
1059.323083, C36, 26.9932
1091.248162, C36, 52.01942
1092.746992, C36, 20.02262
1093.996017, C36, 19.87839
1102.039738, C36, 14.40693
1102.988997, C36, 11.53275
1103.388685, C36, 25.18727
1118.676751, C36, 37.78707
1120.974957, C36, 18.71365
1139.410566, C36, 49.28801
1149.902376, C36, 15.65124
1158.945317, C36, 30.89429
1183.676012, C36, 28.84475
1203.960178, C36, 21.31211
1213.103041, C36, 41.58989
1224.294305, C36, 17.32069
1225.243564, C36, 22.88327
1226.742394, C36, 13.08836
1228.191263, C36, 18.47276
1232.088221, C36, 16.18848
1244.478549, C36, 12.31221
43.96568, C37, 9.601281
131.797118, C37, 10.22032
235.765959, C37, 7.897992
254.051685, C37, 9.29796
333.040026, C37, 16.28569
375.406954, C37, 14.50588
375.70672, C37, 11.06098
379.403834, C37, 7.45608
379.903444, C37, 20.63391
395.241471, C37, 20.44106
497.161911, C37, 44.16842
498.560819, C37, 6.900463
499.210312, C37, 20.88815
513.399236, C37, 15.15943
602.679543, C37, 25.62338
632.4562989999999, C37, 5.76223
633.155753, C37, 6.159636
706.598423, C37, 16.82499
947.610287, C37, 34.46468
1009.412044, C37, 20.9369
1011.71025, C37, 6.519388
1140.259903, C37, 14.06044
1147.454287, C37, 6.087882
1148.303624, C37, 7.556164
1233.587051, C37, 47.30888
1238.283385, C37, 10.80302
1239.882137, C37, 5.683208
1245.277925, C37, 32.7651
6.744735, C38, 4.779062
45.814237, C38, 24.93427
66.148364, C38, 5.103588
116.359169, C38, 5.350453
122.604294, C38, 8.874861
123.653475, C38, 5.143196
129.898599, C38, 5.047545
138.142165, C38, 22.60762
156.577774, C38, 5.191969
166.470052, C38, 20.14208
178.710497, C38, 26.0604
189.152346, C38, 5.519565
237.714438, C38, 5.32738
263.044665, C38, 19.96564
293.920563, C38, 13.09958
299.416273, C38, 9.462425
309.808161, C38, 4.850126
338.23597, C38, 5.32189
344.531056, C38, 15.23152
344.830822, C38, 6.894922
347.178989, C38, 6.443596
366.264091, C38, 18.17021
373.258631, C38, 9.677555
385.69892, C38, 13.37971
398.18917, C38, 10.93412
433.411675, C38, 18.30775
439.357034, C38, 4.787316
439.456956, C38, 6.957795
464.037768, C38, 4.988663
476.977667, C38, 8.877917
541.527279, C38, 18.82281
543.875446, C38, 13.46332
580.346976, C38, 4.999203
580.496859, C38, 11.84834
604.4781390000001, C38, 13.7657
619.466439, C38, 10.52902
655.188554, C38, 17.80955
657.186994, C38, 6.250149
672.924709, C38, 7.188609
675.2229149999999, C38, 5.56564
684.066012, C38, 5.60033
709.9458100000001, C38, 9.252467
711.44464, C38, 6.325354
712.343938, C38, 6.229869
756.659345, C38, 5.199649
762.1550549999999, C38, 5.492526
762.454821, C38, 6.194357
763.953651, C38, 7.90048
785.38692, C38, 5.287093
785.536803, C38, 4.867172
801.774128, C38, 12.20857
816.962272, C38, 13.40999
850.386181, C38, 11.26607
884.259739, C38, 5.121595
893.602446, C38, 11.95271
906.79215, C38, 18.37683
947.860092, C38, 5.720726
951.507245, C38, 18.43727
992.075577, C38, 16.95709
1016.70635, C38, 14.40503
1042.136499, C38, 5.306881
1042.68607, C38, 12.46967
1042.935874, C38, 6.247748
1081.855494, C38, 16.9439
1102.13966, C38, 18.65796
1119.426166, C38, 13.94482
1150.202142, C38, 16.42884
1166.289584, C38, 4.779928
1167.938297, C38, 18.0453
1190.720513, C38, 13.60171
1233.137402, C38, 9.261344
1201.811855, C39, 6.760962
1223.994539, C39, 6.778535
3.247465, C40, 16.58844
6.245125, C40, 16.28938
16.736934, C40, 16.16723
24.580812, C40, 8.833355
61.302147, C40, 15.72225
64.59957300000001, C40, 15.78452
83.03518200000001, C40, 17.73057
109.264707, C40, 18.48817
111.812718, C40, 11.48862
134.544973, C40, 16.00357
153.829919, C40, 17.82658
171.466152, C40, 11.37951
190.201527, C40, 11.35269
191.100825, C40, 9.205991
227.522394, C40, 18.80769
247.356911, C40, 17.22817
251.553635, C40, 11.62063
271.438113, C40, 7.976971
273.236709, C40, 11.29866
294.470134, C40, 13.3971
307.410033, C40, 17.14208
318.451414, C40, 17.15958
341.23363, C40, 15.89236
342.482655, C40, 13.89214
354.22349, C40, 16.0825
361.967445, C40, 12.31636
363.566197, C40, 10.72069
364.865183, C40, 7.190959
375.756681, C40, 15.49136
394.6919, C40, 10.79154
406.382774, C40, 12.30378
420.721581, C40, 15.25221
425.118149, C40, 8.899666
451.947206, C40, 14.36781
458.64198, C40, 11.49911
470.882425, C40, 10.20719
481.773923, C40, 17.07061
488.019048, C40, 11.09147
490.267293, C40, 12.84524
499.959727, C40, 11.08229
518.395336, C40, 15.65855
526.13929, C40, 12.36677
526.58894, C40, 8.914062
544.425017, C40, 23.6062
548.971468, C40, 12.97077
552.618621, C40, 17.78809
553.6678020000001, C40, 7.792906
569.455478, C40, 15.73117
575.0011490000001, C40, 12.72866
578.598341, C40, 20.94653
599.831766, C40, 13.83802
602.3298160000001, C40, 16.02526
614.070651, C40, 14.76941
616.418818, C40, 11.38853
643.99729, C40, 15.28445
665.48052, C40, 15.74609
669.527361, C40, 15.86046
686.414179, C40, 16.5252
688.912229, C40, 11.58601
696.6561840000001, C40, 16.37066
702.051972, C40, 14.57281
706.44854, C40, 10.9724
723.735046, C40, 17.43554
739.073073, C40, 18.50044
756.059813, C40, 8.112341
756.309618, C40, 7.804038
757.208916, C40, 9.201696
772.996592, C40, 19.73076
774.645305, C40, 11.89061
778.142575, C40, 11.29972
779.241717, C40, 9.712419
796.8779500000001, C40, 14.8162
804.3721, C40, 15.92101
826.85455, C40, 8.261721
827.8537700000001, C40, 13.00931
830.701547, C40, 9.017262
852.684387, C40, 8.125907
855.632086, C40, 14.1049
866.1238959999999, C40, 9.171234
866.32374, C40, 8.185541
878.364341, C40, 15.62888
900.29722, C40, 8.422944
915.435403, C40, 15.51027
929.074756, C40, 7.744278
934.820271, C40, 16.49033
957.202799, C40, 13.30019
970.392503, C40, 11.3351
989.477605, C40, 13.12651
1012.909314, C40, 17.7888
1014.70791, C40, 13.66711
1053.077958, C40, 13.73092
1076.859394, C40, 9.539688
1088.550268, C40, 18.52233
1098.742312, C40, 14.73334
1112.231782, C40, 9.424278
1112.481587, C40, 10.44166
1113.980417, C40, 7.268361
1115.579169, C40, 9.439304
1116.878155, C40, 9.126028
1136.712672, C40, 12.42663
1165.939857, C40, 17.05373
1176.431667, C40, 13.95383
1178.030419, C40, 10.02941
1188.222463, C40, 14.37501
1194.817315, C40, 14.83436
1198.464468, C40, 18.2197
1218.798595, C40, 10.33624
1218.998439, C40, 7.289863
1239.982059, C40, 19.28873
72.89309900000001, C41, 6.085092
116.559013, C41, 9.180565
163.672236, C41, 6.176702
164.271768, C41, 5.882766
199.194507, C41, 7.262451
199.494273, C41, 5.092068
201.292869, C41, 7.367838
209.236668, C41, 9.529276
224.175007, C41, 5.312242
231.719118, C41, 7.6463
233.068065, C41, 6.41626
239.962683, C41, 5.620148
252.053245, C41, 5.640974
263.144587, C41, 5.162364
332.890143, C41, 5.091865
368.662219, C41, 7.940293
374.907344, C41, 8.7387
396.740301, C41, 5.514901
409.830083, C41, 9.317268
425.917525, C41, 8.80842
480.574859, C41, 5.262118
495.61312, C41, 6.762801
496.212652, C41, 5.360388
498.910546, C41, 6.363044
526.189252, C41, 5.137045
527.038589, C41, 5.445795
577.1494719999999, C41, 6.011578
605.077671, C41, 7.220687
615.369637, C41, 6.088936
640.300176, C41, 7.474135
658.98559, C41, 8.355152
671.97545, C41, 5.342197
685.96453, C41, 6.137737
687.813087, C41, 5.046442
709.4462, C41, 5.356206
722.535982, C41, 6.069249
735.375959, C41, 6.703489
747.716326, C41, 5.720658
747.91617, C41, 5.151827
748.016092, C41, 7.086215
787.485282, C41, 8.964111
835.497803, C41, 5.934258
836.097335, C41, 5.372242
838.595385, C41, 5.168075
846.239418, C41, 5.18792
850.785869, C41, 5.828422
918.28318, C41, 5.071702
922.379982, C41, 7.254586
1000.568947, C41, 5.446172
1058.67359, C41, 5.407837
1090.998357, C41, 5.985043
1093.446446, C41, 5.765859
1123.572929, C41, 5.349987
1157.396526, C41, 6.102703
1161.343445, C41, 6.909063
1181.07804, C41, 8.175236
1186.174062, C41, 5.375599
1197.715053, C41, 5.229421
1199.463688, C41, 5.061306
1223.644812, C41, 11.0289
1225.343486, C41, 5.255605
15.338027, C42, 4.849704
24.031241, C42, 6.445975
24.430929, C42, 5.365146
51.160064, C42, 4.937684
52.509011, C42, 5.247029
64.59957300000001, C42, 10.18579
73.09294300000001, C42, 5.465529
104.118724, C42, 4.976618
158.676136, C42, 5.389233
179.709717, C42, 5.773714
199.544234, C42, 5.504239
211.33503, C42, 7.442983
251.853401, C42, 7.997498
291.972084, C42, 5.200116
375.157149, C42, 7.894335
409.880044, C42, 5.805155
426.017447, C42, 5.067932
577.199433, C42, 7.075112
602.629582, C42, 7.635736
640.250215, C42, 5.722308
717.290077, C42, 7.936244
772.596904, C42, 6.976264
798.626585, C42, 5.832174
834.098895, C42, 7.641012
846.1894569999999, C42, 5.467412
918.28318, C42, 6.122857
929.224639, C42, 5.185796
929.974054, C42, 6.397021
1000.568947, C42, 6.399125
1008.762551, C42, 5.256695
1008.912434, C42, 5.507056
1038.439384, C42, 6.013391
1070.614268, C42, 6.765459
1244.0289, C42, 5.130414
33.02422, C43, 33.35685
68.64641399999999, C43, 79.37906
70.994581, C43, 29.79309
92.97742100000001, C43, 21.49208
104.118724, C43, 83.75051
109.614434, C43, 97.65178
111.41303, C43, 28.64707
148.184326, C43, 73.23473
150.132805, C43, 57.69702
151.88144, C43, 22.06355
154.979022, C43, 71.25941
162.673016, C43, 26.55421
169.417751, C43, 79.80257
172.315489, C43, 89.68256
195.797159, C43, 75.61959
206.239008, C43, 95.02755
212.933782, C43, 52.08336
234.217168, C43, 22.1221
248.30617, C43, 51.80909
249.405312, C43, 60.22794
253.052465, C43, 39.63367
273.836241, C43, 70.00835
277.133667, C43, 63.78719
288.974424, C43, 47.53426
303.912763, C43, 94.93257
306.710579, C43, 53.24885
312.156328, C43, 74.67221
315.153988, C43, 32.36668
319.100907, C43, 19.40556
358.120448, C43, 89.60059
359.469395, C43, 19.96809
363.71608, C43, 64.93973
395.990886, C43, 43.70891
418.523297, C43, 28.30404
435.759842, C43, 26.70033
447.250872, C43, 22.01323
448.15017, C43, 64.87535
452.796543, C43, 73.18976
458.741902, C43, 62.49453
492.465577, C43, 20.76482
493.564719, C43, 33.68898
507.803604, C43, 116.8504
509.702122, C43, 22.32687
521.59284, C43, 27.07374
522.392215, C43, 48.18926
524.340695, C43, 20.95535
527.63812, C43, 79.46611
539.378956, C43, 73.98481
547.7724040000001, C43, 56.40508
554.06749, C43, 47.10399
568.855946, C43, 21.80086
579.347756, C43, 41.8417
600.681103, C43, 21.86872
601.5804010000001, C43, 25.75587
622.564021, C43, 39.45901
625.9114080000001, C43, 38.88218
629.708444, C43, 90.38605
640.100332, C43, 61.55946
641.049591, C43, 38.87958
641.599162, C43, 25.75803
645.246315, C43, 45.66021
646.545301, C43, 29.4831
648.343897, C43, 20.44035
652.540621, C43, 35.2477
667.8286869999999, C43, 20.14193
680.069132, C43, 42.03224
685.414959, C43, 72.49962
686.214335, C43, 26.021
687.713165, C43, 45.91395
695.8068469999999, C43, 24.065
716.890389, C43, 67.05036
720.087893, C43, 47.08346
734.726466, C43, 84.42315
741.271357, C43, 58.96582
747.716326, C43, 68.37646
748.41578, C43, 24.66338
750.014532, C43, 33.25192
755.810008, C43, 54.56266
756.509462, C43, 25.62949
775.4446809999999, C43, 76.66331
776.443901, C43, 53.29367
792.681226, C43, 24.3887
796.078574, C43, 33.99091
811.766328, C43, 25.83872
812.565704, C43, 25.95376
866.673467, C43, 61.58981
879.963093, C43, 88.99905
882.760909, C43, 19.76336
914.685988, C43, 37.29402
917.383882, C43, 47.53893
923.629007, C43, 48.53525
946.361262, C43, 45.92768
968.394063, C43, 83.43884
969.942854, C43, 34.87643
977.287121, C43, 51.13062
982.832792, C43, 23.89355
998.120858, C43, 84.13606
1014.108378, C43, 103.1645
1024.500266, C43, 23.61263
1032.144299, C43, 38.10203
1032.543987, C43, 26.57849
1069.665009, C43, 62.55938
1071.113879, C43, 62.98238
1073.412084, C43, 47.51658
1075.560408, C43, 25.85664
1137.262243, C43, 30.6729
1146.355145, C43, 84.26291
1147.60417, C43, 29.33421
1155.398086, C43, 54.08088
1160.843835, C43, 72.9137
1162.542509, C43, 28.78953
1165.09052, C43, 50.70087
1174.0835, C43, 99.82984
1178.230263, C43, 76.17983
1200.462908, C43, 33.02844
1217.249804, C43, 29.63415
1219.54801, C43, 72.10355
1221.346606, C43, 37.00967
1231.138962, C43, 22.70051
13.239665, C44, 72.43425
38.420009, C44, 62.20899
50.010961, C44, 52.84231
123.003982, C44, 60.35399
166.769818, C44, 60.46288
240.712098, C44, 60.42198
265.942403, C44, 52.86677
299.965844, C44, 61.37906
323.397553, C44, 52.06886
352.774621, C44, 16.02929
411.428835, C44, 14.56083
421.371074, C44, 14.13811
429.414795, C44, 62.74505
466.335974, C44, 14.39084
467.385155, C44, 26.99241
504.10649, C44, 56.69023
531.834845, C44, 62.68954
535.1322699999999, C44, 45.96279
584.893427, C44, 51.7341
678.020731, C44, 63.24242
714.94191, C44, 31.93273
715.591403, C44, 18.90903
766.351779, C44, 56.08269
794.3799, C44, 38.10091
839.144956, C44, 49.11304
874.117656, C44, 53.43473
925.877252, C44, 12.69726
945.1122370000001, C44, 58.23915
978.436224, C44, 50.24543
980.684469, C44, 21.61809
1032.793791, C44, 54.42046
1064.868754, C44, 51.78168
1070.314503, C44, 14.58594
1086.002257, C44, 52.52149
1144.1069, C44, 52.47269
1183.676012, C44, 58.29241
1225.343486, C44, 25.29435
1245.277925, C44, 53.55962
10.291966, C45, 13.26967
34.523051, C45, 49.28119
37.520711, C45, 7.750656
76.290447, C45, 25.58308
116.808818, C45, 6.916909
124.253007, C45, 11.60929
124.602734, C45, 10.92841
125.052383, C45, 27.14365
126.201486, C45, 8.403887
164.121885, C45, 8.187117
164.821339, C45, 41.28072
199.444312, C45, 9.725813
203.491153, C45, 7.825637
231.719118, C45, 32.31633
238.663697, C45, 8.519318
239.962683, C45, 8.441031
263.144587, C45, 41.36843
279.631717, C45, 7.515442
280.431093, C45, 35.57169
321.74884, C45, 6.667237
342.832382, C45, 12.41328
366.963545, C45, 14.74995
368.362453, C45, 6.909953
400.387454, C45, 27.27182
426.317213, C45, 7.173269
427.016667, C45, 31.03979
462.239172, C45, 40.65942
496.162691, C45, 6.822006
500.958947, C45, 41.97243
526.838745, C45, 38.14062
528.837185, C45, 11.28172
529.9862869999999, C45, 12.92267
531.135391, C45, 8.645599
556.5655400000001, C45, 14.61451
557.514799, C45, 14.92857
579.947288, C45, 37.07012
582.2954549999999, C45, 6.915661
603.928568, C45, 8.490684
604.677983, C45, 6.957349
605.077671, C45, 40.17525
633.805246, C45, 22.91269
634.254895, C45, 20.2408
636.802906, C45, 8.514193
637.6022819999999, C45, 17.30458
658.9356289999999, C45, 42.98875
671.076152, C45, 10.79127
673.47428, C45, 10.53657
675.572642, C45, 7.216368
676.97155, C45, 7.74151
710.645264, C45, 6.696786
714.692105, C45, 12.92127
744.368939, C45, 23.12594
788.7343069999999, C45, 18.44427
790.333059, C45, 8.211685
816.36274, C45, 22.31135
836.84675, C45, 34.0235
885.358881, C45, 17.39242
919.981854, C45, 43.06843
950.208259, C45, 13.13212
973.340202, C45, 37.10831
1000.768791, C45, 7.723135
1030.995196, C45, 7.534176
1058.423785, C45, 38.96061
1060.122458, C45, 7.813763
1090.948396, C45, 18.67446
1118.027258, C45, 8.986098
1118.277063, C45, 6.948901
1138.661151, C45, 36.82368
1140.409786, C45, 12.85385
1157.59637, C45, 9.128929
1181.028079, C45, 43.24308
1201.661972, C45, 41.5051
1223.644812, C45, 7.066582
1223.844656, C45, 48.2704
1231.788455, C45, 15.15182
1232.338026, C45, 8.547485
18.48557, C46, 5.856373
93.077343, C46, 7.824351
109.714356, C46, 6.686546
147.934521, C46, 7.163817
401.136869, C46, 19.00169
426.417135, C46, 7.462515
435.110349, C46, 7.154448
493.864485, C46, 5.741573
530.385976, C46, 9.678614
635.00431, C46, 5.870927
648.6436629999999, C46, 7.124922
648.843507, C46, 5.956288
660.034771, C46, 31.46615
714.542222, C46, 5.516513
714.891949, C46, 9.675061
715.241676, C46, 12.94629
802.0239330000001, C46, 8.461339
802.37366, C46, 8.195847
819.010673, C46, 5.689117
904.044295, C46, 13.74176
974.5892270000001, C46, 11.2228
1009.112278, C46, 15.92034
1046.333223, C46, 6.324155
1063.819573, C46, 7.497711
1064.119339, C46, 5.983547
1070.864074, C46, 15.15201
1073.611928, C46, 10.01141
1073.961656, C46, 8.063902
1075.510447, C46, 11.80143
1138.261463, C46, 7.221438
1226.54255, C46, 33.14649
1232.837636, C46, 10.41729
1237.583931, C46, 9.282818
1238.683073, C46, 6.843148
45.664354, C47, 70.38515
127.000862, C47, 19.03767
138.042243, C47, 72.46709
166.270208, C47, 65.47585
178.560614, C47, 96.77424
262.994704, C47, 72.34489
293.720719, C47, 96.41661
299.26639, C47, 41.60889
344.531056, C47, 91.14745
347.079067, C47, 22.74622
366.21413, C47, 56.08759
373.108748, C47, 83.47909
385.499076, C47, 67.90894
397.889404, C47, 64.78398
433.311753, C47, 82.94033
439.506917, C47, 27.04967
476.877745, C47, 69.26308
541.427357, C47, 75.52779
543.875446, C47, 46.08918
580.346976, C47, 70.13823
604.3782169999999, C47, 75.9919
619.466439, C47, 82.80785
622.863787, C47, 18.11115
655.188554, C47, 71.16272
657.137033, C47, 27.77173
657.48676, C47, 48.49389
659.834927, C47, 19.47869
672.674904, C47, 67.59301
675.073032, C47, 17.34344
684.0160509999999, C47, 37.78796
691.110513, C47, 23.69007
709.795927, C47, 72.18084
711.494601, C47, 17.12904
712.343938, C47, 30.57954
758.40798, C47, 42.7389
762.1550549999999, C47, 23.0888
762.454821, C47, 23.66161
763.7538070000001, C47, 28.68732
764.303378, C47, 37.91772
765.802208, C47, 16.24453
766.6515450000001, C47, 30.78197
785.137115, C47, 58.21952
801.524323, C47, 43.94667
816.762428, C47, 70.78586
818.511063, C47, 39.83814
850.386181, C47, 52.70871
893.552485, C47, 56.81097
906.842111, C47, 73.87399
951.557206, C47, 63.75665
956.1536180000001, C47, 44.85177
992.025616, C47, 57.35424
1016.506506, C47, 64.99765
1042.536186, C47, 86.31977
1081.755572, C47, 52.70455
1102.039738, C47, 81.55001
1119.526088, C47, 71.71449
1128.169341, C47, 19.68942
1150.152181, C47, 79.81816
1167.938297, C47, 72.98037
1190.520669, C47, 69.31667
1219.797815, C47, 21.10821
1232.837636, C47, 58.19586
24.131163, C48, 4.67293
45.314627, C48, 3.884704
96.67453500000001, C48, 4.314135
98.073443, C48, 4.270765
112.612094, C48, 3.835912
121.655035, C48, 4.402924
137.142945, C48, 4.660212
138.641775, C48, 4.038258
141.989162, C48, 14.23591
163.622275, C48, 4.548046
176.312369, C48, 3.682871
192.100045, C48, 34.81528
227.422472, C48, 3.651027
228.121926, C48, 3.98497
312.556016, C48, 3.804854
343.032226, C48, 23.91179
346.179769, C48, 11.94197
364.915144, C48, 5.959539
366.014286, C48, 5.208459
392.243811, C48, 3.895381
393.842563, C48, 3.580798
396.490496, C48, 3.87925
418.273492, C48, 4.088461
421.67084, C48, 3.72321
432.862104, C48, 4.772377
437.308633, C48, 3.731539
447.250872, C48, 4.632777
469.183751, C48, 3.901003
482.073689, C48, 4.119533
488.268853, C48, 4.14355
488.61858, C48, 3.999709
489.218112, C48, 4.047905
491.566279, C48, 4.209782
509.752083, C48, 4.608512
521.243113, C48, 15.99158
542.07685, C48, 3.88842
543.675602, C48, 4.132704
555.466398, C48, 4.091154
576.200213, C48, 4.816134
577.699043, C48, 39.93963
580.646742, C48, 4.763395
591.03863, C48, 8.753958
602.579621, C48, 5.032295
632.156533, C48, 4.057752
632.4562989999999, C48, 3.621773
653.939529, C48, 3.643211
659.0355510000001, C48, 28.08251
686.514101, C48, 3.909229
723.1355139999999, C48, 3.786582
735.375959, C48, 3.89085
740.871669, C48, 4.244247
765.1527149999999, C48, 3.688607
765.252637, C48, 3.785782
766.501662, C48, 3.658273
768.000492, C48, 3.631484
771.497762, C48, 4.384922
773.746007, C48, 20.21969
778.792068, C48, 3.776271
780.490742, C48, 9.088167
780.940391, C48, 21.04242
838.34558, C48, 4.435851
852.984153, C48, 4.128496
871.419762, C48, 19.99051
872.7687089999999, C48, 6.418727
882.760909, C48, 4.005373
901.696128, C48, 4.22151
906.942033, C48, 3.727894
908.091136, C48, 4.299165
910.139537, C48, 4.012895
912.6375870000001, C48, 14.56349
916.634467, C48, 4.447649
927.975614, C48, 4.310185
928.525185, C48, 3.766914
939.466644, C48, 3.883204
943.213719, C48, 3.981982
943.463524, C48, 3.671622
947.76017, C48, 4.257788
966.195779, C48, 3.584548
976.887433, C48, 3.720973
978.835912, C48, 3.595671
981.23404, C48, 3.809136
995.422964, C48, 3.933156
1008.063097, C48, 3.599115
1016.106818, C48, 4.558197
1018.155219, C48, 3.616096
1026.898394, C48, 4.152056
1031.894493, C48, 4.120871
1054.227061, C48, 23.22919
1066.067818, C48, 3.830705
1071.263762, C48, 4.287147
1071.413645, C48, 3.609226
1079.507327, C48, 4.594728
1102.889075, C48, 4.619527
1115.579169, C48, 3.956997
1117.977297, C48, 4.021348
1120.075659, C48, 4.324337
1137.911736, C48, 33.38832
1157.09676, C48, 5.447875
1166.789194, C48, 3.794148
1175.132681, C48, 4.267111
1187.622931, C48, 4.537842
1191.819655, C48, 34.97192
1218.648712, C48, 3.92497
1221.396567, C48, 4.394011
1223.444968, C48, 6.910697
1233.936778, C48, 43.36094
1246.876677, C48, 3.854461
70.49497100000001, C49, 52.46792
110.763537, C49, 35.67527
158.676136, C49, 37.37725
195.797159, C49, 9.712475
203.241348, C49, 36.62399
212.983743, C49, 36.84986
228.871341, C49, 6.022519
276.184408, C49, 43.60609
311.107147, C49, 36.06753
314.654378, C49, 38.32266
318.951024, C49, 12.82445
338.435814, C49, 32.98181
341.133708, C49, 17.91139
359.869083, C49, 28.42875
377.555277, C49, 45.67881
380.952625, C49, 14.98773
406.232891, C49, 45.31932
409.830083, C49, 34.79319
452.746582, C49, 9.137302
454.395295, C49, 29.25669
469.433556, C49, 26.16031
490.866825, C49, 36.00774
499.410156, C49, 17.91234
500.159571, C49, 19.4876
561.911367, C49, 16.70632
570.6045810000001, C49, 33.57887
588.490619, C49, 6.584122
717.140194, C49, 41.47139
718.838868, C49, 27.30508
722.3860989999999, C49, 33.469
757.1089940000001, C49, 36.13409
794.7296270000001, C49, 40.7234
796.1285350000001, C49, 9.101286
798.077014, C49, 22.75955
801.674206, C49, 16.63928
803.073114, C49, 6.653797
803.772568, C49, 12.38558
805.071554, C49, 14.37982
808.418941, C49, 10.72998
811.916211, C49, 31.54565
850.785869, C49, 23.03952
928.575146, C49, 13.08759
929.124717, C49, 27.25775
930.923313, C49, 24.58858
957.5525259999999, C49, 27.58543
983.532246, C49, 8.936807
983.782051, C49, 20.62106
984.381583, C49, 22.592
985.380803, C49, 7.968786
1013.408924, C49, 26.60132
1038.439384, C49, 41.35924
1166.389506, C49, 23.43954
1177.58077, C49, 14.6986
1203.710373, C49, 5.867313
1217.099921, C49, 24.91852
212.883821, C50, 72.17178
234.167207, C50, 56.67779
255.80032, C50, 16.12318
336.087647, C50, 94.44933
339.884683, C50, 86.29527
341.083747, C50, 23.17639
407.631799, C50, 7.906177
470.782503, C50, 12.98507
471.032308, C50, 50.57294
563.660002, C50, 64.87044
588.2907750000001, C50, 29.32338
600.681103, C50, 56.13169
720.287737, C50, 48.43792
722.885709, C50, 78.54147
724.6343440000001, C50, 8.538197
735.026232, C50, 9.000124
756.509462, C50, 12.73707
758.058253, C50, 7.579074
783.138675, C50, 7.43097
795.129315, C50, 59.64053
796.728067, C50, 14.91407
798.126975, C50, 7.206924
798.426741, C50, 63.84237
808.169136, C50, 9.859903
846.83895, C50, 81.84514
886.607906, C50, 6.894804
931.922533, C50, 40.54186
959.151278, C50, 61.36104
982.982675, C50, 91.19398
985.130998, C50, 50.61951
988.928034, C50, 14.30064
1037.19036, C50, 70.61138
1039.038917, C50, 30.86442
1099.441766, C50, 41.41121
1126.320784, C50, 58.87979
1166.139701, C50, 50.72377
1188.622151, C50, 9.669964
1208.406707, C50, 58.53016
1226.092901, C50, 55.45224
36.171764, C51, 7.445595
76.690135, C51, 9.314915
76.889979, C51, 14.21892
116.559013, C51, 7.540248
116.808818, C51, 13.21714
117.108584, C51, 16.1363
117.40835, C51, 13.02882
164.071924, C51, 20.54943
199.094585, C51, 27.28303
200.043844, C51, 7.708204
240.062605, C51, 7.422487
279.132107, C51, 9.979746
279.431873, C51, 7.832215
279.631717, C51, 10.81248
280.331171, C51, 8.100578
401.236791, C51, 10.50809
425.917525, C51, 8.0204
426.117369, C51, 8.956473
495.962847, C51, 7.719764
496.312574, C51, 8.425219
499.260273, C51, 12.61725
504.156451, C51, 7.983092
787.685126, C51, 7.485728
788.034853, C51, 9.964626
835.098115, C51, 10.71973
835.597725, C51, 18.69986
835.947452, C51, 10.85117
857.280799, C51, 20.51061
947.460404, C51, 7.441577
947.810131, C51, 16.85518
948.309741, C51, 8.558903
1001.318362, C51, 11.6665
1090.898435, C51, 9.499727
1091.398045, C51, 7.533424
1118.077219, C51, 8.634633
1119.026478, C51, 9.779804
1157.796214, C51, 9.068681
1157.996058, C51, 20.99741
1181.128001, C51, 11.29915
1223.744734, C51, 10.47641
1224.0445, C51, 21.67543
1228.690873, C51, 8.16574
201.942362, C52, 15.24683
76.490291, C53, 73.15948
80.287327, C53, 5.346113
116.559013, C53, 51.65641
117.208506, C53, 23.86361
121.005542, C53, 6.259869
126.501252, C53, 9.935371
163.422431, C53, 87.75938
165.820559, C53, 12.9548
199.044624, C53, 98.64097
201.392791, C53, 35.11869
240.012644, C53, 51.41083
279.182068, C53, 79.49456
368.762141, C53, 71.46103
400.587298, C53, 60.71851
425.917525, C53, 30.16626
426.317213, C53, 50.46297
429.16499, C53, 7.554508
495.713042, C53, 22.53392
496.012808, C53, 48.04267
498.960507, C53, 51.93857
503.10727, C53, 5.585964
604.827866, C53, 53.70568
606.7263840000001, C53, 6.281666
671.825567, C53, 69.68546
714.692105, C53, 79.49161
722.43606, C53, 9.015369
787.485282, C53, 72.65808
791.182396, C53, 66.13815
835.447842, C53, 23.40327
835.797569, C53, 18.94769
836.097335, C53, 17.28637
836.397101, C53, 5.866188
838.545424, C53, 12.85263
850.785869, C53, 13.2106
857.3307600000001, C53, 26.30087
883.760129, C53, 75.84498
886.7078279999999, C53, 6.61998
922.28006, C53, 74.92247
947.510365, C53, 73.41639
952.656348, C53, 6.27767
1000.518986, C53, 79.37395
1003.616568, C53, 12.49337
1090.798513, C53, 64.41859
1093.296563, C53, 8.669937
1118.077219, C53, 70.79153
1120.525308, C53, 24.03484
1157.496448, C53, 57.58655
1159.894576, C53, 7.088261
1180.978118, C53, 83.83647
1223.594851, C53, 18.31056
1223.894617, C53, 16.18904
1224.094461, C53, 21.87827
14.438729, C54, 20.07563
18.885258, C54, 78.33554
21.133503, C54, 65.61281
47.862638, C54, 10.8735
48.861858, C54, 13.53888
67.847038, C54, 67.16458
72.94306, C54, 79.20274
120.106244, C54, 69.01044
141.339669, C54, 73.9923
158.726097, C54, 65.42346
200.193727, C54, 22.63224
209.086785, C54, 74.93107
211.384991, C54, 13.53353
212.683977, C54, 17.70736
251.853401, C54, 54.06353
280.580976, C54, 10.96977
311.107147, C54, 54.39819
318.951024, C54, 13.37636
345.480315, C54, 10.85116
406.932345, C54, 22.83045
409.830083, C54, 65.94805
415.075988, C54, 50.13346
424.16889, C54, 12.91105
425.517837, C54, 11.09396
434.860544, C54, 10.90852
454.495217, C54, 46.91851
469.383595, C54, 11.14429
495.513198, C54, 68.93011
500.10961, C54, 30.62048
587.791165, C54, 41.27143
690.0113710000001, C54, 56.09869
722.43606, C54, 55.28003
728.43138, C54, 14.40626
754.810788, C54, 68.79375
759.856849, C54, 17.30712
806.020813, C54, 11.84931
806.4205009999999, C54, 49.75435
850.785869, C54, 59.88683
853.233958, C54, 23.92881
856.781189, C54, 15.76142
857.280799, C54, 22.70128
861.0778350000001, C54, 54.22578
864.6250659999999, C54, 46.64708
928.8249510000001, C54, 68.50854
929.974054, C54, 26.94395
1013.408924, C54, 25.68752
1038.289502, C54, 67.99203
1070.16462, C54, 38.59041
1080.756352, C54, 69.75935
1165.490208, C54, 23.1516
1243.079641, C54, 79.11743
13.189704, C55, 66.52286
22.782216, C55, 36.33108
38.420009, C55, 47.67516
62.051562, C55, 24.4846
74.74165600000001, C55, 55.43429
100.271727, C55, 66.1458
123.003982, C55, 68.30077
126.551213, C55, 31.82724
138.342009, C55, 38.89176
142.238967, C55, 30.18792
158.726097, C55, 47.58563
184.655856, C55, 41.35859
203.441192, C55, 76.00887
240.712098, C55, 57.87133
266.042325, C55, 59.86901
282.179728, C55, 59.86312
300.015805, C55, 61.9566
318.951024, C55, 29.63169
323.197709, C55, 68.27538
367.013506, C55, 26.80832
398.239131, C55, 52.18541
401.136869, C55, 47.00309
409.780122, C55, 67.59817
429.214951, C55, 77.69489
454.495217, C55, 50.8278
464.837144, C55, 56.44174
494.414056, C55, 60.14904
495.463237, C55, 42.55377
500.10961, C55, 28.40082
504.10649, C55, 41.36373
524.990188, C55, 58.6204
525.489797, C55, 27.14524
531.934766, C55, 39.86289
582.944948, C55, 59.0447
586.242374, C55, 40.44501
602.429738, C55, 72.10553
639.350917, C55, 63.26872
651.241635, C55, 59.71346
661.583562, C55, 58.57106
678.370458, C55, 53.64081
686.913789, C55, 55.96272
695.9067690000001, C55, 42.83772
707.397799, C55, 47.53955
714.542222, C55, 73.64899
719.888049, C55, 25.56543
722.4860210000001, C55, 42.35331
747.666365, C55, 28.72101
766.751467, C55, 44.3387
778.192536, C55, 31.22736
791.332279, C55, 61.9431
807.269838, C55, 54.77455
821.308879, C55, 75.58369
835.2479980000001, C55, 66.12731
850.735908, C55, 46.64378
857.280799, C55, 26.62934
870.570425, C55, 36.92948
873.917812, C55, 73.93961
904.643827, C55, 62.1065
922.77967, C55, 55.20469
927.076316, C55, 31.40227
948.7593900000001, C55, 53.28239
953.455724, C55, 26.20517
980.4846250000001, C55, 43.92973
1003.966295, C55, 47.42576
1012.409704, C55, 51.89378
1033.243441, C55, 55.70303
1042.935874, C55, 45.49639
1058.074057, C55, 52.56691
1060.921835, C55, 44.99813
1094.395705, C55, 55.69058
1116.578389, C55, 72.87914
1141.009318, C55, 67.43609
1184.325505, C55, 72.01681
1225.193603, C55, 73.43062
13.239665, C56, 26.12763
14.788456, C56, 8.58138
22.782216, C56, 16.7704
38.46997, C56, 17.82452
50.060922, C56, 16.96303
74.841578, C56, 11.43324
76.490291, C56, 9.826946
77.28966699999999, C56, 7.324913
100.221766, C56, 19.77561
122.854099, C56, 25.6001
158.925941, C56, 10.96045
166.719857, C56, 14.20853
240.81202, C56, 7.658151
265.992364, C56, 18.55246
282.479494, C56, 8.332047
500.059649, C56, 7.85347
524.990188, C56, 17.1147
651.191674, C56, 17.73126
835.497803, C56, 7.453251
948.859312, C56, 10.57337
1228.690873, C56, 7.752625
88.630814, C58, 9.380827
91.42863, C58, 43.90152
131.097664, C58, 103.8243
140.89002, C58, 5.8001
246.507574, C58, 88.06859
248.855741, C58, 9.551056
251.703518, C58, 14.74435
260.846381, C58, 6.00854
309.208629, C58, 17.05858
332.590377, C58, 97.27426
343.431914, C58, 26.09211
377.70516, C58, 9.161435
468.734102, C58, 48.76899
471.032308, C58, 12.77742
561.961328, C58, 112.3293
642.048811, C58, 6.437313
650.99183, C58, 15.46292
715.891169, C58, 87.8857
719.3884389999999, C58, 8.575481
720.587503, C58, 6.036425
731.029352, C58, 10.48706
753.212036, C58, 57.32396
754.4111, C58, 14.35546
758.557863, C58, 5.63709
789.283878, C58, 6.576838
802.123855, C58, 93.93443
803.123075, C58, 19.93848
806.170696, C58, 67.76323
850.136376, C58, 63.66326
893.152797, C58, 80.80289
905.343281, C58, 6.165952
926.376862, C58, 6.317567
1008.512746, C58, 92.95972
1013.508846, C58, 6.209345
1015.307442, C58, 5.632652
1126.720472, C58, 5.382416
1188.672112, C58, 7.872386
1207.757214, C58, 10.81752
1226.242784, C58, 84.64137
19.135063, C59, 8.362717
61.302147, C59, 18.73072
67.14758399999999, C59, 12.24089
84.583973, C59, 10.40433
88.480931, C59, 9.220234
92.62769400000001, C59, 8.895839
94.42628999999999, C59, 8.814307
120.006322, C59, 10.76801
131.147625, C59, 14.52405
148.234287, C59, 10.23038
149.733117, C59, 7.896491
150.032883, C59, 12.69294
150.582454, C59, 39.44388
152.580894, C59, 12.17617
154.479412, C59, 12.56398
162.972782, C59, 8.945169
182.107845, C59, 7.546885
188.752658, C59, 67.45544
198.495053, C59, 39.48973
229.021224, C59, 37.59608
232.518494, C59, 36.35971
251.753479, C59, 7.658084
271.238269, C59, 36.97036
278.582536, C59, 13.53546
309.858122, C59, 8.417953
315.203949, C59, 45.32941
319.350712, C59, 50.42461
332.590377, C59, 8.466321
332.990065, C59, 12.54399
333.389753, C59, 16.85992
353.72388, C59, 8.21954
354.023646, C59, 38.9701
360.068927, C59, 20.56348
394.392134, C59, 12.44337
395.69112, C59, 7.734883
395.890964, C59, 41.06509
419.222751, C59, 22.35995
420.122049, C59, 21.84253
421.820723, C59, 8.410571
423.66928, C59, 9.307693
447.051028, C59, 63.90372
448.100209, C59, 19.51437
451.847284, C59, 10.89944
452.64666, C59, 9.757274
455.194671, C59, 10.58012
468.734102, C59, 22.25355
480.474937, C59, 15.94218
487.269633, C59, 10.96652
487.819204, C59, 16.35082
488.318814, C59, 7.971998
492.365655, C59, 7.954886
520.4437370000001, C59, 59.36972
522.642021, C59, 13.49426
523.691202, C59, 14.27514
538.279814, C59, 10.76963
554.217373, C59, 7.49658
574.301695, C59, 51.9296
575.600681, C59, 12.9088
578.948068, C59, 14.52387
579.297795, C59, 12.55471
599.581961, C59, 15.45588
601.230674, C59, 14.00658
667.1791940000001, C59, 8.661133
667.728765, C59, 10.77678
694.907549, C59, 7.998817
738.623424, C59, 38.67937
772.197216, C59, 48.51417
775.144915, C59, 29.61425
878.114536, C59, 7.966762
880.512664, C59, 45.68394
893.202758, C59, 48.51716
1008.562707, C59, 46.23089
1026.099017, C59, 24.45762
1053.527607, C59, 45.92896
1055.17632, C59, 17.64245
1115.878935, C59, 10.65635
1125.571369, C59, 9.155456
1136.013218, C59, 7.511417
1165.490208, C59, 9.254288
1178.180302, C59, 10.15731
1217.499609, C59, 27.4423
23.081982, C60, 54.08196
73.24282599999999, C60, 45.63187
77.539472, C60, 32.07838
87.881399, C60, 15.23911
107.715916, C60, 40.05064
110.763537, C60, 20.76482
119.156985, C60, 49.63974
149.932961, C60, 43.64785
196.34673, C60, 56.4661
209.636356, C60, 53.76437
222.026684, C60, 10.56159
222.476333, C60, 27.46297
252.852621, C60, 53.18095
259.447473, C60, 31.57818
274.385812, C60, 55.05814
277.083706, C60, 11.23528
277.78316, C60, 30.24223
303.962724, C60, 58.99607
324.196929, C60, 14.38674
331.591157, C60, 16.5159
336.187569, C60, 26.70461
340.284371, C60, 42.12009
341.533396, C60, 24.04877
369.761361, C60, 46.88577
374.307812, C60, 43.93483
407.581838, C60, 16.91612
410.029927, C60, 29.11248
415.425715, C60, 52.54785
418.473336, C60, 35.90469
420.521737, C60, 25.863
453.495997, C60, 42.96492
454.495217, C60, 36.53466
525.939447, C60, 35.48032
562.810665, C60, 22.23375
563.610041, C60, 27.01987
588.390697, C60, 28.501
596.983989, C60, 29.71536
600.0815710000001, C60, 51.51515
612.871587, C60, 47.15937
621.814606, C60, 12.83248
641.149513, C60, 44.83557
642.948109, C60, 23.5391
645.546081, C60, 23.72099
648.6436629999999, C60, 20.06029
652.041011, C60, 10.94213
652.2908159999999, C60, 12.24989
700.802947, C60, 48.70725
717.140194, C60, 36.38596
719.987971, C60, 35.04269
722.43606, C60, 27.44899
723.035592, C60, 15.35033
728.081653, C60, 23.66308
741.521162, C60, 12.70072
748.066053, C60, 38.61481
748.665585, C60, 11.64516
749.464961, C60, 20.16829
755.90993, C60, 14.08235
792.031733, C60, 50.29969
793.280758, C60, 25.0729
794.479822, C60, 19.61293
801.024713, C60, 19.4003
805.271398, C60, 41.76367
806.87015, C60, 17.41234
808.319019, C60, 19.68172
812.4158210000001, C60, 20.74268
822.907631, C60, 42.5192
828.35338, C60, 21.46674
839.6445660000001, C60, 37.62231
841.593045, C60, 13.95787
845.889691, C60, 30.09958
850.6859470000001, C60, 18.4963
852.734348, C60, 27.188
857.2308379999999, C60, 37.58968
867.173077, C60, 12.604
880.712508, C60, 37.4153
887.956853, C60, 37.5289
892.503304, C60, 30.56842
917.633687, C60, 19.06821
923.329241, C60, 51.94907
929.5743660000001, C60, 18.05695
931.872572, C60, 14.61334
946.611067, C60, 18.70486
956.25354, C60, 26.93688
970.24262, C60, 51.87731
981.184079, C60, 45.06435
986.72975, C60, 26.28222
988.977995, C60, 25.41551
998.870273, C60, 44.26228
1014.607988, C60, 48.91049
1036.890594, C60, 10.48818
1161.09364, C60, 44.48925
1164.191222, C60, 12.31002
1200.612791, C60, 25.51404
1225.443408, C60, 38.50631
12.790016, C61, 24.10526
14.588612, C61, 76.92329
39.619073, C61, 87.06228
41.617513, C61, 28.1272
49.811117, C61, 80.11564
51.259986, C61, 47.12035
67.847038, C61, 22.60348
76.490291, C61, 69.84366
84.43409, C61, 84.15434
86.982101, C61, 46.82097
104.868139, C61, 70.29149
106.41693, C61, 17.27401
107.665955, C61, 14.5123
109.214746, C61, 12.55436
120.90562, C61, 9.903174
126.40133, C61, 86.17767
129.049263, C61, 64.64425
132.696416, C61, 21.45784
133.046143, C61, 37.41788
135.294388, C61, 23.11269
140.090644, C61, 13.07329
142.238967, C61, 36.55824
150.532493, C61, 68.28722
167.86896, C61, 13.62058
169.018063, C61, 21.56092
170.666776, C61, 49.84895
172.015723, C61, 27.15072
184.655856, C61, 58.22407
186.804179, C61, 56.23286
191.600435, C61, 19.76974
205.489593, C61, 18.866
228.521614, C61, 13.74643
232.218728, C61, 14.89794
240.162527, C61, 33.85688
245.658237, C61, 55.7296
249.105546, C61, 30.70274
253.552075, C61, 23.51143
262.495094, C61, 34.95785
266.541935, C61, 11.87112
268.490414, C61, 28.26301
282.479494, C61, 43.55994
284.727739, C61, 50.1249
286.126647, C61, 19.90519
288.075126, C61, 11.5853
299.166468, C61, 45.69518
300.76522, C61, 23.84777
308.958824, C61, 32.38608
349.177429, C61, 21.34842
392.893304, C61, 11.22558
420.221971, C61, 16.96113
421.770762, C61, 20.21177
422.520177, C61, 14.95261
449.449156, C61, 45.11889
469.283673, C61, 32.94759
482.62326, C61, 14.49649
482.823104, C61, 10.54355
484.12209, C61, 31.73849
487.819204, C61, 21.19704
500.709142, C61, 23.38619
523.741163, C61, 9.849432
538.279814, C61, 49.6509
544.474978, C61, 9.768018
562.06125, C61, 38.93733
562.810665, C61, 10.01103
573.002709, C61, 18.23507
573.902007, C61, 27.84614
575.350876, C61, 20.97529
575.700603, C61, 13.29193
601.180713, C61, 26.03262
611.972289, C61, 17.2028
625.661603, C61, 14.32287
693.558602, C61, 41.3118
772.996592, C61, 20.30677
777.293238, C61, 37.35823
874.017734, C61, 13.6396
891.2043179999999, C61, 49.19161
894.052095, C61, 33.42014
896.600106, C61, 20.40668
898.998234, C61, 36.65764
969.2434, C61, 14.66573
997.121638, C61, 44.73783
1052.028777, C61, 16.44705
1053.827373, C61, 27.40628
1072.812553, C61, 44.10526
1112.931236, C61, 39.80889
1114.529988, C61, 14.23146
1115.179481, C61, 29.21079
1124.921876, C61, 15.28477
1207.507409, C61, 24.9238
1217.099921, C61, 14.45843
1229.790015, C61, 47.99232
1230.939118, C61, 21.34133
126.40133, C62, 11.99869
171.965762, C62, 10.01995
184.8557, C62, 15.43722
205.539554, C62, 22.36277
228.571575, C62, 15.18474
232.118806, C62, 14.91928
240.162527, C62, 21.42653
245.658237, C62, 15.40773
262.644976, C62, 12.98195
268.590336, C62, 10.23746
282.329611, C62, 15.94012
284.827661, C62, 17.45334
286.176608, C62, 9.63404
299.366312, C62, 15.61572
300.76522, C62, 10.54803
309.058746, C62, 13.1938
349.177429, C62, 27.46859
420.321893, C62, 15.90629
421.770762, C62, 22.36844
422.520177, C62, 17.42641
449.599039, C62, 18.16206
469.283673, C62, 53.80438
482.523338, C62, 28.89816
484.172051, C62, 26.22123
487.919126, C62, 17.19806
500.809064, C62, 18.30957
538.279814, C62, 11.66031
538.529619, C62, 11.51823
562.011289, C62, 55.42315
573.002709, C62, 16.65328
574.001929, C62, 14.92115
575.300915, C62, 24.68629
601.03083, C62, 44.74503
611.822406, C62, 41.88321
625.51172, C62, 29.49182
693.558602, C62, 27.84927
772.996592, C62, 24.98027
777.193316, C62, 35.50303
873.967773, C62, 16.48865
891.2043179999999, C62, 48.06628
894.002134, C62, 37.88282
896.500184, C62, 23.09543
899.048195, C62, 37.16368
969.193439, C62, 17.12274
997.22156, C62, 39.10036
1026.648588, C62, 13.64502
1052.028777, C62, 15.29378
1053.827373, C62, 21.17203
1112.981197, C62, 32.00388
1115.12952, C62, 29.46788
1124.971837, C62, 24.25697
1200.313025, C62, 15.57775
1207.55737, C62, 31.06863
1229.740054, C62, 21.75623
1230.839196, C62, 14.01249
14.288846, C63, 8.982573
14.9883, C63, 5.422085
37.47075, C63, 57.38182
76.340408, C63, 6.512193
99.07266300000001, C63, 44.52004
101.021142, C63, 5.80388
109.264707, C63, 20.54259
135.39431, C63, 5.677942
141.939201, C63, 62.51514
163.37247, C63, 5.590256
168.168726, C63, 7.829242
198.744858, C63, 5.638885
264.893221, C63, 57.80492
278.832341, C63, 9.367534
307.75976, C63, 10.30431
308.858902, C63, 5.456855
423.769202, C63, 5.890907
440.606059, C63, 5.043412
448.999507, C63, 38.12129
449.449156, C63, 15.73587
458.891785, C63, 5.26559
472.031528, C63, 36.73959
480.574859, C63, 12.01723
487.969087, C63, 5.9706
491.11663, C63, 43.1078
493.264953, C63, 38.93395
559.363356, C63, 4.912377
575.6506419999999, C63, 23.19891
614.470339, C63, 5.376904
644.696744, C63, 24.63453
650.941869, C63, 6.335019
659.085512, C63, 62.63189
667.678804, C63, 16.37317
738.42358, C63, 33.97932
740.971591, C63, 12.61307
758.208136, C63, 10.77473
772.996592, C63, 4.904519
776.144135, C63, 5.852039
785.586764, C63, 38.95736
795.329159, C63, 56.15833
815.463442, C63, 13.80733
827.0044329999999, C63, 4.875219
886.507984, C63, 21.10774
900.8467910000001, C63, 7.30014
916.684428, C63, 16.72011
959.351122, C63, 29.16273
961.599367, C63, 8.765759
986.979555, C63, 49.6496
1026.049057, C63, 39.12012
1053.777411, C63, 7.825872
1056.025656, C63, 13.55109
1103.13888, C63, 46.50827
1112.781353, C63, 12.33358
1121.224762, C63, 7.586062
1124.422266, C63, 8.774766
1134.764193, C63, 4.9711
1212.103821, C63, 59.34052
1230.189703, C63, 55.65195
1231.688533, C63, 12.73045
1234.736154, C63, 70.15367
1235.735374, C63, 5.934361
1236.135062, C63, 18.70659
282.129767, C64, 6.681231
521.692762, C64, 7.765868
552.119011, C64, 29.08047
578.248614, C64, 27.20757
657.436799, C64, 7.262163
951.507245, C64, 6.70554
65.398949, C65, 15.90582
179.35999, C65, 24.45135
183.35687, C65, 32.56796
184.006363, C65, 27.60138
264.993143, C65, 4.193127
294.070446, C65, 4.122406
323.547436, C65, 26.81526
331.791001, C65, 4.589313
332.090767, C65, 23.70697
340.783981, C65, 8.068794
344.481095, C65, 3.805185
433.561558, C65, 6.419155
552.768504, C65, 51.38567
620.0160100000001, C65, 3.541728
621.714684, C65, 3.72766
677.4711600000001, C65, 37.71067
678.320497, C65, 24.33781
686.064452, C65, 3.499735
710.195615, C65, 3.542391
785.037193, C65, 36.52465
806.070774, C65, 3.723675
875.7663690000001, C65, 3.5046
893.252719, C65, 7.234744
944.662588, C65, 19.38841
945.212159, C65, 21.18979
951.507245, C65, 5.024963
1008.562707, C65, 4.540918
1010.011576, C65, 4.740952
1010.311342, C65, 16.35259
1010.71103, C65, 18.82854
1079.457366, C65, 5.494395
1098.042858, C65, 4.186849
1115.329364, C65, 35.99144
1116.328584, C65, 6.767448
1125.321564, C65, 3.880688
1125.471447, C65, 10.18786
1164.640871, C65, 9.80704
1187.07336, C65, 21.36687
1230.189703, C65, 4.235251
1241.780655, C65, 31.23139
1242.53007, C65, 8.906059
1246.976599, C65, 34.58324
1249.174883, C65, 4.626457
1249.324766, C65, 54.82629
122.704216, C66, 73.72352
179.260068, C66, 104.9431
213.033704, C66, 48.4276
293.670758, C66, 128.3743
521.6428, C66, 101.0648
524.440617, C66, 41.22984
621.714684, C66, 97.85823
655.738125, C66, 13.81634
657.286916, C66, 95.23356
695.9067690000001, C66, 64.85562
742.3205380000001, C66, 52.59198
849.886571, C66, 111.042
905.393242, C66, 32.74415
951.507245, C66, 102.068
1069.714971, C66, 91.411
1071.263762, C66, 13.51985
122.754177, C67, 44.99476
179.310029, C67, 45.03181
293.970524, C67, 37.21213
521.792684, C67, 27.53268
951.457284, C67, 30.16405
1069.764932, C67, 40.61586
43.765836, C68, 25.95902
96.82441799999999, C68, 24.204
108.165565, C68, 23.94218
231.569235, C68, 19.97715
240.062605, C68, 27.17123
376.606018, C68, 20.0424
496.162691, C68, 21.16121
503.10727, C68, 19.29757
521.6428, C68, 20.67716
531.135391, C68, 28.18072
567.756804, C68, 30.67172
621.664723, C68, 42.21812
695.8068469999999, C68, 32.02911
714.542222, C68, 22.30925
850.086415, C68, 31.42049
939.516605, C68, 23.92414
963.198119, C68, 22.06161
994.2239, C68, 24.01576
1103.388685, C68, 34.60228
1127.270043, C68, 19.85462
1169.936737, C68, 20.17463
12.540211, C69, 32.62619
19.085102, C69, 126.023
21.882918, C69, 36.70499
36.121803, C69, 173.0427
50.010961, C69, 166.6871
72.093723, C69, 95.45754
99.922, C69, 44.95013
122.854099, C69, 162.4444
123.853319, C69, 37.62454
138.441931, C69, 132.9068
179.160146, C69, 129.3654
265.342871, C69, 168.8453
292.621577, C69, 150.1746
320.799581, C69, 145.5205
333.439714, C69, 135.4103
349.22739, C69, 155.7617
381.801962, C69, 170.4027
398.339053, C69, 145.4311
437.758282, C69, 32.1482
461.63964, C69, 165.4866
494.414056, C69, 133.9091
525.040149, C69, 138.2327
614.5203, C69, 75.39135
632.756065, C69, 111.9204
657.436799, C69, 126.1918
660.4344589999999, C69, 42.80907
677.121433, C69, 38.70522
694.357978, C69, 68.72015
695.107393, C69, 44.41489
696.006691, C69, 41.96384
715.691325, C69, 151.5499
787.88497, C69, 82.14091
821.408801, C69, 159.945
835.547764, C69, 74.48267
903.79449, C69, 162.1732
947.660248, C69, 184.4507
948.859312, C69, 36.70108
972.940514, C69, 107.1717
973.590007, C69, 48.56424
992.075577, C69, 80.65066
1001.068557, C69, 100.9898
1001.817972, C69, 34.57964
1081.405845, C69, 133.0801
1157.696292, C69, 126.4472
16.736934, C70, 42.53238
38.120243, C70, 244.8893
39.269346, C70, 113.4314
41.617513, C70, 104.1115
68.796297, C70, 235.6602
76.74009599999999, C70, 224.2497
85.78303699999999, C70, 47.88324
106.267047, C70, 140.8267
126.501252, C70, 44.07133
126.90094, C70, 202.2439
157.477072, C70, 230.1392
165.970442, C70, 230.223
184.056324, C70, 192.0913
196.246808, C70, 45.06102
201.442752, C70, 196.7944
240.112566, C70, 237.6521
243.060265, C70, 76.83078
253.452153, C70, 61.63403
274.7855, C70, 213.2943
282.179728, C70, 220.8763
318.001765, C70, 68.75578
322.897943, C70, 223.9609
327.594277, C70, 37.8585
332.190689, C70, 42.42862
368.662219, C70, 213.3179
374.008046, C70, 41.36099
401.136869, C70, 101.6539
401.786362, C70, 74.4425
402.68566, C70, 54.3485
403.934685, C70, 174.4557
429.364834, C70, 72.30831
453.396075, C70, 220.2022
464.687261, C70, 53.79709
503.407036, C70, 208.6021
504.056529, C70, 91.6192
506.005008, C70, 98.17986
515.097909, C70, 74.94886
522.5920589999999, C70, 39.89494
531.934766, C70, 227.1674
558.214253, C70, 53.90177
561.261874, C70, 73.51301
582.645182, C70, 212.8492
584.443778, C70, 158.3158
586.6920229999999, C70, 59.03433
599.931688, C70, 96.20593
607.275955, C70, 226.2526
609.674083, C70, 38.24813
610.573381, C70, 65.03799
614.570261, C70, 69.11653
639.800566, C70, 154.0914
677.421199, C70, 219.5259
679.269756, C70, 140.6908
687.0137109999999, C70, 72.16283
714.891949, C70, 192.3011
716.690545, C70, 64.19697
792.781148, C70, 59.50657
822.7077870000001, C70, 65.53512
827.0044329999999, C70, 87.02819
922.629787, C70, 179.3185
924.528305, C70, 65.50692
927.076316, C70, 46.95863
999.020156, C70, 167.3839
1003.916334, C70, 38.34477
1031.344923, C70, 189.3238
1035.441724, C70, 74.12682
1065.16852, C70, 159.6201
1068.415985, C70, 65.72717
1089.249722, C70, 47.6367
1104.337944, C70, 195.1589
1152.999958, C70, 174.8016
1156.347345, C70, 50.9707
1203.710373, C70, 202.4548
23.881358, C71, 196.4907
50.860298, C71, 156.2754
64.399728, C71, 158.5656
72.593333, C71, 236.1985
158.776058, C71, 115.7458
179.609795, C71, 91.39162
203.541114, C71, 102.3963
209.086785, C71, 116.4599
211.285069, C71, 136.9735
252.003284, C71, 87.18114
311.157108, C71, 134.7519
332.74026, C71, 152.8256
374.857383, C71, 146.1806
409.780122, C71, 109.6656
454.545178, C71, 87.694
469.6334, C71, 124.8569
525.939447, C71, 121.2129
577.299355, C71, 128.8985
587.391477, C71, 60.10107
602.579621, C71, 159.1196
615.169793, C71, 81.13229
617.118272, C71, 121.1832
640.150293, C71, 138.6322
647.2447550000001, C71, 88.69967
648.893468, C71, 95.52105
685.5148809999999, C71, 117.0547
717.290077, C71, 121.4162
722.4860210000001, C71, 84.98798
730.879469, C71, 128.752
735.026232, C71, 108.8329
747.766287, C71, 177.2984
772.596904, C71, 48.84098
798.576624, C71, 128.2565
800.674986, C71, 59.04587
834.048934, C71, 54.23174
845.889691, C71, 107.6612
850.785869, C71, 99.42751
853.183997, C71, 116.6194
857.280799, C71, 41.40532
893.402602, C71, 58.1831
918.28318, C71, 89.5773
929.074756, C71, 69.86905
929.874132, C71, 105.4319
988.828112, C71, 53.14515
1008.562707, C71, 131.2803
1038.389424, C71, 87.79478
1055.625969, C71, 69.37801
1070.314503, C71, 99.96275
1161.043679, C71, 118.9396
1164.341105, C71, 117.344
1225.743174, C71, 34.57984
16.287286, C72, 104.3232
74.74165600000001, C72, 284.9814
124.752617, C72, 36.00881
158.975902, C72, 184.4197
164.021963, C72, 61.39955
199.494273, C72, 211.7858
234.916622, C72, 32.52308
235.715998, C72, 285.2892
262.29525, C72, 235.4167
280.381132, C72, 24.84918
320.799581, C72, 228.8087
366.364013, C72, 234.3739
395.19151, C72, 32.36093
409.780122, C72, 142.9337
438.957346, C72, 30.4593
454.545178, C72, 115.3171
497.211872, C72, 69.53046
500.10961, C72, 73.4631
528.787224, C72, 288.3716
565.3586759999999, C72, 23.31394
604.3782169999999, C72, 27.71641
633.805246, C72, 204.0223
695.656964, C72, 143.0037
712.693665, C72, 158.4333
756.959111, C72, 215.6844
759.856849, C72, 162.3449
787.585204, C72, 178.8094
836.596945, C72, 206.7725
850.935752, C72, 61.33468
857.930292, C72, 78.37919
883.610246, C72, 247.1978
937.418243, C72, 180.1049
947.610287, C72, 66.16275
990.926474, C72, 30.41242
1000.668869, C72, 209.7183
1027.947574, C72, 190.9813
1057.574448, C72, 227.7248
1060.222381, C72, 28.00761
1090.548708, C72, 251.1233
1138.461307, C72, 258.2212
1140.259903, C72, 30.41634
1157.946097, C72, 218.5762
1223.744734, C72, 23.66465
1224.244344, C72, 130.0661
1228.141302, C72, 33.70165
1233.587051, C72, 81.52694
1234.0367, C72, 25.08263
1245.277925, C72, 40.85165
113.361509, C73, 82.13429
116.958701, C73, 169.3221
193.34907, C73, 156.8862
199.244468, C73, 390.545
409.830083, C73, 100.7258
425.917525, C73, 93.43843
426.317213, C73, 253.2449
463.438236, C73, 484.9673
496.162691, C73, 508.9503
557.664682, C73, 296.6441
581.745884, C73, 392.5562
671.525801, C73, 455.2914
787.585204, C73, 92.59922
790.432981, C73, 202.2437
838.395541, C73, 373.8101
850.785869, C73, 73.88062
921.980294, C73, 432.7421
952.25666, C73, 459.0436
972.590787, C73, 126.2851
975.438564, C73, 375.3487
1000.618908, C73, 406.2227
1090.898435, C73, 260.2472
1093.496407, C73, 342.9178
1118.077219, C73, 324.8065
1183.426207, C73, 237.2431
165.470832, C74, 97.07033
276.084486, C74, 118.2152
358.819902, C74, 159.8713
428.765302, C74, 65.52626
502.957387, C74, 50.91209
531.135391, C74, 54.14523
557.9644479999999, C74, 44.0869
606.52654, C74, 72.759
703.750646, C74, 76.94178
714.841988, C74, 49.97749
757.358799, C74, 136.2152
791.282318, C74, 60.45643
808.418941, C74, 175.6673
838.445502, C74, 100.7406
922.030255, C74, 77.44041
952.4065430000001, C74, 89.38703
1003.416724, C74, 69.59458
1031.095118, C74, 46.31804
1060.122458, C74, 46.70103
1093.396485, C74, 95.55226
1123.672851, C74, 56.92825
1131.516728, C74, 57.22607
1159.59481, C74, 75.07938
7.594072, C75, 125.405
9.592511999999999, C75, 49.27297
9.942239000000001, C75, 116.2333
12.889938, C75, 55.66098
25.380188, C75, 32.75434
28.178004, C75, 30.74983
28.777536, C75, 77.86513
34.323207, C75, 109.9564
35.97192, C75, 99.63776
39.219385, C75, 91.0074
45.714315, C75, 81.90538
50.110883, C75, 47.79058
71.843918, C75, 132.9898
85.882959, C75, 146.304
89.879839, C75, 42.18576
100.221766, C75, 68.34788
122.654255, C75, 100.1643
123.803358, C75, 82.4025
125.651915, C75, 108.2062
138.691736, C75, 101.8205
153.280348, C75, 71.93329
178.660536, C75, 111.2578
200.093805, C75, 40.92136
202.741738, C75, 147.7121
204.290529, C75, 31.26759
205.239788, C75, 72.38308
217.280389, C75, 141.2232
225.973603, C75, 88.91521
234.766739, C75, 57.90079
237.81436, C75, 147.8329
243.010304, C75, 46.45975
282.729299, C75, 61.1943
320.799581, C75, 53.54315
344.880783, C75, 50.9459
349.776961, C75, 79.50689
366.314052, C75, 107.6671
381.602118, C75, 44.9057
399.987766, C75, 82.86467
401.136869, C75, 118.4945
418.623219, C75, 31.76883
419.022907, C75, 34.52412
426.816823, C75, 130.6354
439.856644, C75, 76.56476
461.739562, C75, 113.5093
484.371895, C75, 146.7561
486.370335, C75, 49.7862
500.459337, C75, 77.23031
524.540538, C75, 57.7133
525.439837, C75, 69.76176
530.485898, C75, 73.22327
544.425017, C75, 33.87641
548.971468, C75, 120.0119
581.446118, C75, 52.74762
582.944948, C75, 79.96223
584.443778, C75, 87.82236
608.2252140000001, C75, 107.9898
610.02381, C75, 112.8502
614.820066, C75, 49.13002
632.706104, C75, 61.26763
634.304856, C75, 78.97852
636.303296, C75, 38.37698
638.851307, C75, 112.7475
674.223695, C75, 106.4677
677.021511, C75, 57.92995
677.521121, C75, 73.68909
679.269756, C75, 41.16018
714.192495, C75, 82.88508
715.491481, C75, 31.97942
715.991091, C75, 71.14303
726.682745, C75, 81.66766
729.480561, C75, 119.8436
732.92787, C75, 34.09645
743.519602, C75, 133.4481
789.333839, C75, 95.57179
790.732747, C75, 80.03242
805.621125, C75, 88.10022
806.470462, C75, 46.93676
832.799909, C75, 74.90213
834.798349, C75, 136.6286
900.547025, C75, 90.3212
939.916293, C75, 38.53038
944.862432, C75, 120.7864
947.960014, C75, 51.73148
948.609507, C75, 113.3325
951.157518, C75, 89.25162
953.405763, C75, 54.84128
974.189539, C75, 75.96659
1001.418284, C75, 125.016
1013.508846, C75, 30.32122
1028.796912, C75, 130.3327
1057.224721, C75, 42.59096
1058.024097, C75, 130.3667
1065.218481, C75, 85.01184
1092.197421, C75, 120.086
1092.896875, C75, 41.99087
1119.026478, C75, 167.7396
1138.011658, C75, 102.5741
1138.910956, C75, 36.51823
1157.746253, C75, 111.3453
1201.811855, C75, 118.3073
1223.994539, C75, 159.76
1228.54099, C75, 48.4778
3.846997, C76, 35.30587
12.540211, C76, 40.03763
13.189704, C76, 22.72821
22.882138, C76, 30.97914
24.880578, C76, 29.09676
50.060922, C76, 37.5023
68.796297, C76, 43.56528
77.13978400000001, C76, 49.09156
100.721376, C76, 33.03017
111.712796, C76, 22.23665
127.350589, C76, 41.8971
142.688616, C76, 41.54397
148.234287, C76, 39.87537
159.825239, C76, 38.75964
175.213227, C76, 35.55518
184.306129, C76, 50.66637
195.947042, C76, 34.31222
201.792479, C76, 31.5347
208.986863, C76, 51.00231
221.776879, C76, 33.5508
228.771419, C76, 47.72652
234.267129, C76, 26.97099
240.712098, C76, 40.3175
246.057925, C76, 32.90312
247.007184, C76, 26.72195
259.897122, C76, 24.91802
265.892442, C76, 35.28981
273.936163, C76, 37.61864
277.233589, C76, 39.10821
282.879182, C76, 37.95332
289.973644, C76, 21.89457
299.516195, C76, 47.27949
304.961944, C76, 33.32326
313.855002, C76, 35.7315
315.25391, C76, 28.44459
332.290611, C76, 40.61013
340.684059, C76, 50.91381
349.577117, C76, 40.49408
358.370253, C76, 32.60654
374.107968, C76, 26.10373
378.104848, C76, 23.19992
387.297672, C76, 63.51818
388.19697, C76, 33.21541
401.836323, C76, 26.79856
405.583398, C76, 31.37595
414.876144, C76, 25.13979
415.425715, C76, 26.77668
424.268812, C76, 25.325
429.364834, C76, 25.40557
435.909725, C76, 40.68496
442.754382, C76, 24.83106
468.534258, C76, 109.1888
476.927706, C76, 41.91142
479.275873, C76, 25.41426
504.10649, C76, 35.90237
510.10181, C76, 32.35129
519.044829, C76, 45.31252
527.887926, C76, 43.38578
532.034688, C76, 31.1874
543.975368, C76, 36.09347
559.713083, C76, 34.80428
568.606141, C76, 48.49809
573.002709, C76, 25.65207
598.332936, C76, 29.49744
599.182273, C76, 63.4795
607.425838, C76, 36.19105
615.819286, C76, 22.41329
625.51172, C76, 46.03419
640.050371, C76, 42.84864
678.170614, C76, 31.84956
695.9067690000001, C76, 49.20817
702.601543, C76, 25.78293
765.9021300000001, C76, 22.42643
766.5516229999999, C76, 33.05747
773.446241, C76, 30.34116
776.743667, C76, 37.12275
778.592224, C76, 69.40029
781.3400789999999, C76, 22.63469
782.639065, C76, 35.53477
822.158216, C76, 30.25967
825.555564, C76, 22.69319
829.902171, C76, 26.5294
846.2893790000001, C76, 24.41184
857.530604, C76, 23.94919
874.067695, C76, 27.49242
887.657087, C76, 25.30704
891.2043179999999, C76, 39.87025
892.902992, C76, 61.94521
900.646947, C76, 42.85882
909.240239, C76, 49.96795
912.737509, C76, 33.2627
940.365942, C76, 41.0425
944.912393, C76, 26.57391
963.847612, C76, 53.42775
977.536926, C76, 38.05172
994.923354, C76, 47.41269
1008.612668, C76, 101.2693
1009.811732, C76, 26.02514
1013.358963, C76, 46.60423
1019.70401, C76, 38.53203
1025.849213, C76, 30.56893
1035.19192, C76, 45.06237
1054.077178, C76, 114.172
1084.303583, C76, 22.7725
1086.002257, C76, 30.02694
1098.292663, C76, 52.23917
1104.63771, C76, 40.05683
1112.781353, C76, 75.29311
1120.924996, C76, 27.75657
1130.717352, C76, 45.44168
1134.764193, C76, 47.2651
1160.494108, C76, 40.29128
1170.636191, C76, 44.75483
1177.330965, C76, 50.15218
1193.518329, C76, 47.57864
1197.765014, C76, 131.5593
1199.963298, C76, 38.34045
1213.702573, C76, 41.37997
1225.443408, C76, 35.76416
91.67843499999999, C77, 36.32964
229.021224, C77, 66.38876
315.25391, C77, 36.29763
333.339792, C77, 44.43385
354.023646, C77, 49.04691
395.841003, C77, 56.57803
420.122049, C77, 37.37234
447.200911, C77, 39.52939
468.684141, C77, 70.91745
487.869165, C77, 37.94358
488.568619, C77, 33.71628
564.009729, C77, 37.16727
574.301695, C77, 62.7651
601.280635, C77, 43.99968
738.823268, C77, 89.78362
740.1722150000001, C77, 33.90449
772.247177, C77, 62.25637
772.496982, C77, 56.97211
775.344759, C77, 31.85681
806.220657, C77, 35.06888
807.119955, C77, 44.16691
880.612586, C77, 74.54662
893.202758, C77, 76.39261
1008.562707, C77, 144.0664
1013.458885, C77, 33.95513
1026.049057, C77, 37.80305
1053.727451, C77, 93.08762
1055.276241, C77, 32.80312
1164.490988, C77, 33.26952
1217.749414, C77, 32.45646
16.437169, C78, 67.923
58.704175, C78, 158.286
91.87827900000001, C78, 69.95393
97.673755, C78, 200.5514
148.184326, C78, 30.16997
169.517673, C78, 129.3795
181.708157, C78, 121.2302
266.092286, C78, 25.68101
363.416314, C78, 89.05299
385.748881, C78, 113.5254
418.623219, C78, 77.79557
433.66148, C78, 57.64963
435.859764, C78, 38.17194
507.653721, C78, 174.997
565.858286, C78, 170.1611
568.855946, C78, 157.2792
621.314996, C78, 111.6017
657.336877, C78, 39.58212
673.324397, C78, 159.5367
690.6608639999999, C78, 171.4573
691.5102010000001, C78, 34.56879
739.522722, C78, 61.27598
741.171435, C78, 44.658
741.521162, C78, 50.40286
762.554743, C78, 171.6929
825.805369, C78, 66.23393
827.7538479999999, C78, 130.6072
832.949792, C78, 26.69376
835.098115, C78, 34.48288
847.288599, C78, 60.76008
899.947493, C78, 147.7182
956.553306, C78, 51.5605
961.799211, C78, 201.0477
995.1731590000001, C78, 171.2138
1029.396444, C78, 27.48044
1036.141179, C78, 76.23819
1042.486226, C78, 149.7457
1071.063918, C78, 28.78975
1091.597889, C78, 107.8891
1096.793833, C78, 110.3446
1111.63225, C78, 34.93419
1113.680651, C78, 44.02328
1123.572929, C78, 165.5028
1125.171681, C78, 36.09782
1126.720472, C78, 30.14195
1128.169341, C78, 159.6911
1135.513608, C78, 29.43553
1214.002339, C78, 119.9627
1221.346606, C78, 48.5305
36.621413, C79, 150.3569
117.008662, C79, 18.52607
166.020403, C79, 50.72471
193.548914, C79, 22.29164
221.027464, C79, 54.09612
221.32723, C79, 25.09479
239.912722, C79, 20.5232
463.987807, C79, 100.0933
531.135391, C79, 94.02516
581.895767, C79, 23.80343
714.592183, C79, 79.66512
791.232357, C79, 39.32304
791.482162, C79, 35.85972
838.595385, C79, 64.69823
908.690668, C79, 113.7482
939.666488, C79, 49.15079
940.016215, C79, 52.46568
952.4065430000001, C79, 51.83211
972.590787, C79, 35.67743
1060.122458, C79, 110.372
1140.509708, C79, 102.5745
552.119011, C80, 297.6919
578.198653, C80, 418.152
