avAmplitudeForEachCell,FadPlusorMinus,MouseID,cohortID
16.7214375,1,5507,0
18.142365,1,5507,0
5.362956,1,5507,0
9.71356275,1,5507,0
5.8918465,1,5507,0
9.70613842857143,1,5507,0
5.364361875,1,5507,0
11.14132,1,5507,0
9.723069,1,5507,0
16.9481133333333,1,5507,0
11.62713,1,5507,0
22.9351671428571,1,5507,0
12.45852,1,5507,0
14.58759,1,5507,0
11.66204,1,5507,0
8.701417,1,5507,0
7.440562,1,5507,0
11.74492,1,5507,0
5.82638666666667,1,5507,0
5.10748875,1,5507,0
14.8643183333333,1,5507,0
11.84844625,1,5507,0
5.74454233333333,1,5507,0
7.7352305,1,5507,0
21.62033,1,5507,0
16.543205,1,5507,0
4.81198267741935,1,5507,0
8.703695,1,5507,0
12.2975068709677,1,5507,0
15.67851,1,5507,0
12.5818403333333,1,5507,0
7.576318,1,5507,0
13.49215,1,5507,0
7.727856,1,5507,0
4.23351824409449,1,5507,0
5.69755162962963,1,5507,0
6.088988,1,5507,0
22.035035,1,5507,0
30.0992966666667,1,5507,0
18.6158618181818,1,5507,0
12.95714,1,5507,0
16.2743233333333,1,5507,0
19.4077122727273,1,5507,0
7.89543366666667,1,5507,0
6.1848856,1,5507,0
6.690564,1,5507,0
14.074555,1,5507,0
5.49887475,1,5507,0
5.058927,1,5507,0
11.35053,1,5507,0
13.09331,1,5507,0
31.35707,1,5507,0
12.6430003421053,1,5507,0
15.0610646153846,1,5507,0
5.3282295,1,5507,0
10.8422141428571,1,5507,0
7.03965,1,5507,0
5.87359983333333,1,5507,0
6.465131,1,5507,0
5.52497528571428,1,5507,0
11.940109,1,5507,0
5.88907,1,5507,0
12.668855,1,5507,0
22.1107392,1,5507,0
9.42672,1,5507,0
12.5867605263158,1,5507,0
20.628572,1,5507,0
13.8151614285714,1,5507,0
5.79153028571429,1,5507,0
8.089629,1,5507,0
6.126859375,1,5507,0
39.64364,1,5507,0
9.011091,1,5507,0
6.108586,1,5507,0
12.743315,1,5507,0
14.74739,1,5507,0
7.339754,1,5507,0
6.3275375,1,5507,0
8.73398625,1,5507,0
9.10845075,1,5507,0
12.72983,1,5507,0
7.2823025,1,5507,0
7.866503,1,5507,0
4.94511622222222,1,5507,0
40.3765133333333,1,5507,0
10.125317,1,5507,0
16.6009025,1,5507,0
11.6019197619048,1,5507,0
15.8268172,1,5507,0
19.163298,1,5507,0
5.5713205,1,5507,0
9.53975533333333,1,5507,0
8.809289,1,5507,0
6.9738775,1,5507,0
8.086718,1,5507,0
8.53018,1,5507,0
6.042023,1,5507,0
15.9303155555556,1,5507,0
6.8990709,1,5507,0
15.55602,1,5507,0
13.7356266666667,1,5507,0
8.64045233333333,1,5507,0
11.394945,1,5507,0
6.1617275,1,5507,0
8.0286775,1,5507,0
10.933563375,1,5507,0
30.5532985714286,1,5507,0
13.7791560833333,1,5507,0
7.27403835294118,1,5507,0
18.9801025555556,1,5507,0
17.1354066666667,1,5507,0
12.572546625,1,5507,0
8.387602,1,5507,0
26.3891744285714,1,5507,0
16.6340666666667,1,5507,0
14.06776,1,5507,0
8.352024,1,5507,0
12.998777,1,5507,0
9.1424298,1,5507,0
14.17109,1,5507,0
6.294194,1,5507,0
6.84500342857143,1,5507,0
33.07586,1,5507,0
13.0547333333333,1,5507,0
26.760472,1,5507,0
19.6876646153846,1,5507,0
5.44256335714286,1,5507,0
4.90698152941177,1,5507,0
5.52114961111111,1,5507,0
8.524741,1,5507,0
4.72210461290323,1,5507,0
4.9448617755102,1,5507,0
7.87985,1,5507,0
16.2705,1,5507,0
13.069345,1,5507,0
17.7376994444444,1,5507,0
16.275684,1,5507,0
15.595586,1,5507,0
10.8151272857143,1,5507,0
18.5956014285714,1,5507,0
6.93476525,1,5507,0
12.3063598421053,1,5507,0
12.19375675,1,5507,0
10.8035290833333,1,5507,0
18.17869,1,5507,0
12.5182,1,5507,0
7.654539,1,5507,0
16.97301,1,5507,0
8.2323744,1,5507,0
15.0565385714286,1,5507,0
11.7952148333333,1,5507,0
9.124893,1,5507,0
19.0367733333333,1,5507,0
12.5132485454545,1,5507,0
10.25938,1,5507,0
15.97038,1,5507,0
32.25445,1,5507,0
7.395287,1,5507,0
7.00782475,1,5507,0
15.3243291666667,1,5507,0
8.433343875,1,5507,0
11.3705368333333,1,5507,0
5.26028626666667,1,5507,0
5.53415175,1,5507,0
4.92595904347826,1,5507,0
10.1979,1,5507,0
5.34126171428571,1,5507,0
5.40509633333333,1,5507,0
6.4020345,1,5507,0
11.1949233333333,1,5507,0
42.57716,1,5507,0
22.157765,1,5507,0
6.60942366666667,1,5507,0
7.855356,1,5507,0
13.714365,1,5507,0
11.80004,1,5507,0
18.9467538518519,1,5507,0
7.330467,1,5507,0
15.3957116666667,1,5507,0
8.7398005,1,5507,0
9.98442033333333,1,5507,0
13.346555,1,5507,0
7.5978395,1,5507,0
9.422709,1,5507,0
4.79580662068965,1,5507,0
12.1514591666667,1,5507,0
9.66124333333333,1,5507,0
6.80421628571429,1,5507,0
7.221763,1,5507,0
7.40377,1,5507,0
10.1236555,1,5507,0
7.41592766666667,1,5507,0
10.35683,1,5507,0
9.49608416666667,1,5507,0
9.396272125,1,5507,0
9.8926755,1,5507,0
10.7586577419355,1,5507,0
17.94883125,1,5507,0
12.0394103333333,1,5507,0
5.73544,1,5507,0
36.58814,1,5507,0
45.29701375,1,5507,0
60.9980033333333,1,5507,0
47.18457,1,5507,0
46.90648,1,5507,0
37.721404,1,5507,0
45.71611,1,5507,0
17.4951,1,5507,0
82.714796,1,5507,0
28.58538,1,5507,0
52.037015,1,5507,0
51.21303,1,5507,0
68.16216,1,5507,0
41.61446,1,5507,0
27.2540325,1,5507,0
24.421445,1,5507,0
32.4360066666667,1,5507,0
135.4873,1,5507,0
45.8704485714286,1,5507,0
46.635535,1,5507,0
49.63903,1,5507,0
66.95155,1,5507,0
62.061935,1,5507,0
36.40537,1,5507,0
39.3906366666667,1,5507,0
31.83939,1,5507,0
32.84452,1,5507,0
28.53766,1,5507,0
27.80178,1,5507,0
40.0191933333333,1,5507,0
74.949165,1,5507,0
40.1976784210526,1,5507,0
18.675064,1,5511,0
14.42924,1,5511,0
10.56156,1,5511,0
10.2143208333333,1,5511,0
17.8987,1,5511,0
36.52998,1,5511,0
16.6807435,1,5511,0
7.795394,1,5511,0
34.069748,1,5511,0
11.612548,1,5511,0
17.2193266666667,1,5511,0
18.64388,1,5511,0
22.3015157,1,5511,0
16.0792326,1,5511,0
16.3361616666667,1,5511,0
20.1698385416667,1,5511,0
16.0073382666667,1,5511,0
20.4183277333333,1,5511,0
14.0943925333333,1,5511,0
11.9342304285714,1,5511,0
28.3293133333333,1,5511,0
12.0671033333333,1,5511,0
10.1260285,1,5511,0
27.5780627272727,1,5511,0
13.8129283333333,1,5511,0
14.39279,1,5511,0
8.356205,1,5511,0
50.1052333333333,1,5511,0
15.6925966666667,1,5511,0
17.78027,1,5511,0
12.93213,1,5511,0
14.48691,1,5511,0
24.583966,1,5511,0
33.35535,1,5511,0
10.7365557777778,1,5511,0
16.6289,1,5511,0
18.746326,1,5511,0
39.04592,1,5511,0
13.690565,1,5511,0
14.024645,1,5511,0
11.406047,1,5511,0
23.4124966666667,1,5511,0
15.29842625,1,5511,0
8.60383,1,5511,0
14.3056456363636,1,5511,0
28.6889932258065,1,5511,0
16.3916783333333,1,5511,0
20.9680596428571,1,5511,0
7.56621475,1,5511,0
6.752669,1,5511,0
8.01281166666667,1,5511,0
4.81451025,1,5511,0
4.65523490909091,1,5511,0
9.4981772,1,5511,0
10.28387,1,5511,0
10.90664375,1,5511,0
22.2207,1,5511,0
12.79432,1,5511,0
18.8362494736842,1,5511,0
13.39568,1,5511,0
28.65728,1,5511,0
15.989827826087,1,5511,0
27.3370126666667,1,5511,0
16.17259,1,5511,0
7.495945,1,5511,0
11.1970000789474,1,5511,0
7.67049225,1,5511,0
18.2662464444444,1,5511,0
6.54109918181818,1,5511,0
6.6953712,1,5511,0
8.27784128571429,1,5511,0
7.2100665,1,5511,0
5.26625578947369,1,5511,0
5.1394114,1,5511,0
11.183595,1,5511,0
6.01977463636364,1,5511,0
8.63773633333333,1,5511,0
12.8546902,1,5511,0
35.16184375,1,5511,0
16.90241,1,5511,0
23.40562,1,5511,0
4.98911390909091,1,5511,0
18.2949125,1,5511,0
17.38116,1,5511,0
5.8431573,1,5511,0
12.185498,1,5511,0
18.868665,1,5511,0
15.1577833333333,1,5511,0
10.79069,1,5511,0
19.08205,1,5511,0
10.0671253529412,1,5511,0
28.08337,1,5511,0
14.40922,1,5511,0
13.53892,1,5511,0
84.8161071428571,1,5511,0
47.6879,1,5511,0
71.9590371428572,1,5511,0
35.37902,1,5511,0
83.7168227272727,1,5511,0
25.4812277083333,1,5511,0
59.0719545,1,5511,0
85.965124,1,5511,0
29.50997,1,5511,0
38.6507148,1,5511,0
39.1043383333333,1,5511,0
30.64492,1,5511,0
49.1919036363636,1,5511,0
54.070118,1,5511,0
76.9206253846154,1,5511,0
36.3307,1,5511,0
42.7685,1,5511,0
50.353684,1,5511,0
39.7622814285714,1,5511,0
93.468885,1,5511,0
84.4393742857143,1,5511,0
64.8121664,1,5511,0
39.96487,1,5511,0
62.212650625,1,5511,0
98.84252375,1,5511,0
61.62764,1,5511,0
61.6890992307692,1,5511,0
12.9314503333333,1,6025,1
16.703065,1,6025,1
6.3263815,1,6025,1
10.58422,1,6025,1
12.1704466666667,1,6025,1
31.525095,1,6025,1
13.20083,1,6025,1
6.5752344,1,6025,1
8.31067,1,6025,1
16.53421,1,6025,1
15.2477466666667,1,6025,1
19.855525,1,6025,1
75.2159131578947,1,6025,1
47.482497,1,6025,1
37.6061773333333,1,6025,1
10.1316734444444,1,6025,1
7.920635,1,6025,1
65.94683,1,6025,1
99.1680066666667,1,6025,1
14.4241616666667,1,6025,1
13.34542,1,6025,1
17.7408,1,6025,1
7.779725,1,6025,1
53.734769,1,6025,1
23.10273575,1,6025,1
7.104474375,1,6025,1
7.1368105,1,6025,1
6.44829735294118,1,6025,1
5.84565590909091,1,6025,1
8.12305757142857,1,6025,1
131.8905,1,6025,1
10.78728,1,6025,1
8.728674,1,6025,1
4.94408787037037,1,6025,1
13.191645,1,6025,1
21.1755,1,6025,1
17.1063733333333,1,6025,1
45.7566793333333,1,6025,1
23.3166533333333,1,6025,1
7.160062,1,6025,1
5.17583371428571,1,6025,1
7.620185,1,6025,1
61.1580433333333,1,6025,1
13.6812833333333,1,6025,1
7.553163,1,6025,1
29.40375,1,6025,1
16.89442,1,6025,1
34.891435,1,6025,1
9.969955,1,6025,1
13.26258,1,6025,1
9.0061805,1,6025,1
6.146028,1,6025,1
35.0085,1,6025,1
121.26594,1,6025,1
22.4681,1,6025,1
87.42374875,1,6025,1
7.9304375,1,6025,1
12.7601,1,6025,1
7.23195266666667,1,6025,1
22.55619,1,6025,1
18.8263866666667,1,6025,1
14.79992,1,6025,1
18.5096011111111,1,6025,1
48.4316415,1,6025,1
8.803749,1,6025,1
7.71540475,1,6025,1
15.79559,1,6025,1
6.02940686956522,1,6025,1
5.66940933333333,1,6025,1
5.59266972727273,1,6025,1
5.06473529032258,1,6025,1
56.84351,1,6025,1
9.17171833333333,1,6025,1
11.85019,1,6025,1
7.0511946,1,6025,1
7.2368135,1,6025,1
5.559199875,1,6025,1
56.2852416666667,1,6025,1
7.39510366666667,1,6025,1
90.14205,1,6025,1
7.491333,1,6025,1
17.739594,1,6025,1
59.9018466666667,1,6025,1
19.937905,1,6025,1
6.571084,1,6025,1
14.3757901666667,1,6025,1
43.973115,1,6025,1
88.409544,1,6025,1
56.8776,1,6025,1
68.2087525,1,6025,1
78.22686,1,6025,1
79.3029516666667,1,6025,1
27.633108,1,6025,1
96.4207841176471,1,6025,1
36.4106633333333,1,6025,1
37.661332,1,6025,1
68.2293745454545,1,6025,1
26.658684,1,6025,1
18.63567,1,6025,1
70.1930564285714,1,6025,1
184.7616,1,6025,1
83.18808875,1,6025,1
111.339091818182,1,6025,1
218.884014285714,1,6025,1
114.506058,1,6025,1
30.4429536363636,1,6025,1
16.1948766666667,1,6025,1
102.902403,1,6025,1
115.1705525,1,6025,1
61.272005,1,6025,1
35.210425,1,6025,1
50.4856833333333,1,6025,1
58.027732,1,6025,1
114.292051428571,1,6025,1
69.932455,1,6025,1
16.1401,1,6025,1
110.449541666667,1,6025,1
41.187996,1,6025,1
92.6855208333333,1,6025,1
53.9815368421053,1,6025,1
30.73042,1,6025,1
7.78942188888889,1,6026,1
15.25464575,1,6026,1
8.27721107692308,1,6026,1
9.632912,1,6026,1
6.8579075,1,6026,1
5.13478348275862,1,6026,1
6.57969283333333,1,6026,1
5.87142832142857,1,6026,1
6.040096,1,6026,1
5.37752737037037,1,6026,1
7.037611,1,6026,1
43.7671442857143,1,6026,1
48.1203566666667,1,6026,1
52.733764,1,6026,1
4.80529535,1,6026,1
5.9701508,1,6026,1
13.1534225,1,6026,1
14.5923025,1,6026,1
12.428895,1,6026,1
9.0184335,1,6026,1
7.7822645,1,6026,1
7.54082414285714,1,6026,1
6.7200845,1,6026,1
5.85096733333333,1,6026,1
10.74666,1,6026,1
5.80846462222222,1,6026,1
5.9941521,1,6026,1
5.66421725,1,6026,1
23.6568188235294,1,6026,1
6.44326675,1,6026,1
7.8728612,1,6026,1
4.61275736363636,1,6026,1
5.61052170588235,1,6026,1
5.86344994444444,1,6026,1
6.61292428571429,1,6026,1
5.21344181818182,1,6026,1
6.95036530769231,1,6026,1
6.16020088888889,1,6026,1
8.8601326,1,6026,1
6.03141418181818,1,6026,1
6.9811715,1,6026,1
6.8199578,1,6026,1
5.9773792195122,1,6026,1
6.840742,1,6026,1
6.79664755555556,1,6026,1
5.41554208333333,1,6026,1
5.74844407142857,1,6026,1
4.91004731111111,1,6026,1
4.90506421428571,1,6026,1
6.04269420930233,1,6026,1
5.10832483333333,1,6026,1
12.53041,1,6026,1
5.19895135135135,1,6026,1
5.2332367173913,1,6026,1
7.617265,1,6026,1
5.2261224137931,1,6026,1
5.87752114473684,1,6026,1
5.43821890361446,1,6026,1
5.89203711904762,1,6026,1
6.6534825,1,6026,1
6.30952381818182,1,6026,1
7.031075,1,6026,1
7.206624,1,6026,1
5.908779,1,6026,1
4.84606494117647,1,6026,1
5.16350322222222,1,6026,1
38.7732733333333,1,6026,1
25.30768,1,6026,1
44.5606722222222,1,6026,1
29.904485,1,6026,1
8.704723,1,6026,1
24.8294726470588,1,6026,1
14.6008618333333,1,6026,1
5.30950721428571,1,6026,1
16.79326375,1,6026,1
27.87731,1,6026,1
46.832556,1,6026,1
82.3359615151515,1,6026,1
84.1141073076923,1,6026,1
44.659085,1,6026,1
51.80554,1,6026,1
34.528673,1,6026,1
12.8386786923077,1,6027,1
14.977446,1,6027,1
35.1594146666667,1,6027,1
5.9651846,1,6027,1
8.712208,1,6027,1
68.55467,1,6027,1
15.102942,1,6027,1
23.1914383333333,1,6027,1
12.3938593333333,1,6027,1
13.2565821666667,1,6027,1
126.182920769231,1,6027,1
10.5378215,1,6027,1
7.2533634,1,6027,1
11.88332,1,6027,1
6.39383818181818,1,6027,1
7.80829833333333,1,6027,1
6.38353563636364,1,6027,1
6.92056811111111,1,6027,1
20.352675,1,6027,1
6.0739286,1,6027,1
6.2638345,1,6027,1
7.10720333333333,1,6027,1
13.11219,1,6027,1
38.8480933333333,1,6027,1
53.9530933333333,1,6027,1
10.912375,1,6027,1
42.3598735,1,6027,1
20.9547557142857,1,6027,1
26.3467301785714,1,6027,1
40.6683752631579,1,6027,1
44.8556575,1,6027,1
6.05404090909091,1,6027,1
7.755406,1,6027,1
64.71703,1,6027,1
76.2682183333333,1,6027,1
8.523579,1,6027,1
6.23235588888889,1,6027,1
6.20085347058823,1,6027,1
7.5213816,1,6027,1
8.10868433333333,1,6027,1
33.2526366666667,1,6027,1
7.837108,1,6027,1
7.75743875,1,6027,1
8.999928,1,6027,1
6.83064066666667,1,6027,1
8.929587,1,6027,1
7.133365,1,6027,1
10.2832633333333,1,6027,1
8.68865466666667,1,6027,1
26.317415862069,1,6027,1
7.04595,1,6027,1
11.84825,1,6027,1
6.741952,1,6027,1
10.022787,1,6027,1
17.3167168421053,1,6027,1
10.8767767142857,1,6027,1
12.2978766666667,1,6027,1
33.1018534782609,1,6027,1
7.30299983333333,1,6027,1
9.029863,1,6027,1
10.88023,1,6027,1
6.5696525,1,6027,1
8.831793,1,6027,1
6.96381166666667,1,6027,1
5.53279460526316,1,6027,1
15.13088,1,6027,1
5.76301291666667,1,6027,1
8.104496,1,6027,1
5.68427892857143,1,6027,1
5.497841,1,6027,1
5.79596917647059,1,6027,1
5.63345857142857,1,6027,1
4.98585866666667,1,6027,1
9.638288,1,6027,1
7.75929933333333,1,6027,1
6.8388315,1,6027,1
8.835918,1,6027,1
7.001992,1,6027,1
55.5672133333333,1,6027,1
10.04112,1,6027,1
63.6178407692308,1,6027,1
28.8394286,1,6027,1
6.74308075,1,6027,1
6.232121,1,6027,1
6.3667713,1,6027,1
31.1036866666667,1,6027,1
8.845366375,1,6027,1
23.1851494444444,1,6027,1
20.4183941666667,1,6027,1
10.11087,1,6027,1
7.817512,1,6027,1
7.650246,1,6027,1
24.78114125,1,6027,1
40.11454,1,6027,1
28.9927863157895,1,6027,1
58.4876106666667,1,6027,1
6.40171775,1,6027,1
12.9306,1,6027,1
7.615976,1,6027,1
5.97532985714286,1,6027,1
24.73826,1,6027,1
48.1912575,1,6027,1
10.53384,1,6027,1
8.3252174,1,6027,1
12.72974,1,6027,1
6.877702,1,6027,1
5.49287885,1,6027,1
54.95232,1,6027,1
7.233842,1,6027,1
9.673042,1,6027,1
5.4604554,1,6027,1
5.4175932,1,6027,1
5.581852,1,6027,1
5.39875972727273,1,6027,1
6.27065808,1,6027,1
11.91528,1,6027,1
6.37968,1,6027,1
26.565059375,1,6027,1
10.51678,1,6027,1
48.538419375,1,6027,1
5.3816998125,1,6027,1
16.77254625,1,6027,1
9.80072216666667,1,6027,1
5.87176409090909,1,6027,1
8.667573,1,6027,1
7.484213,1,6027,1
10.2771274285714,1,6027,1
6.1094455,1,6027,1
5.19161646153846,1,6027,1
22.6708325,1,6027,1
25.0803625,1,6027,1
6.01529833333333,1,6027,1
9.8298562,1,6027,1
11.11268,1,6027,1
12.2903933333333,1,6027,1
6.14498961538462,1,6027,1
16.04873,1,6027,1
38.189155,1,6027,1
34.4746872222222,1,6027,1
22.52249,1,6027,1
17.693162,1,6027,1
22.8279033333333,1,6027,1
17.0560491666667,1,6027,1
96.585350625,1,6027,1
48.3242463636364,1,6027,1
27.4618201538462,1,6027,1
75.4944805555555,1,6027,1
61.7548295652174,1,6027,1
47.054524,1,6027,1
13.6782042857143,1,6027,1
54.770784,1,6027,1
32.22704375,1,6027,1
38.6392975,1,6027,1
64.007385,1,6027,1
54.07235,1,6027,1
46.0655833333333,1,6027,1
126.515256,1,6027,1
400.7033,1,6027,1
34.12698,1,6027,1
52.672842,1,6027,1
96.21494,1,6027,1
19.8493611111111,1,6028,1
31.051505,1,6028,1
27.3524275,1,6028,1
53.2609066666667,1,6028,1
41.7575546153846,1,6028,1
6.100911,1,6028,1
18.3138253,1,6028,1
8.45997775,1,6028,1
19.1631075,1,6028,1
25.7207306666667,1,6028,1
38.185475,1,6028,1
16.049992,1,6028,1
12.2716863333333,1,6028,1
6.28183785714286,1,6028,1
8.796461,1,6028,1
8.3548705,1,6028,1
47.46616,1,6028,1
32.02308,1,6028,1
12.37497,1,6028,1
13.8242886666667,1,6028,1
6.270323,1,6028,1
33.0283416666667,1,6028,1
41.4377953333333,1,6028,1
13.310475,1,6028,1
6.02172557894737,1,6028,1
54.275588,1,6028,1
6.689863,1,6028,1
5.97801,1,6028,1
8.22905375,1,6028,1
18.64442,1,6028,1
42.5004188888889,1,6028,1
12.34301,1,6028,1
40.805517,1,6028,1
33.4499974285714,1,6028,1
9.4604995,1,6028,1
5.9383456,1,6028,1
65.3301961538461,1,6028,1
64.4697525,1,6028,1
15.2001875,1,6028,1
12.242019,1,6028,1
17.9759895,1,6028,1
11.48116,1,6028,1
11.95781,1,6028,1
4.91722915384615,1,6028,1
31.2622154545455,1,6028,1
5.31204186666667,1,6028,1
26.7105783333333,1,6028,1
21.8448284,1,6028,1
21.4183933333333,1,6028,1
61.2324305714286,1,6028,1
25.87852,1,6028,1
7.778891,1,6028,1
10.09006,1,6028,1
71.21506375,1,6028,1
16.41427125,1,6028,1
6.64320466666667,1,6028,1
41.7227954166667,1,6028,1
24.4971424375,1,6028,1
15.8143333333333,1,6028,1
9.063147,1,6028,1
19.85224,1,6028,1
11.32768,1,6028,1
5.8832325,1,6028,1
33.5652206666667,1,6028,1
46.248596,1,6028,1
9.636333,1,6028,1
6.19805469230769,1,6028,1
56.26443,1,6028,1
23.84307,1,6028,1
40.5764542857143,1,6028,1
25.2748673529412,1,6028,1
6.53977082352941,1,6028,1
9.467257,1,6028,1
10.2468322222222,1,6028,1
9.331192,1,6028,1
19.8124983333333,1,6028,1
26.6327917647059,1,6028,1
26.8332491666667,1,6028,1
6.9597002,1,6028,1
11.48117,1,6028,1
14.0579325,1,6028,1
8.864519,1,6028,1
6.9444524,1,6028,1
4.18151862962963,1,6028,1
110.1177285,1,6028,1
99.857706,1,6028,1
131.19124875,1,6028,1
54.8261475,1,6028,1
51.2860625,1,6028,1
147.015033636364,1,6028,1
32.5834966666667,1,6028,1
41.914396875,1,6028,1
32.96961,1,6028,1
22.9618176,1,6028,1
78.7801930769231,1,6028,1
84.35381,1,6028,1
122.895759090909,1,6028,1
58.9593744444444,1,6028,1
85.3053422222222,1,6028,1
30.79611,1,6028,1
35.8230109090909,1,6028,1
70.309476,1,6028,1
40.034352,1,6028,1
14.7338933863636,1,6029,1
15.2211325,1,6029,1
5.05933727272727,1,6029,1
53.2179166666667,1,6029,1
27.323124,1,6029,1
4.20028918181818,1,6029,1
29.515256875,1,6029,1
32.87819,1,6029,1
12.01357,1,6029,1
7.62791921052632,1,6029,1
55.41678,1,6029,1
7.684732,1,6029,1
35.9385031666667,1,6029,1
39.4132518863636,1,6029,1
26.046918,1,6029,1
21.6358286956522,1,6029,1
4.37438084883721,1,6029,1
51.3157483333333,1,6029,1
20.3348826086956,1,6029,1
57.18257,1,6029,1
12.7122855384615,1,6029,1
6.92271133333333,1,6029,1
7.362235,1,6029,1
6.42833857142857,1,6029,1
10.59472,1,6029,1
7.76646933333333,1,6029,1
8.020604,1,6029,1
23.0731825,1,6029,1
28.77087725,1,6029,1
4.46864813043478,1,6029,1
15.97342,1,6029,1
66.0564920512821,1,6029,1
41.8063510714286,1,6029,1
11.8015345,1,6029,1
5.5644038,1,6029,1
5.38067428571429,1,6029,1
5.63209792307692,1,6029,1
6.19993266666667,1,6029,1
7.06330129166667,1,6029,1
8.2738515,1,6029,1
6.2613491,1,6029,1
8.40983175,1,6029,1
43.76454,1,6029,1
42.2059256,1,6029,1
14.3793138571429,1,6029,1
43.8582725,1,6029,1
30.7293142857143,1,6029,1
23.7002517460317,1,6029,1
59.439890212766,1,6029,1
24.228193125,1,6029,1
29.5019466666667,1,6029,1
21.6772516666667,1,6029,1
34.22766,1,6029,1
8.95584366666667,1,6029,1
7.543265,1,6029,1
60.1536753846154,1,6029,1
81.02489,1,6029,1
22.0788916666667,1,6029,1
12.7898598333333,1,6029,1
7.033815,1,6029,1
32.8734566666667,1,6029,1
12.63831,1,6029,1
10.34486,1,6029,1
52.5489263636364,1,6029,1
26.0322249,1,6029,1
17.8091754545455,1,6029,1
18.1310479661017,1,6029,1
29.8018951851852,1,6029,1
43.45425,1,6029,1
86.892046,1,6029,1
78.813234,1,6029,1
24.2783688333333,1,6029,1
74.8659933333333,1,6029,1
43.9668542424242,1,6029,1
77.6706233333333,1,6029,1
32.8785400625,1,6029,1
68.8725483333333,1,6029,1
124.667396666667,1,6029,1
44.1393283333333,1,6029,1
106.319290540541,1,6029,1
129.9338,1,6029,1
43.16041,1,6029,1
41.9199148235294,1,6029,1
6.22302173333333,-1,6039,1
6.432983,-1,6039,1
6.637326,-1,6039,1
6.29234308510638,-1,6039,1
4.37285603007519,-1,6039,1
21.48158,-1,6039,1
11.2086673636364,-1,6039,1
7.5197045,-1,6039,1
6.718303,-1,6039,1
6.7146,-1,6039,1
39.29675,-1,6039,1
18.45494,-1,6039,1
11.7046378,-1,6039,1
1.99193911111111,-1,6039,1
12.7935333333333,-1,6039,1
11.7091775454545,-1,6041,1
6.83486136363636,-1,6041,1
6.96464833333333,-1,6041,1
9.9074248,-1,6041,1
5.58094928571429,-1,6041,1
7.12630988888889,-1,6041,1
7.713059,-1,6041,1
5.748644,-1,6041,1
5.8621831,-1,6041,1
5.23901342857143,-1,6041,1
4.93617667567568,-1,6041,1
7.809911,-1,6041,1
16.06329,-1,6041,1
35.07550425,-1,6041,1
10.236475,-1,6041,1
13.8789336363636,-1,6041,1
7.08245833333333,-1,6041,1
5.21044375,-1,6041,1
10.57876,-1,6041,1
5.7714815,-1,6041,1
4.80038546666667,-1,6041,1
5.60369908333333,-1,6041,1
35.1438376923077,-1,6041,1
10.0748748461538,-1,6041,1
5.57307446153846,-1,6041,1
6.7868095,-1,6041,1
5.8390935,-1,6041,1
6.3002265,-1,6041,1
41.1930825,-1,6041,1
31.833615,-1,6041,1
6.095482,-1,6041,1
17.7485746666667,-1,6041,1
7.699314,-1,6041,1
53.570267,-1,6041,1
4.22920213043478,-1,6041,1
15.4918318333333,-1,6041,1
7.9515626,-1,6041,1
12.192726,-1,6041,1
11.7958104285714,-1,6041,1
31.7479636842105,-1,6041,1
16.3829156363636,-1,6041,1
23.00983,-1,6041,1
20.07678525,-1,6041,1
10.8611502,-1,6041,1
16.724323,-1,6041,1
14.2925335833333,-1,6041,1
50.0754725,-1,6041,1
39.3509275,-1,6041,1
6.47127877511905,-1,6041,1
38.0730160869565,-1,6041,1
29.00234125,-1,6041,1
25.8183671428571,-1,6041,1
62.5878042857143,-1,6041,1
17.806478,-1,6041,1
13.1716896,-1,5508,0
6.47261428571429,-1,5508,0
8.55647533333333,-1,5508,0
6.42797825,-1,5508,0
9.44429566666667,-1,5508,0
6.24006878571429,-1,5508,0
26.9312548,-1,5508,0
77.154235,-1,5508,0
25.1250075,-1,5508,0
5.650834,-1,5508,0
4.93600173076923,-1,5508,0
7.677699,-1,5508,0
5.21322719444445,-1,5508,0
7.317653,-1,5508,0
19.00202,-1,5508,0
26.0598463333333,-1,5508,0
5.683339,-1,5508,0
9.643324,-1,5508,0
25.8135557142857,-1,5508,0
8.814183,-1,5508,0
6.096705,-1,5508,0
12.94515,-1,5508,0
9.754029,-1,5508,0
9.348412,-1,5508,0
5.912265,-1,5508,0
6.214236,-1,5508,0
38.4193975,-1,5508,0
13.5390076666667,-1,5508,0
9.04006719047619,-1,5508,0
23.00854,-1,5508,0
5.92514705555556,-1,5508,0
7.9702445,-1,5508,0
29.4789971428571,-1,5508,0
17.856948,-1,5508,0
9.327406,-1,5508,0
13.01742,-1,5508,0
20.6880675,-1,5508,0
7.00739871428571,-1,5508,0
4.72562304761905,-1,5508,0
7.41484,-1,5508,0
4.26011282,-1,5508,0
5.315443375,-1,5508,0
5.04667527272727,-1,5508,0
5.0787859,-1,5508,0
7.792021625,-1,5508,0
6.595125,-1,5508,0
6.3787025,-1,5508,0
16.24132,-1,5508,0
17.07907,-1,5508,0
13.2458616666667,-1,5508,0
10.689317,-1,5508,0
12.706986,-1,5508,0
19.59873225,-1,5508,0
7.42991186666667,-1,5508,0
41.144566,-1,5508,0
10.9033839545455,-1,5508,0
24.16781,-1,5508,0
9.496487,-1,5508,0
8.77050966666667,-1,5508,0
5.01108138095238,-1,5508,0
8.393926,-1,5508,0
6.077625,-1,5508,0
47.784935,-1,5508,0
31.2835214285714,-1,5508,0
8.84488766666667,-1,5508,0
12.5124255,-1,5508,0
7.8362505,-1,5508,0
6.6508565,-1,5508,0
8.928925,-1,5508,0
5.24459521428571,-1,5508,0
10.301525,-1,5508,0
7.254259,-1,5508,0
14.35409,-1,5508,0
47.7668575,-1,5508,0
35.7811442857143,-1,5508,0
20.8510975,-1,5508,0
16.90694,-1,5508,0
45.1317539,-1,5508,0
10.0330225,-1,5508,0
7.04762025,-1,5508,0
8.9700405,-1,5508,0
14.59594456,-1,5508,0
36.8612453846154,-1,5508,0
12.07627,-1,5508,0
17.8465515384615,-1,5508,0
8.399477,-1,5508,0
6.836873,-1,5508,0
26.2374466666667,-1,5508,0
8.12235433333333,-1,5508,0
17.5137,-1,5508,0
9.77648233333333,-1,5508,0
18.71177,-1,5508,0
16.91442,-1,5508,0
4.96509910526316,-1,5508,0
5.32320514814815,-1,5508,0
6.74068475,-1,5508,0
10.88634,-1,5508,0
62.2476733333333,-1,5508,0
13.5837767142857,-1,5508,0
12.5131806666667,-1,5508,0
18.0925613529412,-1,5508,0
6.4336213,-1,5508,0
4.755233,-1,5508,0
16.1453732222222,-1,5508,0
35.3300754,-1,5508,0
5.84169385714286,-1,5508,0
58.014055,-1,5508,0
14.496792,-1,5508,0
10.7054035,-1,5508,0
9.18865,-1,5508,0
5.89957985714286,-1,5508,0
4.094499,-1,5508,0
10.65629,-1,5508,0
6.58553,-1,5508,0
12.19936,-1,5508,0
21.7266,-1,5508,0
5.37614033333333,-1,5508,0
5.04375531372549,-1,5508,0
28.70273625,-1,5508,0
12.8910357317073,-1,5508,0
6.5294138,-1,5508,0
19.731583,-1,5508,0
6.50210033333333,-1,5508,0
31.9771138333333,-1,5508,0
8.850997,-1,5508,0
23.4448366666667,-1,5508,0
4.99195921052632,-1,5508,0
9.28819922222222,-1,5508,0
11.65589,-1,5508,0
35.70472,-1,5508,0
5.80557483333333,-1,5508,0
22.58326,-1,5508,0
4.9228608,-1,5508,0
14.149615,-1,5508,0
31.78618,-1,5508,0
16.91292,-1,5508,0
5.126702125,-1,5508,0
13.128248,-1,5508,0
15.64730875,-1,5508,0
70.8078333333333,-1,5508,0
39.2288825,-1,5508,0
7.47578770588235,-1,5508,0
10.246035125,-1,5508,0
9.751647,-1,5508,0
5.885813,-1,5508,0
6.3563465,-1,5508,0
23.0883758571429,-1,5508,0
21.43358,-1,5508,0
18.2763828125,-1,5508,0
33.73390625,-1,5508,0
16.97347,-1,5508,0
31.6057725806452,-1,5508,0
22.8948733333333,-1,5508,0
37.8543085714286,-1,5508,0
6.159779625,-1,5508,0
39.8413666666667,-1,5508,0
18.06018,-1,5508,0
20.244715,-1,5508,0
24.8182014285714,-1,5508,0
31.99851,-1,5508,0
141.780085714286,-1,5508,0
59.37415,-1,5508,0
31.583363,-1,5508,0
97.8368266666667,-1,5508,0
93.8970333333333,-1,5508,0
40.243278,-1,5508,0
40.70198,-1,5508,0
53.8743708333333,-1,5508,0
103.650332222222,-1,5508,0
43.946069,-1,5508,0
35.429378,-1,5508,0
30.4882888888889,-1,5508,0
62.45349,-1,5508,0
38.72498,-1,5508,0
76.68584,-1,5508,0
18.63239,-1,5508,0
45.665042,-1,5508,0
21.412085,-1,5508,0
139.767925,-1,5508,0
53.94733,-1,5508,0
28.98713,-1,5508,0
33.25434,-1,5508,0
19.71302,-1,5508,0
10.997485,-1,5508,0
38.752,-1,5508,0
6.5536285,-1,5391,0
6.563611,-1,5391,0
8.17738522222222,-1,5391,0
13.43193,-1,5391,0
19.87656,-1,5391,0
12.8949443076923,-1,5391,0
11.5687314,-1,5391,0
5.92146466666667,-1,5391,0
5.14067430434783,-1,5391,0
8.990404,-1,5391,0
34.0402727272727,-1,5391,0
5.73990671428571,-1,5391,0
6.764966,-1,5391,0
5.42636331818182,-1,5391,0
5.34550875,-1,5391,0
15.659,-1,5391,0
15.47874,-1,5391,0
7.439671,-1,5391,0
8.767256,-1,5391,0
21.932185,-1,5391,0
9.79304592307692,-1,5391,0
7.2383075,-1,5391,0
5.3532576,-1,5391,0
22.98905,-1,5391,0
24.4310716666667,-1,5391,0
11.9357,-1,5391,0
7.9373365,-1,5391,0
5.3636915,-1,5391,0
7.49435,-1,5391,0
7.511567,-1,5391,0
5.61137618181818,-1,5391,0
5.74383957142857,-1,5391,0
7.42973766666667,-1,5391,0
5.176975,-1,5391,0
5.30302154545455,-1,5391,0
5.97136233333333,-1,5391,0
7.17975825,-1,5391,0
5.206109,-1,5391,0
6.316472,-1,5391,0
4.67904035294118,-1,5391,0
5.94443666666667,-1,5391,0
8.55210633333333,-1,5391,0
4.2189284,-1,5391,0
5.64665145833333,-1,5391,0
9.797884,-1,5391,0
53.104965,-1,5391,0
16.7451955,-1,5391,0
58.67402,-1,5391,0
54.47768,-1,5391,0
6.830857,-1,5399,0
4.584293,-1,5399,0
5.88247755555556,-1,5399,0
6.44949654545455,-1,5399,0
4.6135796,-1,5399,0
8.623827,-1,5399,0
6.372309,-1,5399,0
6.1115945,-1,5399,0
5.3304916,-1,5399,0
5.10932128571429,-1,5399,0
6.3539215,-1,5399,0
4.492000625,-1,5399,0
12.27812,-1,5399,0
5.01452172222222,-1,5399,0
6.16728433333333,-1,5399,0
4.49376167857143,-1,5399,0
7.170505,-1,5399,0
9.026813,-1,5399,0
5.36358994444445,-1,5399,0
8.4083955,-1,5399,0
10.460882,-1,5399,0
4.94668325,-1,5399,0
13.9109533333333,-1,5399,0
9.5799165,-1,5399,0
5.62916466666667,-1,5399,0
5.1957043,-1,5399,0
5.21812681818182,-1,5399,0
8.571626,-1,5399,0
6.2923655,-1,5399,0
6.467108,-1,5399,0
6.73523666666667,-1,5399,0
5.08557988888889,-1,5399,0
6.50337666666667,-1,5399,0
10.075186,-1,5399,0
7.3489755,-1,5399,0
13.3603,-1,5399,0
11.35709,-1,5399,0
7.806546375,-1,5399,0
19.5583969230769,-1,5455,0
19.218910625,-1,5455,0
12.09297,-1,5455,0
6.777215,-1,5455,0
27.11085125,-1,5455,0
9.393767,-1,5455,0
20.85673,-1,5455,0
21.216805,-1,5455,0
10.4803,-1,5455,0
16.36807,-1,5455,0
17.627704,-1,5455,0
15.94383,-1,5455,0
15.77235,-1,5455,0
5.650747,-1,5455,0
12.86096,-1,5455,0
30.38792,-1,5455,0
16.024636875,-1,5455,0
20.225855,-1,5455,0
6.6258935,-1,5455,0
15.1240333333333,-1,5455,0
15.1600380909091,-1,5455,0
6.18476066666667,-1,5455,0
37.22322,-1,5455,0
15.4083984666667,-1,5455,0
6.68903066666667,-1,5455,0
4.927274,-1,5455,0
34.450258125,-1,5455,0
6.444017,-1,5455,0
14.1047972222222,-1,5455,0
17.6645986666667,-1,5455,0
14.94632,-1,5455,0
23.09166,-1,5455,0
8.01129125,-1,5455,0
21.3484025,-1,5455,0
17.942115,-1,5455,0
9.197346,-1,5455,0
7.7790835,-1,5455,0
11.14832,-1,5455,0
6.909295,-1,5455,0
7.0295126,-1,5455,0
13.9142033333333,-1,5455,0
27.63783,-1,5455,0
19.309615,-1,5455,0
14.3621565,-1,5455,0
7.789153,-1,5455,0
8.746237,-1,5455,0
8.9914085,-1,5455,0
22.29259,-1,5455,0
8.346924,-1,5455,0
12.19191,-1,5455,0
7.0797616,-1,5455,0
10.26949,-1,5455,0
33.20993125,-1,5455,0
27.6949369230769,-1,5455,0
28.133165,-1,5455,0
17.0135561111111,-1,5455,0
13.4642,-1,5455,0
14.134345,-1,5455,0
16.676295,-1,5455,0
19.03972,-1,5455,0
29.63948,-1,5455,0
6.837049,-1,5455,0
7.081089,-1,5455,0
11.8387205,-1,5455,0
9.26704125,-1,5455,0
25.1573764285714,-1,5455,0
5.91248813333333,-1,5455,0
19.3612554545455,-1,5455,0
9.310136,-1,5455,0
26.9946471428571,-1,5455,0
30.09493,-1,5455,0
12.1840266666667,-1,5455,0
23.1984311111111,-1,5455,0
9.233415,-1,5455,0
30.32762,-1,5455,0
18.31169,-1,5455,0
19.4092,-1,5455,0
5.55854714285714,-1,5455,0
27.5607,-1,5455,0
8.01299175,-1,5455,0
12.67517,-1,5455,0
14.64122,-1,5455,0
5.00575925,-1,5455,0
11.71136,-1,5455,0
16.2594551176471,-1,5455,0
15.776825,-1,5455,0
7.186089,-1,5455,0
7.006417,-1,5455,0
7.85191666666667,-1,5455,0
8.212892,-1,5455,0
8.020636,-1,5455,0
5.625349,-1,5455,0
9.0251995,-1,5455,0
10.77797,-1,5455,0
4.79419236363636,-1,5455,0
5.31686335714286,-1,5455,0
11.0660298888889,-1,5455,0
14.0814088,-1,5455,0
22.979385,-1,5455,0
28.20051625,-1,5455,0
27.01849,-1,5455,0
18.970585,-1,5455,0
15.47344,-1,5455,0
20.1093642857143,-1,5455,0
4.43242313953488,-1,5455,0
27.9652157142857,-1,5455,0
16.8387275,-1,5455,0
19.97466,-1,5455,0
18.94138,-1,5455,0
8.880678,-1,5455,0
6.214382,-1,5455,0
20.4149044444444,-1,5455,0
13.47233,-1,5455,0
16.53857,-1,5455,0
12.88181,-1,5455,0
23.122785,-1,5455,0
16.880826,-1,5455,0
9.3833305625,-1,5455,0
13.50715,-1,5455,0
22.28036,-1,5455,0
12.76867,-1,5455,0
4.82784757142857,-1,5455,0
20.851741,-1,5455,0
16.276834,-1,5455,0
20.163024,-1,5455,0
8.97406975,-1,5455,0
8.106254,-1,5455,0
7.741484,-1,5455,0
7.90719525,-1,5455,0
10.3930335,-1,5455,0
7.965545,-1,5455,0
6.963503,-1,5455,0
7.501124,-1,5455,0
5.4274524375,-1,5455,0
5.9700685,-1,5455,0
16.9733609090909,-1,5455,0
7.33863209090909,-1,5455,0
7.141098,-1,5455,0
8.299999,-1,5455,0
9.673542,-1,5455,0
4.09593645454545,-1,5455,0
5.11396413333333,-1,5455,0
5.9136586875,-1,5455,0
9.9016065,-1,5455,0
6.54086290909091,-1,5455,0
10.50633,-1,5455,0
4.68669579310345,-1,5455,0
8.713438,-1,5455,0
6.671173,-1,5455,0
6.245743,-1,5455,0
5.68000524137931,-1,5455,0
5.7202617,-1,5455,0
5.00954437777778,-1,5455,0
15.90662,-1,5455,0
12.9678725,-1,5455,0
12.721454,-1,5455,0
17.29604,-1,5455,0
10.646688,-1,5455,0
9.134235,-1,5455,0
14.0737185714286,-1,5455,0
14.8111890909091,-1,5455,0
21.446155,-1,5455,0
33.5316,-1,5455,0
13.51086,-1,5455,0
8.62916233333333,-1,5455,0
13.7951133333333,-1,5455,0
15.773108,-1,5455,0
9.818139,-1,5455,0
8.554309,-1,5455,0
10.64361,-1,5455,0
9.116908,-1,5455,0
5.87892622222222,-1,5455,0
6.19869993333333,-1,5455,0
8.960876,-1,5455,0
13.09484,-1,5455,0
9.263861,-1,5455,0
8.83463566666667,-1,5455,0
8.8453788,-1,5455,0
6.15163983333333,-1,5455,0
5.99424688888889,-1,5455,0
11.7664433333333,-1,5455,0
12.901035,-1,5455,0
6.189557,-1,5455,0
7.47001778571429,-1,5455,0
6.0536135,-1,5455,0
5.23815583333333,-1,5455,0
6.1862480625,-1,5455,0
5.2614257,-1,5455,0
7.3043545,-1,5455,0
6.204555,-1,5455,0
17.80036,-1,5455,0
15.3109172727273,-1,5455,0
22.254536,-1,5455,0
10.615285,-1,5455,0
18.216245,-1,5455,0
25.83196,-1,5455,0
10.453864,-1,5455,0
21.0149863636364,-1,5455,0
13.42657375,-1,5455,0
7.95401,-1,5455,0
5.401769,-1,5455,0
8.2386125,-1,5455,0
13.7286212857143,-1,5455,0
23.5938133333333,-1,5455,0
23.893425,-1,5455,0
7.198422,-1,5455,0
7.4146275,-1,5455,0
8.554044,-1,5455,0
7.76277142857143,-1,5455,0
5.7764086,-1,5455,0
6.56566783333333,-1,5455,0
7.431092,-1,5455,0
12.87677,-1,5455,0
9.321053,-1,5455,0
5.5973935,-1,5455,0
31.47958125,-1,5455,0
16.81351,-1,5455,0
8.9662995,-1,5455,0
6.326804,-1,5455,0
6.4455545,-1,5455,0
5.943645,-1,5455,0
6.84531733333333,-1,5455,0
10.70606975,-1,5455,0
9.580753,-1,5455,0
5.3613878028169,-1,5455,0
6.1511,-1,5455,0
5.17823998795181,-1,5455,0
8.3949155,-1,5455,0
17.3056083333333,-1,5455,0
6.274991,-1,5455,0
9.281631,-1,5455,0
8.088806,-1,5455,0
6.491528,-1,5455,0
6.71479428571429,-1,5455,0
12.847656,-1,5455,0
9.0473048,-1,5455,0
6.917112,-1,5455,0
19.6449283333333,-1,5455,0
9.6340815,-1,5455,0
7.7681465,-1,5455,0
8.4716442,-1,5455,0
5.23354511111111,-1,5455,0
6.1104685,-1,5455,0
6.18316283333333,-1,5455,0
8.179754,-1,5455,0
7.5026575,-1,5455,0
7.283073,-1,5455,0
6.38469905882353,-1,5455,0
5.376729,-1,5455,0
5.45068366666667,-1,5455,0
8.074585,-1,5455,0
4.89878577083333,-1,5455,0
4.80222552631579,-1,5455,0
12.339415,-1,5455,0
6.401274,-1,5455,0
7.2103755,-1,5455,0
5.63718215384615,-1,5455,0
4.84588318604651,-1,5455,0
7.0022182,-1,5455,0
9.520666,-1,5455,0
6.40399255555556,-1,5455,0
5.30159558333333,-1,5455,0
5.33107016666667,-1,5455,0
7.475585,-1,5455,0
25.4078,-1,5455,0
6.021974,-1,5455,0
8.767078,-1,5455,0
8.531839,-1,5455,0
5.88648645454545,-1,5455,0
5.60805264285714,-1,5455,0
8.6148515,-1,5455,0
5.071431,-1,5455,0
17.40195,-1,5455,0
10.407676,-1,5455,0
7.21653875,-1,5455,0
6.8746085,-1,5455,0
13.3133242857143,-1,5455,0
5.627046,-1,5455,0
5.4079972,-1,5455,0
4.32079748076923,-1,5455,0
16.0889,-1,5455,0
10.47818,-1,5455,0
7.707674,-1,5455,0
5.47073272727273,-1,5455,0
7.0213465,-1,5455,0
6.44713142857143,-1,5455,0
6.900833,-1,5455,0
9.226167,-1,5455,0
6.38886,-1,5455,0
6.216717,-1,5455,0
5.2929186875,-1,5455,0
29.77790625,-1,5455,0
28.8952466666667,-1,5455,0
7.7531,-1,5455,0
6.775595,-1,5455,0
8.317091,-1,5455,0
5.8968173125,-1,5455,0
6.98637916666667,-1,5455,0
5.85944916666667,-1,5455,0
5.26504943478261,-1,5455,0
6.55514916666667,-1,5455,0
5.68494075,-1,5455,0
6.074903,-1,5455,0
4.93479709677419,-1,5455,0
7.533232,-1,5455,0
10.240741,-1,5455,0
5.574162,-1,5455,0
6.385058,-1,5455,0
5.61762453846154,-1,5455,0
5.523331125,-1,5455,0
7.3468765,-1,5455,0
7.556903,-1,5455,0
5.66143244444445,-1,5455,0
24.670464,-1,5455,0
4.12916403030303,-1,5455,0
10.32739,-1,5455,0
9.02109975,-1,5455,0
9.943779,-1,5455,0
8.56920833333333,-1,5455,0
7.913425,-1,5455,0
7.30429625,-1,5455,0
6.8493515,-1,5455,0
7.202209,-1,5455,0
8.05911366666667,-1,5455,0
7.58471866666667,-1,5455,0
8.545799,-1,5455,0
7.186547,-1,5455,0
9.6978,-1,5455,0
7.79623933333333,-1,5455,0
4.2659015,-1,5455,0
5.8601406,-1,5455,0
6.5435675,-1,5455,0
10.98717,-1,5455,0
6.27413871428571,-1,5455,0
23.38367,-1,5455,0
34.91058,-1,5455,0
49.10569,-1,5455,0
17.8900085714286,-1,5455,0
36.4509766666667,-1,5455,0
17.693235,-1,5455,0
31.3511571428571,-1,5455,0
36.829246,-1,5455,0
37.5138352941177,-1,5455,0
74.0392215789474,-1,5455,0
34.0178118181818,-1,5455,0
30.1865355,-1,5455,0
40.9719488888889,-1,5455,0
54.1591816666667,-1,5455,0
33.65342,-1,5455,0
36.2854745454545,-1,5455,0
44.263775,-1,5455,0
59.043665,-1,5455,0
29.377295,-1,5455,0
40.5592833333333,-1,5455,0
20.4064,-1,5455,0
47.90505,-1,5455,0
33.32104,-1,5455,0
37.998,-1,5455,0
23.18323,-1,5455,0
36.93116,-1,5455,0
5.42183728125,-1,5455,0
47.930258,-1,5455,0
5.787236,-1,6412,1
5.9853519,-1,6412,1
9.965637,-1,6412,1
11.6394566666667,-1,6412,1
5.5175694,-1,6412,1
7.883191,-1,6412,1
8.6102606,-1,6412,1
5.17484316666667,-1,6412,1
5.9942445,-1,6412,1
12.732705,-1,6412,1
11.23836,-1,6412,1
7.68394175,-1,6412,1
5.881139,-1,6412,1
6.07420975,-1,6412,1
7.835318,-1,6412,1
5.36175111764706,-1,6412,1
5.09774524137931,-1,6412,1
9.458305,-1,6412,1
12.8232566666667,-1,6412,1
6.042326375,-1,6412,1
37.487,-1,6412,1
30.8283328571429,-1,6412,1
57.919436,-1,6412,1
39.92637,-1,6412,1
31.6523466666667,-1,6412,1
27.6942011111111,-1,6412,1
35.0062,-1,6412,1
44.0618166666667,-1,6412,1
34.679898,-1,6412,1
22.40051,-1,6412,1
19.1959333333333,-1,6412,1
20.9221,-1,6412,1
29.05465,-1,6412,1
43.2477142857143,-1,6412,1
78.455805,-1,6412,1
42.9912433333333,-1,6412,1
22.10546,-1,6412,1
28.63274,-1,6412,1
13.4623885714286,-1,6416,1
9.764806,-1,6416,1
8.378065,-1,6416,1
6.16052833333333,-1,6416,1
4.68999261111111,-1,6416,1
5.457759,-1,6416,1
7.1226835,-1,6416,1
6.980923,-1,6416,1
6.06006125,-1,6416,1
9.33074375,-1,6416,1
7.905406,-1,6416,1
6.830507,-1,6416,1
13.4671015789474,-1,6416,1
8.591562,-1,6416,1
7.348719,-1,6416,1
8.75358242857143,-1,6416,1
5.28857511538462,-1,6416,1
8.215494,-1,6416,1
7.502412,-1,6416,1
23.0100254545455,-1,6416,1
8.78538,-1,6416,1
7.66832,-1,6416,1
7.079347,-1,6416,1
6.40646533333333,-1,6416,1
8.649616,-1,6416,1
7.6973985,-1,6416,1
8.84996925,-1,6416,1
16.37119,-1,6416,1
7.878656,-1,6416,1
7.74238157142857,-1,6416,1
8.6514925,-1,6416,1
10.6230483333333,-1,6416,1
6.922025,-1,6416,1
6.32544166666667,-1,6416,1
8.777194,-1,6416,1
6.271505,-1,6416,1
10.22925,-1,6416,1
7.731087,-1,6416,1
16.7080333333333,-1,6416,1
6.67418,-1,6416,1
6.796074,-1,6416,1
5.19924666666667,-1,6416,1
11.79986,-1,6416,1
5.2532425,-1,6416,1
5.47865005882353,-1,6416,1
7.2486165,-1,6416,1
4.99539,-1,6416,1
4.07391671666667,-1,6416,1
4.97117652941176,-1,6416,1
5.5489545,-1,6416,1
15.67459,-1,6416,1
6.84329777777778,-1,6416,1
4.43153740740741,-1,6416,1
23.2280756,-1,6416,1
12.11797,-1,6416,1
11.119317,-1,6416,1
8.16685425,-1,6416,1
9.801935,-1,6416,1
6.89918,-1,6416,1
7.51041542857143,-1,6416,1
19.4519744444444,-1,6416,1
12.07058,-1,6416,1
9.543108,-1,6416,1
7.210724,-1,6416,1
6.769524,-1,6416,1
5.7507838,-1,6416,1
6.71959225,-1,6416,1
6.7053045,-1,6416,1
5.24946918181818,-1,6416,1
6.556311,-1,6416,1
9.594909,-1,6416,1
5.233314,-1,6416,1
16.0082293333333,-1,6416,1
7.390709,-1,6416,1
8.259332,-1,6416,1
5.13850234615385,-1,6416,1
4.933855175,-1,6416,1
7.030768,-1,6416,1
6.027961,-1,6416,1
6.20684542857143,-1,6416,1
6.8400925,-1,6416,1
5.28074718604651,-1,6416,1
5.52172045454545,-1,6416,1
5.70912563157895,-1,6416,1
5.290469,-1,6416,1
16.84892,-1,6416,1
7.6346875,-1,6416,1
6.455573,-1,6416,1
5.25958528571429,-1,6416,1
6.5857935,-1,6416,1
5.6070092,-1,6416,1
6.991547,-1,6416,1
4.91023322222222,-1,6416,1
5.720932,-1,6416,1
5.06676928571429,-1,6416,1
6.867724,-1,6416,1
5.28734,-1,6416,1
11.683275,-1,6416,1
11.69172,-1,6416,1
12.5900255714286,-1,6416,1
10.9644093333333,-1,6416,1
10.28541,-1,6416,1
6.16834733333333,-1,6416,1
6.588081,-1,6416,1
5.05980683333333,-1,6416,1
6.332866,-1,6416,1
6.52551133333333,-1,6416,1
7.5466215,-1,6416,1
7.173307,-1,6416,1
4.7996385625,-1,6416,1
5.417796,-1,6416,1
5.22035233333333,-1,6416,1
5.97771114285714,-1,6416,1
5.8969248,-1,6416,1
20.6129525,-1,6416,1
12.78402,-1,6416,1
6.34293881818182,-1,6416,1
6.021923,-1,6416,1
7.03773066666667,-1,6416,1
5.39936978571429,-1,6416,1
5.01888583333333,-1,6416,1
6.5240365,-1,6416,1
7.0312435,-1,6416,1
5.07187744897959,-1,6416,1
4.96189988888889,-1,6416,1
4.64527997260274,-1,6416,1
8.111561,-1,6416,1
5.067153,-1,6416,1
13.2101035,-1,6416,1
8.4882745,-1,6416,1
4.85306356603774,-1,6416,1
6.29900157142857,-1,6416,1
12.23006,-1,6416,1
15.1729528571429,-1,6416,1
13.03639025,-1,6416,1
4.9967124,-1,6416,1
6.18388275,-1,6416,1
11.3424,-1,6416,1
7.8165495,-1,6416,1
5.938928,-1,6416,1
5.72066333333333,-1,6416,1
10.695715,-1,6416,1
9.26247785714286,-1,6416,1
9.883007,-1,6416,1
9.842921,-1,6416,1
8.401398,-1,6416,1
6.4117245,-1,6416,1
7.547523,-1,6416,1
10.50514,-1,6416,1
6.44276981818182,-1,6416,1
7.8936132,-1,6416,1
5.11726706666667,-1,6416,1
5.51248875,-1,6416,1
5.00955707692308,-1,6416,1
8.299083,-1,6416,1
6.0031045,-1,6416,1
7.573682,-1,6416,1
6.323399,-1,6416,1
17.92093125,-1,6416,1
16.1954792222222,-1,6416,1
5.622172,-1,6416,1
5.09596826666667,-1,6416,1
6.505423,-1,6416,1
19.14057,-1,6416,1
7.281392,-1,6416,1
13.750866,-1,6416,1
6.095165,-1,6416,1
18.4792933333333,-1,6416,1
10.8379,-1,6416,1
10.5305605,-1,6416,1
10.52901,-1,6416,1
6.497209,-1,6416,1
6.42153725,-1,6416,1
7.793641,-1,6416,1
10.9277238571429,-1,6416,1
14.3374,-1,6416,1
8.510405,-1,6416,1
5.6750945,-1,6416,1
5.15753816666667,-1,6416,1
8.417343,-1,6416,1
14.0175448,-1,6416,1
12.95167,-1,6416,1
8.0201608,-1,6416,1
9.414785,-1,6416,1
7.3021912,-1,6416,1
4.61749352,-1,6416,1
5.14103705263158,-1,6416,1
7.153233,-1,6416,1
7.324557,-1,6416,1
5.5887605,-1,6416,1
4.95433448275862,-1,6416,1
6.290031,-1,6416,1
9.46594,-1,6416,1
5.9691668,-1,6416,1
5.48221342857143,-1,6416,1
7.859002,-1,6416,1
6.8237935,-1,6416,1
9.494877,-1,6416,1
6.44769,-1,6416,1
6.9335635,-1,6416,1
8.053687,-1,6416,1
6.534885,-1,6416,1
5.110972,-1,6416,1
5.42318383333333,-1,6416,1
6.28095233333333,-1,6416,1
15.17075,-1,6416,1
7.822923,-1,6416,1
5.007898,-1,6416,1
9.465694,-1,6416,1
7.239439,-1,6416,1
6.1788635,-1,6416,1
5.42238675,-1,6416,1
6.97885625,-1,6416,1
6.980005,-1,6416,1
4.72307933333333,-1,6416,1
5.426636125,-1,6416,1
5.78945516666667,-1,6416,1
7.946779,-1,6416,1
7.116917,-1,6416,1
6.02276842857143,-1,6416,1
5.18221976,-1,6416,1
5.593205,-1,6416,1
6.19949252173913,-1,6416,1
6.0583925,-1,6416,1
7.7956865,-1,6416,1
6.84460333333333,-1,6416,1
4.31185074509804,-1,6416,1
4.96199738235294,-1,6416,1
30.1461133333333,-1,6416,1
38.07099875,-1,6416,1
40.028035,-1,6416,1
46.3607566666667,-1,6416,1
52.4339414285714,-1,6416,1
39.266703,-1,6416,1
29.055604,-1,6416,1
30.517385,-1,6416,1
35.1068075,-1,6416,1
16.824038,-1,6416,1
32.8055445833333,-1,6416,1
49.43336,-1,6416,1
58.5332366666667,-1,6416,1
32.911348,-1,6416,1
30.3956,-1,6416,1
32.4660675,-1,6416,1
31.549095,-1,6416,1
36.95155,-1,6416,1
20.2693155555556,-1,6416,1
36.4205972727273,-1,6416,1
29.01747,-1,6416,1
11.428884,-1,6416,1
22.957825,-1,6416,1
44.891432,-1,6416,1
38.31073,-1,6416,1
20.83443,-1,6416,1
33.16083,-1,6416,1
31.8431125,-1,6416,1
16.165125,-1,6416,1
25.24432,-1,6416,1
39.1019433333333,-1,6416,1
28.34409,-1,6416,1
28.13581,-1,6416,1
36.31145,-1,6416,1
11.500805,-1,6431,1
5.280972,-1,6431,1
6.0282365,-1,6431,1
7.76033646153846,-1,6431,1
4.68774762068966,-1,6431,1
7.48448328571429,-1,6431,1
7.837122,-1,6431,1
11.864,-1,6431,1
8.394653,-1,6431,1
13.1546388571429,-1,6431,1
21.1168388,-1,6431,1
4.42651019791667,-1,6431,1
7.42123542857143,-1,6431,1
9.519819,-1,6431,1
9.083159,-1,6431,1
6.76855882608696,-1,6431,1
9.368826,-1,6431,1
15.9313514583333,-1,6431,1
9.27634525,-1,6431,1
8.7899115,-1,6431,1
5.3502237037037,-1,6431,1
7.20101325,-1,6431,1
4.96251554,-1,6431,1
7.39625630769231,-1,6431,1
11.973006,-1,6431,1
9.7792155,-1,6431,1
8.8127767,-1,6431,1
4.85037471111111,-1,6431,1
4.69396965714286,-1,6431,1
5.53427328571429,-1,6431,1
6.2914764,-1,6431,1
12.77448,-1,6431,1
9.40317635294117,-1,6431,1
9.88737966666667,-1,6431,1
5.90738556,-1,6431,1
5.15806363157895,-1,6431,1
4.79519561764706,-1,6431,1
5.54425175,-1,6431,1
4.79130224528302,-1,6431,1
4.9102985,-1,6431,1
4.991884,-1,6431,1
27.5519933333333,-1,6431,1
10.0703195,-1,6431,1
9.87177025,-1,6431,1
5.31806708333333,-1,6431,1
9.86786364285714,-1,6431,1
4.4477725,-1,6431,1
6.7437663,-1,6431,1
8.546706,-1,6431,1
5.74151438461539,-1,6431,1
7.47829077777778,-1,6431,1
5.46881222222222,-1,6431,1
5.068977,-1,6431,1
5.69908175,-1,6431,1
4.79307672727273,-1,6431,1
6.88370266666667,-1,6431,1
4.69970131707317,-1,6431,1
8.6275774,-1,6431,1
7.7389792,-1,6431,1
9.601639,-1,6431,1
7.166144,-1,6431,1
9.209853,-1,6431,1
7.361976,-1,6431,1
6.3235606,-1,6431,1
8.670648,-1,6431,1
4.06414042196532,-1,6431,1
6.00738166666667,-1,6431,1
8.13065033333333,-1,6431,1
5.97229625,-1,6431,1
21.9425845454545,-1,6431,1
6.20651266666667,-1,6431,1
5.54006766,-1,6431,1
4.3476034057971,-1,6431,1
5.1970655,-1,6431,1
4.4029646641791,-1,6431,1
3.93910324210526,-1,6431,1
8.30933972826087,-1,6431,1
6.73363966666667,-1,6431,1
6.11769225,-1,6431,1
9.7065275,-1,6431,1
15.8106166666667,-1,6431,1
7.735688,-1,6431,1
8.065463,-1,6431,1
5.88905633333333,-1,6431,1
4.31424038461538,-1,6431,1
7.59463333333333,-1,6431,1
7.46976307142857,-1,6431,1
6.936579,-1,6431,1
5.36899138095238,-1,6431,1
5.0333369787234,-1,6431,1
5.2175074,-1,6431,1
5.29692326315789,-1,6431,1
4.69000701923077,-1,6431,1
5.81961714285714,-1,6431,1
6.8586345,-1,6431,1
5.9407205,-1,6431,1
9.42747625,-1,6431,1
6.07944775,-1,6431,1
7.31147566666667,-1,6431,1
5.28329622580645,-1,6431,1
4.3665389893617,-1,6431,1
8.95540216666667,-1,6431,1
5.4378415,-1,6431,1
5.48047263636364,-1,6431,1
7.557666,-1,6431,1
5.4967682,-1,6431,1
33.3355195,-1,6431,1
56.63576,-1,6431,1
52.32974,-1,6431,1
26.28907,-1,6431,1
36.73708,-1,6431,1
41.0165657894737,-1,6431,1
13.4529245,-1,6431,1
43.8320536363636,-1,6431,1
24.69326,-1,6431,1
25.41357,-1,6431,1
74.1734566666667,-1,6431,1
39.98979,-1,6431,1
60.2296382051282,-1,6431,1
32.8668675,-1,6431,1
44.49734,-1,6431,1
86.259965,-1,6431,1
25.6152766666667,-1,6431,1
51.2079866666667,-1,6431,1
29.2186,-1,6431,1
36.5603555555556,-1,6431,1
45.4249463636364,-1,6431,1
13.1874741008064,-1,6431,1
37.6389138461539,-1,6431,1
47.305835,-1,6431,1
40.88733,-1,6431,1
52.82105,-1,6431,1
21.1944718181818,-1,6431,1
26.2421440740741,-1,6431,1
19.5855044444444,-1,6431,1
22.524272,-1,6431,1
23.7577563636364,-1,6431,1
36.2630433333333,-1,6431,1
34.2356976190476,-1,6431,1
25.3350625,-1,6431,1
14.2181173917526,-1,6431,1
106.71794875,-1,6431,1
40.2975342857143,-1,6431,1
20.165875,-1,6431,1
17.1439978723404,-1,6431,1
