stabilityAverage,FadPlusorMinus,MouseID,cohortID
0.785398163397448,1,5507,0
0.199334998215051,1,5507,0
-0.0923715072969916,1,5507,0
-0.0483843569874256,1,5507,0
-0.0332840818879119,1,5507,0
0.191344250395987,1,5507,0
0.0435098068964407,1,5507,0
0,1,5507,0
0,1,5507,0
0.392699081698724,1,5507,0
-0.0868150081666808,1,5507,0
0.459316012414003,1,5507,0
0,1,5507,0
-0.0501737013776048,1,5507,0
0,1,5507,0
0.038418469803416,1,5507,0
-0.0665681637758238,1,5507,0
0,1,5507,0
-0.106748646198927,1,5507,0
-0.0285406823881029,1,5507,0
0.216160228597708,1,5507,0
-0.110169251471319,1,5507,0
-0.128043678966908,1,5507,0
-0.0332840818879119,1,5507,0
0,1,5507,0
0,1,5507,0
0.0546066192358192,1,5507,0
0.00132812527382344,1,5507,0
0.533964592726322,1,5507,0
-0.0332840818879119,1,5507,0
0.785398163397448,1,5507,0
0.00149490859326079,1,5507,0
0,1,5507,0
-0.0665681637758238,1,5507,0
0.14967603693326,1,5507,0
0.256281633254926,1,5507,0
-0.00594426231791673,1,5507,0
0.392699081698724,1,5507,0
-0.0332840818879119,1,5507,0
0.349406110983782,1,5507,0
0,1,5507,0
0.392699081698724,1,5507,0
0.350023929599168,1,5507,0
-0.0819186819692054,1,5507,0
-0.0604275499788401,1,5507,0
0,1,5507,0
-0.0332840818879119,1,5507,0
0.785398163397448,1,5507,0
0.0655812830765609,1,5507,0
0,1,5507,0
0,1,5507,0
0,1,5507,0
0.468862188506743,1,5507,0
0.666016391944664,1,5507,0
-0.168169783930932,1,5507,0
0.76713040256849,1,5507,0
0,1,5507,0
-0.0840171353818351,1,5507,0
0,1,5507,0
-0.0763177030319281,1,5507,0
-0.0486346000812935,1,5507,0
0,1,5507,0
0,1,5507,0
0.405124297977941,1,5507,0
0.392699081698724,1,5507,0
0.0549482173472253,1,5507,0
-0.112561885666648,1,5507,0
0.146007162224024,1,5507,0
-0.0702493822481233,1,5507,0
0,1,5507,0
0.241905380874192,1,5507,0
-0.0332840818879119,1,5507,0
0.357699110739458,1,5507,0
-0.0332840818879119,1,5507,0
0.392699081698724,1,5507,0
-0.0332840818879119,1,5507,0
-0.0854708198125169,1,5507,0
0,1,5507,0
0.217811867998235,1,5507,0
-0.0358974284166323,1,5507,0
0.050760773929448,1,5507,0
0.0102928733769971,1,5507,0
0,1,5507,0
-0.107387299114379,1,5507,0
-0.0825379294150607,1,5507,0
0.089345659346625,1,5507,0
0.326941360345589,1,5507,0
0.73105903699978,1,5507,0
0.241550097492436,1,5507,0
0.361030633212062,1,5507,0
0.061844399543841,1,5507,0
0.0493571696120702,1,5507,0
0.392699081698724,1,5507,0
-0.0474439006455742,1,5507,0
0,1,5507,0
0,1,5507,0
0,1,5507,0
0.32770618999606,1,5507,0
0.451761036270867,1,5507,0
0,1,5507,0
-0.0518103365218389,1,5507,0
-0.0224955762159136,1,5507,0
0,1,5507,0
-0.0332840818879119,1,5507,0
-0.0332840818879119,1,5507,0
0.769527743774871,1,5507,0
0.394991773283861,1,5507,0
0.733322429094547,1,5507,0
0.43869809063308,1,5507,0
0.180465114790111,1,5507,0
-0.0332840818879119,1,5507,0
0.332282881201517,1,5507,0
-0.0332840818879119,1,5507,0
0.424178194881094,1,5507,0
-0.223764188588334,1,5507,0
-0.0665681637758238,1,5507,0
-0.0971393804587382,1,5507,0
0,1,5507,0
0.0971765335165295,1,5507,0
-0.069467838625858,1,5507,0
0,1,5507,0
0.437804477863145,1,5507,0
-0.141915523984979,1,5507,0
0.302781602859575,1,5507,0
0.250992319820962,1,5507,0
0.0795716267574018,1,5507,0
-0.209682837332057,1,5507,0
0.0437465930494525,1,5507,0
0.0936314870416996,1,5507,0
-0.0529180722341459,1,5507,0
0.303351512069999,1,5507,0
0.157516553766261,1,5507,0
-0.139132274772854,1,5507,0
-0.0972372668045882,1,5507,0
-0.0332840818879119,1,5507,0
-0.0299451807950169,1,5507,0
0.682374252427834,1,5507,0
-0.117137853122285,1,5507,0
-0.0814889345469464,1,5507,0
0.698023310845443,1,5507,0
-0.0391709129840223,1,5507,0
-0.0312819079722166,1,5507,0
0.100807594305788,1,5507,0
-0.170360375957119,1,5507,0
0,1,5507,0
0,1,5507,0
0,1,5507,0
0,1,5507,0
-0.130339474518489,1,5507,0
0.318200975459389,1,5507,0
0.103091661939739,1,5507,0
0,1,5507,0
-0.0332840818879119,1,5507,0
-0.0646601009682318,1,5507,0
0,1,5507,0
0.00497161899310783,1,5507,0
0,1,5507,0
0.392699081698724,1,5507,0
0,1,5507,0
0.255227750998431,1,5507,0
-0.149134619259526,1,5507,0
-0.024782790280684,1,5507,0
-0.383628705129581,1,5507,0
-0.0427368163916716,1,5507,0
-0.31517521421173,1,5507,0
0,1,5507,0
-0.101158237290415,1,5507,0
-0.0809001536981359,1,5507,0
0,1,5507,0
0.303648612168143,1,5507,0
0,1,5507,0
0.392699081698724,1,5507,0
-0.0970243980647899,1,5507,0
0,1,5507,0
0,1,5507,0
0,1,5507,0
0.149210992866529,1,5507,0
0,1,5507,0
0.263183535883423,1,5507,0
0.0287699396846056,1,5507,0
0.591009424128352,1,5507,0
-0.0332840818879119,1,5507,0
-0.0732920496087358,1,5507,0
0,1,5507,0
-0.0471231072580856,1,5507,0
0.608109972705972,1,5507,0
0.0804050890179208,1,5507,0
-0.135759975626885,1,5507,0
-0.0332840818879119,1,5507,0
0.359414999810812,1,5507,0
-0.0332840818879119,1,5507,0
-0.076580267020677,1,5507,0
0,1,5507,0
0.167183220050566,1,5507,0
0.735789851405841,1,5507,0
-0.0332840818879119,1,5507,0
0.697043433135212,1,5507,0
0.428426665532532,1,5507,0
-0.244109108756857,1,5507,0
0.231592614332378,1,5507,0
0,1,5507,0
0.396327088936916,1,5507,0
-0.0428251100766147,1,5507,0
0,1,5507,0
0,1,5507,0
0.212200661894308,1,5507,0
0.0990502252204401,1,5507,0
-0.0332840818879119,1,5507,0
-0.105386510519157,1,5507,0
0,1,5507,0
0.00289189170340386,1,5507,0
0,1,5507,0
0,1,5507,0
0,1,5507,0
-0.0959518431447002,1,5507,0
-0.0332840818879119,1,5507,0
0.107936032248283,1,5507,0
0,1,5507,0
-0.181533661117466,1,5507,0
0.159527171020142,1,5507,0
0,1,5507,0
0,1,5507,0
0.141936467449441,1,5507,0
-0.0332840818879119,1,5507,0
0.785398163397448,1,5507,0
0,1,5507,0
0,1,5507,0
0,1,5507,0
0,1,5507,0
0,1,5507,0
0,1,5507,0
0.16887922017472,1,5507,0
0.237423631939321,1,5511,0
-0.0665681637758238,1,5511,0
0,1,5511,0
0.0178341964759067,1,5511,0
0.15165136448734,1,5511,0
-0.0332840818879119,1,5511,0
0.332463466103116,1,5511,0
0,1,5511,0
-0.15516967571252,1,5511,0
0,1,5511,0
0.392699081698724,1,5511,0
0.33780878510225,1,5511,0
0.0631627551248929,1,5511,0
-0.0717021760027569,1,5511,0
-0.0975678336368285,1,5511,0
0.0508906366322219,1,5511,0
0.187606684295536,1,5511,0
-0.0644039703469463,1,5511,0
-0.308668257781595,1,5511,0
0.00995193738683242,1,5511,0
-0.203623765278308,1,5511,0
0,1,5511,0
-0.0332840818879119,1,5511,0
-0.0770895145473816,1,5511,0
-0.0921021075399178,1,5511,0
0.785398163397448,1,5511,0
0,1,5511,0
0.221697554229534,1,5511,0
0.0360250292693703,1,5511,0
0,1,5511,0
0,1,5511,0
0,1,5511,0
-0.0403894617898992,1,5511,0
0,1,5511,0
-0.047273601852908,1,5511,0
0.272638671508468,1,5511,0
-0.096082734190081,1,5511,0
-0.146533976788282,1,5511,0
-0.0332840818879119,1,5511,0
-0.0665681637758238,1,5511,0
-0.0821711687689132,1,5511,0
-0.0902523264224518,1,5511,0
-0.0741726170587162,1,5511,0
0,1,5511,0
-0.144089990513375,1,5511,0
-0.178014320431139,1,5511,0
0.331233352838304,1,5511,0
-0.0620115547638774,1,5511,0
-0.0922405172551593,1,5511,0
0,1,5511,0
-0.0972640645778068,1,5511,0
-0.109105516580397,1,5511,0
-0.028221819006351,1,5511,0
0,1,5511,0
0,1,5511,0
-0.00496810773599017,1,5511,0
0.392699081698724,1,5511,0
0,1,5511,0
0.0856303398325236,1,5511,0
0.673513754891647,1,5511,0
0.148194558175197,1,5511,0
0.118250359916918,1,5511,0
0.0177745120682656,1,5511,0
0,1,5511,0
0,1,5511,0
0.317908663630168,1,5511,0
0,1,5511,0
-0.0414677817889977,1,5511,0
-0.122233109987745,1,5511,0
-0.0349241971477803,1,5511,0
-0.0189290291156587,1,5511,0
0,1,5511,0
0.185282353239177,1,5511,0
0.117990127003998,1,5511,0
-0.0332840818879119,1,5511,0
0.133511386999389,1,5511,0
0,1,5511,0
0.639821430345446,1,5511,0
-0.102982668931029,1,5511,0
0,1,5511,0
0,1,5511,0
0.153899963047604,1,5511,0
0.16239612563193,1,5511,0
-0.0665681637758238,1,5511,0
9.67025800496096e-05,1,5511,0
0.0163087874705722,1,5511,0
0,1,5511,0
-0.0865889657710761,1,5511,0
0,1,5511,0
0,1,5511,0
0.161290730798118,1,5511,0
0,1,5511,0
0,1,5511,0
0,1,5511,0
0.377600981118839,1,5511,0
0,1,5511,0
0.177964837093053,1,5511,0
-0.0332840818879119,1,5511,0
0.156850145863475,1,5511,0
0.0455702400720472,1,5511,0
0.31240673359198,1,5511,0
-0.0368535146092196,1,5511,0
-0.121822024580513,1,5511,0
0.151875024111596,1,5511,0
-0.0777685673695292,1,5511,0
0,1,5511,0
-0.0700755831489824,1,5511,0
0.645884547523445,1,5511,0
0.152905725399287,1,5511,0
0.0104549776076318,1,5511,0
0.237559685266737,1,5511,0
0.269058848701068,1,5511,0
-0.149945191719122,1,5511,0
-0.10783802403656,1,5511,0
0.161779579240862,1,5511,0
0.263254548496834,1,5511,0
0,1,5511,0
0.552108895793029,1,5511,0
-0.151029586964653,1,5511,0
0.656061953699865,1,5511,0
0.120333194522026,1,5511,0
-0.0542642379738046,1,6025,1
0.2530655906101,1,6025,1
-0.0332840818879119,1,6025,1
-0.0332840818879119,1,6025,1
-0.0402039823310952,1,6025,1
0,1,6025,1
0,1,6025,1
0.130059075556834,1,6025,1
0,1,6025,1
0,1,6025,1
-0.0332840818879119,1,6025,1
-0.0530126537504073,1,6025,1
0.449517946527739,1,6025,1
-0.253636360482051,1,6025,1
0.0299960975676216,1,6025,1
0.577280521207465,1,6025,1
0,1,6025,1
-0.0443414283259526,1,6025,1
-0.0332840818879119,1,6025,1
-0.133262080309498,1,6025,1
0,1,6025,1
0,1,6025,1
-0.100760947502584,1,6025,1
0.120978938936192,1,6025,1
-0.230907902375706,1,6025,1
0.0860861333938813,1,6025,1
-0.0332840818879119,1,6025,1
-0.0269214461276993,1,6025,1
-0.214259523158802,1,6025,1
-0.121828880577766,1,6025,1
0,1,6025,1
0,1,6025,1
0,1,6025,1
0.238830592217075,1,6025,1
0,1,6025,1
0,1,6025,1
0,1,6025,1
-0.163138665060999,1,6025,1
-0.0480120588118093,1,6025,1
-0.00150918243153616,1,6025,1
0.266503595030233,1,6025,1
0,1,6025,1
-0.25278193847468,1,6025,1
0.277900375405661,1,6025,1
0,1,6025,1
0,1,6025,1
0,1,6025,1
0,1,6025,1
-0.0332840818879119,1,6025,1
0,1,6025,1
-0.0332840818879119,1,6025,1
0,1,6025,1
0,1,6025,1
0.000145662029102829,1,6025,1
0,1,6025,1
-0.120048781544819,1,6025,1
-0.0332840818879119,1,6025,1
0,1,6025,1
-0.048530286315008,1,6025,1
0,1,6025,1
-0.0966980928592093,1,6025,1
0,1,6025,1
0.179932939332309,1,6025,1
0.0660906579334034,1,6025,1
-0.0712404542311658,1,6025,1
0.355637761660659,1,6025,1
0,1,6025,1
0.380489283115634,1,6025,1
-0.0802368785190193,1,6025,1
0.345073009456899,1,6025,1
-0.0165620488791813,1,6025,1
0,1,6025,1
-0.0966028994997205,1,6025,1
0,1,6025,1
0,1,6025,1
0,1,6025,1
-0.0709900025215808,1,6025,1
-0.119019682882854,1,6025,1
0.0886680709350738,1,6025,1
0.318718691237365,1,6025,1
0,1,6025,1
-0.0458278046007039,1,6025,1
-0.162664351396934,1,6025,1
0.261935351830316,1,6025,1
0,1,6025,1
-0.0816200132501113,1,6025,1
-0.0985469567993685,1,6025,1
0.021422389143701,1,6025,1
0.0291117697246171,1,6025,1
0.000221618748012964,1,6025,1
0,1,6025,1
0.0409049425914204,1,6025,1
-0.0332840818879119,1,6025,1
0.0698120559551507,1,6025,1
-0.037547547669926,1,6025,1
-0.087901999683488,1,6025,1
0.461461312997231,1,6025,1
-0.0953963095536516,1,6025,1
0,1,6025,1
0.374855768810599,1,6025,1
0,1,6025,1
0.267411028485245,1,6025,1
0.437325353637378,1,6025,1
0.466362216104848,1,6025,1
0.0412173244927972,1,6025,1
-0.0495564128749353,1,6025,1
-0.0515688138507866,1,6025,1
-0.00186528122908622,1,6025,1
-0.127213224858152,1,6025,1
0,1,6025,1
-0.0332840818879119,1,6025,1
-0.0397680572865287,1,6025,1
-0.116333773919196,1,6025,1
0.188616394103996,1,6025,1
-0.0332840818879119,1,6025,1
0.392699081698724,1,6025,1
-0.0213158047324411,1,6025,1
0,1,6025,1
-0.201947692778357,1,6025,1
0.349370269717328,1,6025,1
0,1,6025,1
-0.0185229743402449,1,6026,1
0,1,6026,1
-0.146012653904768,1,6026,1
-0.0479525624271352,1,6026,1
0.478606963350537,1,6026,1
-0.281807931398206,1,6026,1
-0.176029307335669,1,6026,1
0.45384616850627,1,6026,1
0.267970591194862,1,6026,1
0.186344646455433,1,6026,1
-0.0665681637758238,1,6026,1
0.0956157243304053,1,6026,1
-0.0752489376360191,1,6026,1
-0.0585676045497148,1,6026,1
0.313397232837138,1,6026,1
0.424441923634527,1,6026,1
-0.105707554329111,1,6026,1
-0.0332840818879119,1,6026,1
-0.013999991642649,1,6026,1
0,1,6026,1
-0.0332840818879119,1,6026,1
0.252732371376248,1,6026,1
-0.0665681637758238,1,6026,1
-0.144482352581869,1,6026,1
0,1,6026,1
-0.140578550420921,1,6026,1
-0.0977712686770863,1,6026,1
-0.0892341007584049,1,6026,1
0.0371111422814426,1,6026,1
-0.145547856458434,1,6026,1
-0.0478618915549851,1,6026,1
0.352296683206816,1,6026,1
-0.029314355953124,1,6026,1
-0.220044225670338,1,6026,1
0.217101830703973,1,6026,1
-0.125617168228085,1,6026,1
-0.218701222969676,1,6026,1
-0.205533640472378,1,6026,1
-0.0797351188114208,1,6026,1
0.0893895630683979,1,6026,1
-0.0693334831633883,1,6026,1
-0.030205074504549,1,6026,1
-0.0201017955921584,1,6026,1
-0.048630896479687,1,6026,1
-0.0177321448325864,1,6026,1
-0.112347972606195,1,6026,1
0.531242481246095,1,6026,1
0.156803722630752,1,6026,1
0.24670796404443,1,6026,1
-0.187942825297476,1,6026,1
0.272620665559536,1,6026,1
0,1,6026,1
-0.163988568780616,1,6026,1
-0.292942313237533,1,6026,1
-0.00818030103096661,1,6026,1
0.085613596466278,1,6026,1
-0.13239183286491,1,6026,1
0.0909851820055437,1,6026,1
0.0353464658000503,1,6026,1
0.392699081698724,1,6026,1
0.0723356240248088,1,6026,1
0.0609565466713442,1,6026,1
0,1,6026,1
0,1,6026,1
-0.369464562773418,1,6026,1
-0.199040288053169,1,6026,1
0.263830976543321,1,6026,1
0,1,6026,1
-0.183941007565402,1,6026,1
0.156210772173098,1,6026,1
0,1,6026,1
-0.0395797728779733,1,6026,1
0.331113937028968,1,6026,1
0.0200836268157069,1,6026,1
0.0304320720101123,1,6026,1
0,1,6026,1
0.0229749777746024,1,6026,1
0.0782749720092652,1,6026,1
0.224316031982611,1,6026,1
0,1,6026,1
0.400880445033093,1,6026,1
-0.00218353623115836,1,6026,1
-0.0690993993029732,1,6027,1
0.656298434490674,1,6027,1
0.27965474748837,1,6027,1
-0.0563705062963932,1,6027,1
0,1,6027,1
-0.0393410011893353,1,6027,1
-0.073105689916673,1,6027,1
-0.0468537435502769,1,6027,1
-0.0961708958760666,1,6027,1
-0.208810185060786,1,6027,1
-0.0553774636586845,1,6027,1
0.785398163397448,1,6027,1
0,1,6027,1
0,1,6027,1
0.105410306658629,1,6027,1
0.555839159523066,1,6027,1
-0.0199628868783557,1,6027,1
-0.155578497578498,1,6027,1
-0.0332840818879119,1,6027,1
0.07998770806955,1,6027,1
0,1,6027,1
0,1,6027,1
0,1,6027,1
-0.084795877753302,1,6027,1
0.25522141463881,1,6027,1
-0.0332840818879119,1,6027,1
-0.0332840818879119,1,6027,1
-0.0455897703253256,1,6027,1
0.503930042278486,1,6027,1
-0.101310805461217,1,6027,1
0.0457850581968427,1,6027,1
0.151156951574815,1,6027,1
0,1,6027,1
0,1,6027,1
0.315160817927594,1,6027,1
0,1,6027,1
-0.305415489596751,1,6027,1
-0.0700438499953199,1,6027,1
0.685783453939216,1,6027,1
0.586232057956546,1,6027,1
0.314592324054203,1,6027,1
0,1,6027,1
0.485486468202358,1,6027,1
0,1,6027,1
0,1,6027,1
0,1,6027,1
0,1,6027,1
0.784199834742645,1,6027,1
-0.0665681637758238,1,6027,1
0.173293979882164,1,6027,1
-0.0332840818879119,1,6027,1
0,1,6027,1
0,1,6027,1
0,1,6027,1
-0.0579471043268303,1,6027,1
0.0389580378380648,1,6027,1
0.0501716392216851,1,6027,1
0.0667646251849364,1,6027,1
0.640550533042766,1,6027,1
0,1,6027,1
0,1,6027,1
-0.0819110156586236,1,6027,1
0,1,6027,1
0,1,6027,1
-0.430055599497076,1,6027,1
0,1,6027,1
-0.0738490188307579,1,6027,1
-0.0387623859501089,1,6027,1
-0.0967843601949126,1,6027,1
-0.106498451254465,1,6027,1
-0.0662639481930469,1,6027,1
-0.268886253924605,1,6027,1
0.316098548957766,1,6027,1
0,1,6027,1
0.314592324054203,1,6027,1
-0.077937076002944,1,6027,1
0,1,6027,1
0,1,6027,1
-0.00770793197784842,1,6027,1
0,1,6027,1
0.721765846627801,1,6027,1
-0.0487867354687795,1,6027,1
-0.0889636105095719,1,6027,1
-0.0425953730413752,1,6027,1
0.454431238338797,1,6027,1
0.399927844911752,1,6027,1
-0.00934288386533907,1,6027,1
0.263122097519663,1,6027,1
-0.018336152979813,1,6027,1
0,1,6027,1
0,1,6027,1
-0.0332840818879119,1,6027,1
-0.129002662447784,1,6027,1
0,1,6027,1
0.662639045355518,1,6027,1
0.0343589139815222,1,6027,1
0.151389667020262,1,6027,1
0,1,6027,1
-0.0332840818879119,1,6027,1
0.445462073820234,1,6027,1
0.392699081698724,1,6027,1
-0.0885041286673902,1,6027,1
0.392699081698724,1,6027,1
-0.110420016149607,1,6027,1
0,1,6027,1
-0.0332840818879119,1,6027,1
0.320545499028852,1,6027,1
0,1,6027,1
0.301563450630212,1,6027,1
0,1,6027,1
0.214785750526596,1,6027,1
-0.0917868325574248,1,6027,1
0.466688355567631,1,6027,1
0.113862597487947,1,6027,1
-0.144613748813549,1,6027,1
0,1,6027,1
0,1,6027,1
-0.022647110032799,1,6027,1
0,1,6027,1
-0.0741639734435193,1,6027,1
-0.0747292038084728,1,6027,1
-0.0732964866495737,1,6027,1
0.392699081698724,1,6027,1
0.146945609497958,1,6027,1
0.0372549533906432,1,6027,1
0,1,6027,1
-0.104932288228124,1,6027,1
-0.11052868303081,1,6027,1
-0.0993616324549315,1,6027,1
-0.0112483363385813,1,6027,1
0.783039696951985,1,6027,1
-0.14725870362147,1,6027,1
0.363052861478074,1,6027,1
0,1,6027,1
0.785398163397448,1,6027,1
-0.0738735517593039,1,6027,1
0.0882951473429968,1,6027,1
0.785398163397448,1,6027,1
0.349211808734041,1,6027,1
0,1,6027,1
0.0598600735783922,1,6027,1
-0.0332840818879119,1,6027,1
0.707127056476828,1,6027,1
0.660892967030366,1,6027,1
-0.145229193069446,1,6027,1
-0.0435813212734967,1,6027,1
0.505621023193366,1,6027,1
-0.180742580583089,1,6027,1
0.448861845565485,1,6027,1
-0.0763284426549394,1,6027,1
-0.0713141983322033,1,6027,1
0.0137387049784888,1,6027,1
0.314829839249155,1,6027,1
0,1,6027,1
-0.189499826853851,1,6027,1
-0.048544583167825,1,6027,1
-0.0897061170429882,1,6027,1
-0.0970941849780121,1,6027,1
0,1,6027,1
-0.0179888650365345,1,6027,1
0,1,6027,1
-0.0287874576336103,1,6028,1
-0.0332840818879119,1,6028,1
0.0999671040815507,1,6028,1
-0.0973968970764861,1,6028,1
0.784638109002534,1,6028,1
-0.0486213491988013,1,6028,1
0.160958284558325,1,6028,1
0.0455796662630313,1,6028,1
-0.0150079526482217,1,6028,1
0.244926188237122,1,6028,1
0.392699081698724,1,6028,1
0.401852967691887,1,6028,1
0.56706297398969,1,6028,1
-0.0507870444323292,1,6028,1
0,1,6028,1
0,1,6028,1
0,1,6028,1
0,1,6028,1
0.392699081698724,1,6028,1
0.782732124884143,1,6028,1
0,1,6028,1
0.0481009999817428,1,6028,1
-0.0892054994359217,1,6028,1
0.251217536490831,1,6028,1
0.262941766007597,1,6028,1
0.657779173260966,1,6028,1
0,1,6028,1
0.785398163397448,1,6028,1
0.202410407457544,1,6028,1
0,1,6028,1
0.0780725896248365,1,6028,1
0,1,6028,1
-0.185076521358189,1,6028,1
0.553526216905942,1,6028,1
0.392699081698724,1,6028,1
0.150438906167827,1,6028,1
0.774938262085621,1,6028,1
-0.16961354673674,1,6028,1
0.00222170750543332,1,6028,1
0,1,6028,1
-0.0332840818879119,1,6028,1
0,1,6028,1
0,1,6028,1
0.104304332921962,1,6028,1
0.0711834084749665,1,6028,1
-0.0231718973289081,1,6028,1
0.355930105512144,1,6028,1
-0.0961204354219112,1,6028,1
0.451542520576658,1,6028,1
0.354684534950147,1,6028,1
0,1,6028,1
0.0368610806008754,1,6028,1
0,1,6028,1
-0.0365428258297057,1,6028,1
0.10349964745085,1,6028,1
0.51949007384435,1,6028,1
0.402134995027385,1,6028,1
-0.117394332045124,1,6028,1
-0.0951948828650603,1,6028,1
0,1,6028,1
0,1,6028,1
0,1,6028,1
0.0743678490609899,1,6028,1
0.126922151635094,1,6028,1
0.298822843698977,1,6028,1
0,1,6028,1
-0.117150197136964,1,6028,1
0,1,6028,1
0.363398937166362,1,6028,1
-0.0633441854157432,1,6028,1
0.291033906135784,1,6028,1
0.309702411296019,1,6028,1
0,1,6028,1
0.310066980558444,1,6028,1
0,1,6028,1
0.0567453526406939,1,6028,1
-0.0505685867859385,1,6028,1
0.374601312541426,1,6028,1
-0.120069236528925,1,6028,1
0.392699081698724,1,6028,1
-0.00623116673585297,1,6028,1
0,1,6028,1
-0.131669038538481,1,6028,1
-0.162293719511361,1,6028,1
0.779988625033955,1,6028,1
0.741892409274849,1,6028,1
0.626674064426234,1,6028,1
0.392699081698724,1,6028,1
-0.0650011864565384,1,6028,1
0.285724114631157,1,6028,1
0.368011087911409,1,6028,1
-0.081021487759859,1,6028,1
0.379093299314518,1,6028,1
0.0485335219035517,1,6028,1
0.610410704343231,1,6028,1
0,1,6028,1
0.262838259664177,1,6028,1
0.348304753970683,1,6028,1
-0.0939798679161782,1,6028,1
0,1,6028,1
0.033425001570606,1,6028,1
0.427008463068291,1,6028,1
0.373024401384303,1,6028,1
0.405141887284174,1,6029,1
0.317102504062453,1,6029,1
0.290813687636212,1,6029,1
0.387597956957807,1,6029,1
-0.0270073534628441,1,6029,1
-0.0200199715675347,1,6029,1
0.226734235824942,1,6029,1
0.186532481293418,1,6029,1
0.317102504062453,1,6029,1
-0.205374084531367,1,6029,1
-0.222265743088255,1,6029,1
0,1,6029,1
0.62467692476701,1,6029,1
0.225512825798162,1,6029,1
0.205585238402124,1,6029,1
0.51554403742517,1,6029,1
0.115313400096877,1,6029,1
-0.0183142612103385,1,6029,1
0.650596824999629,1,6029,1
0,1,6029,1
0.417116344910932,1,6029,1
-0.0784904959445789,1,6029,1
0,1,6029,1
-0.104490650794586,1,6029,1
0,1,6029,1
-0.138345483409313,1,6029,1
0,1,6029,1
0.00371534644410402,1,6029,1
0.212667712716418,1,6029,1
0.0509877547382678,1,6029,1
0.392699081698724,1,6029,1
0.122184171900638,1,6029,1
0.030373699105191,1,6029,1
-0.0332840818879119,1,6029,1
-0.087370958502909,1,6029,1
0.088330454166758,1,6029,1
0.163544754896428,1,6029,1
0.392699081698724,1,6029,1
0.507457844398895,1,6029,1
-0.0665681637758238,1,6029,1
0.166220492939762,1,6029,1
-0.045958151096891,1,6029,1
0,1,6029,1
-0.216827759082294,1,6029,1
0.249380779461034,1,6029,1
0.309342330013447,1,6029,1
0.775796157597606,1,6029,1
0.35740882090948,1,6029,1
0.493592552643139,1,6029,1
0.173488938462993,1,6029,1
-0.0535375856240396,1,6029,1
-0.0468582619267154,1,6029,1
-0.0332840818879119,1,6029,1
-0.0479883889333637,1,6029,1
0,1,6029,1
-0.0465742785020052,1,6029,1
0,1,6029,1
-0.00236523382444554,1,6029,1
-0.0286993365562386,1,6029,1
0,1,6029,1
0.0584280726447657,1,6029,1
0,1,6029,1
0,1,6029,1
-0.239929260736882,1,6029,1
-0.166430099191317,1,6029,1
0.0684626629446697,1,6029,1
0.134142509968938,1,6029,1
0.0939055231732673,1,6029,1
0.297233203228886,1,6029,1
0.213075556135967,1,6029,1
-0.0416378284089682,1,6029,1
0.0529893420080279,1,6029,1
0.16660348773946,1,6029,1
-0.024437131454353,1,6029,1
0.432478336080508,1,6029,1
-0.139609123567203,1,6029,1
-0.068273284156591,1,6029,1
0.011055171764529,1,6029,1
0.639491631310572,1,6029,1
0.512588989643675,1,6029,1
0.317102504062453,1,6029,1
-0.265046042048269,1,6029,1
0.13362796269848,1,6029,1
-0.01994482555431,-1,6039,1
0.240971304258914,-1,6039,1
-0.157135757106972,-1,6039,1
0.390331383520034,-1,6039,1
-0.10032152017502,-1,6039,1
0.0448369832045743,-1,6039,1
0.142894120077282,-1,6039,1
-0.0332840818879119,-1,6039,1
0,-1,6039,1
0,-1,6039,1
0,-1,6039,1
0,-1,6039,1
-0.0437894673337658,-1,6039,1
-0.17120021306588,-1,6039,1
-0.0332840818879119,-1,6039,1
-0.0773144792968079,-1,6041,1
-0.138396947071122,-1,6041,1
-0.0332840818879119,-1,6041,1
0.0702147499976886,-1,6041,1
0.271007712281049,-1,6041,1
-0.318373247291395,-1,6041,1
0,-1,6041,1
-0.106170202130077,-1,6041,1
0.155519667657999,-1,6041,1
0.0928905351277762,-1,6041,1
-0.0910631279242192,-1,6041,1
0,-1,6041,1
0,-1,6041,1
0.144667522047305,-1,6041,1
0,-1,6041,1
0.103724542907476,-1,6041,1
-0.0332840818879119,-1,6041,1
-0.130947826619748,-1,6041,1
0,-1,6041,1
0.000397709971726919,-1,6041,1
0.16247034528005,-1,6041,1
-0.0902516968176548,-1,6041,1
0.0304292311079865,-1,6041,1
0.369919331641582,-1,6041,1
0.119352932542649,-1,6041,1
-0.0332840818879119,-1,6041,1
0,-1,6041,1
0,-1,6041,1
-0.0506579046132562,-1,6041,1
0.214324477829921,-1,6041,1
0,-1,6041,1
-0.0615875621066172,-1,6041,1
0,-1,6041,1
0.377846273175483,-1,6041,1
0.103979614369654,-1,6041,1
0.0238900194750818,-1,6041,1
0.0372648133297029,-1,6041,1
0.0586395393545389,-1,6041,1
0.231809023743935,-1,6041,1
0.00758537426715979,-1,6041,1
0.0745382463193168,-1,6041,1
-0.0748574192854372,-1,6041,1
-0.0613749442920832,-1,6041,1
-0.0887902343239105,-1,6041,1
-0.110752000556627,-1,6041,1
-0.132062207074894,-1,6041,1
0,-1,6041,1
-0.00845675793328264,-1,6041,1
-0.113958934054497,-1,6041,1
0.241169927075844,-1,6041,1
0.149995304202292,-1,6041,1
-0.0695405745745383,-1,6041,1
-0.043559738780085,-1,6041,1
-0.017912846942598,-1,6041,1
0.154772219180957,-1,5508,0
-0.153060192656159,-1,5508,0
0.392699081698724,-1,5508,0
0.00355700342049396,-1,5508,0
0.156273041044089,-1,5508,0
-0.184434088975174,-1,5508,0
-0.0902554294025219,-1,5508,0
-0.0332840818879119,-1,5508,0
-0.0429353735354645,-1,5508,0
0.77911415983336,-1,5508,0
0.360342680493116,-1,5508,0
-0.0332840818879119,-1,5508,0
-0.103172319400226,-1,5508,0
0,-1,5508,0
0.302951173077743,-1,5508,0
-0.0776909969319174,-1,5508,0
0,-1,5508,0
0,-1,5508,0
-0.0249560286800893,-1,5508,0
0,-1,5508,0
0,-1,5508,0
0,-1,5508,0
0.392699081698724,-1,5508,0
0,-1,5508,0
0,-1,5508,0
0,-1,5508,0
-0.0815722765759134,-1,5508,0
0.654396292440567,-1,5508,0
0.65400053399008,-1,5508,0
-0.0655253498051254,-1,5508,0
-0.150763288775391,-1,5508,0
-0.0665681637758238,-1,5508,0
0.782478909897381,-1,5508,0
0.314486508145691,-1,5508,0
0,-1,5508,0
-0.0332840818879119,-1,5508,0
-0.0101247082412942,-1,5508,0
-0.0450942400827808,-1,5508,0
-0.0196423023856969,-1,5508,0
0,-1,5508,0
-0.0157756541687773,-1,5508,0
-0.459343217514718,-1,5508,0
-0.0402966146187094,-1,5508,0
0.295150773902807,-1,5508,0
0.147084976867217,-1,5508,0
0,-1,5508,0
0,-1,5508,0
0,-1,5508,0
0,-1,5508,0
0.276519208690415,-1,5508,0
-0.197036223973716,-1,5508,0
-0.154388148482202,-1,5508,0
0.0690813524233382,-1,5508,0
-0.198726331560183,-1,5508,0
0,-1,5508,0
-0.177664511293994,-1,5508,0
0.785398163397448,-1,5508,0
0,-1,5508,0
0,-1,5508,0
0.167928819895541,-1,5508,0
0,-1,5508,0
-0.0332840818879119,-1,5508,0
0.0036041344394293,-1,5508,0
-0.156890360509924,-1,5508,0
0.276519208690415,-1,5508,0
0.0238180727007591,-1,5508,0
-0.0332840818879119,-1,5508,0
-0.0619531718313904,-1,5508,0
0,-1,5508,0
-0.202280628340502,-1,5508,0
0.392699081698724,-1,5508,0
0,-1,5508,0
0,-1,5508,0
0,-1,5508,0
-0.134889170444581,-1,5508,0
-0.0332840818879119,-1,5508,0
-0.0332840818879119,-1,5508,0
-0.0201914247228404,-1,5508,0
0,-1,5508,0
-0.0365886820182183,-1,5508,0
0.379888472349145,-1,5508,0
0.101705859740886,-1,5508,0
-0.331981481970067,-1,5508,0
0,-1,5508,0
-0.0615889693548092,-1,5508,0
0,-1,5508,0
0,-1,5508,0
-0.0754797322660901,-1,5508,0
-0.0485784688096024,-1,5508,0
0,-1,5508,0
0.319770215997664,-1,5508,0
0,-1,5508,0
0,-1,5508,0
0.252603847155175,-1,5508,0
-0.106539655652714,-1,5508,0
-0.0604317504268151,-1,5508,0
0,-1,5508,0
-0.0486381602509022,-1,5508,0
-0.203652295603268,-1,5508,0
0,-1,5508,0
0.146395131682953,-1,5508,0
-0.11799606657023,-1,5508,0
-0.105864892870413,-1,5508,0
0.595601848540466,-1,5508,0
0.0414453118751911,-1,5508,0
-0.125070041587811,-1,5508,0
-0.127466446583485,-1,5508,0
-0.0315169459690046,-1,5508,0
0,-1,5508,0
0,-1,5508,0
-0.13009019576304,-1,5508,0
0,-1,5508,0
0,-1,5508,0
0,-1,5508,0
0,-1,5508,0
-0.0589832080856925,-1,5508,0
-0.0719549840914643,-1,5508,0
0.117038705213103,-1,5508,0
-0.179401984751834,-1,5508,0
0.248096549330891,-1,5508,0
-0.0637854228843794,-1,5508,0
0,-1,5508,0
-0.0382221945243287,-1,5508,0
-0.119426617377521,-1,5508,0
-0.0332840818879119,-1,5508,0
0,-1,5508,0
0.219742953898819,-1,5508,0
0.222080795980966,-1,5508,0
0,-1,5508,0
0,-1,5508,0
0.0459545488580522,-1,5508,0
-0.0332840818879119,-1,5508,0
-0.00988647758608767,-1,5508,0
-0.0665681637758238,-1,5508,0
-0.0970161354801565,-1,5508,0
0,-1,5508,0
-0.156594929713295,-1,5508,0
-0.095290675151999,-1,5508,0
0.0686405275172687,-1,5508,0
0,-1,5508,0
0.19333666344957,-1,5508,0
-0.112098466099661,-1,5508,0
-0.0775716507366684,-1,5508,0
0,-1,5508,0
0,-1,5508,0
-0.0990117753804077,-1,5508,0
-0.171691634082779,-1,5508,0
0,-1,5508,0
-0.1570197616296,-1,5508,0
-0.1325263222689,-1,5508,0
0,-1,5508,0
0.359927048202025,-1,5508,0
-0.0362153007678722,-1,5508,0
0.0819946687187634,-1,5508,0
-0.0114459298327952,-1,5508,0
0,-1,5508,0
-0.0332840818879119,-1,5508,0
0,-1,5508,0
-0.207552047671842,-1,5508,0
0.0573113810031643,-1,5508,0
-0.143340894268049,-1,5508,0
0,-1,5508,0
0.412723254870785,-1,5508,0
0.180483368894447,-1,5508,0
-0.0388859679685549,-1,5508,0
0.2272760506749,-1,5508,0
-0.0586340202311705,-1,5508,0
0.306697111071986,-1,5508,0
-0.0510479449147524,-1,5508,0
0.234303859070374,-1,5508,0
0.229815411009998,-1,5508,0
-0.0732055002545098,-1,5508,0
0.446279905435331,-1,5508,0
0,-1,5508,0
0,-1,5508,0
0,-1,5508,0
0.785125523894459,-1,5508,0
0,-1,5508,0
0.0986676726822427,-1,5508,0
0,-1,5508,0
0.00276514448970566,-1,5508,0
0,-1,5508,0
-0.0332840818879119,-1,5508,0
0,-1,5508,0
0,-1,5508,0
-0.0843483187277489,-1,5391,0
-0.0332840818879119,-1,5391,0
0.178054829668026,-1,5391,0
0.392699081698724,-1,5391,0
0,-1,5391,0
-0.0931157323870722,-1,5391,0
0.0345526346234242,-1,5391,0
0,-1,5391,0
-0.0175680793024031,-1,5391,0
0,-1,5391,0
-0.271620010651204,-1,5391,0
-0.00423565202708052,-1,5391,0
0,-1,5391,0
-0.253247260366165,-1,5391,0
0.0239269721072572,-1,5391,0
-0.102182022440527,-1,5391,0
0,-1,5391,0
0.392699081698724,-1,5391,0
0,-1,5391,0
0.200725109939869,-1,5391,0
-0.110477740688349,-1,5391,0
-0.0332840818879119,-1,5391,0
0.14468405502043,-1,5391,0
-0.0332840818879119,-1,5391,0
-0.109795410763391,-1,5391,0
0,-1,5391,0
0,-1,5391,0
0,-1,5391,0
0,-1,5391,0
-0.113296689980054,-1,5391,0
-0.0551011134421571,-1,5391,0
0.181398732629946,-1,5391,0
-0.0352675310371872,-1,5391,0
0.384153432479298,-1,5391,0
0.0957395004879368,-1,5391,0
0.392699081698724,-1,5391,0
-0.0805437092467974,-1,5391,0
-0.0992129492455832,-1,5391,0
0,-1,5391,0
-0.163070517378092,-1,5391,0
-0.0803090138735891,-1,5391,0
0,-1,5391,0
0,-1,5391,0
-0.05828055822739,-1,5391,0
0,-1,5391,0
-0.0332840818879119,-1,5391,0
-0.065945529103474,-1,5391,0
-0.0314074103247219,-1,5391,0
0,-1,5391,0
-0.0416279430266321,-1,5399,0
-0.155277546088153,-1,5399,0
0.302463731034214,-1,5399,0
-0.107192196827496,-1,5399,0
0.162648211241152,-1,5399,0
-0.10614473970172,-1,5399,0
0,-1,5399,0
0,-1,5399,0
-0.0854375840586473,-1,5399,0
0.0331857694053987,-1,5399,0
0.392699081698724,-1,5399,0
-0.191225121861304,-1,5399,0
0,-1,5399,0
0.0758840540756711,-1,5399,0
0,-1,5399,0
-0.413913195120473,-1,5399,0
0,-1,5399,0
0,-1,5399,0
0.0946428174606237,-1,5399,0
-0.0770281850374048,-1,5399,0
0,-1,5399,0
0.756174883101634,-1,5399,0
-0.0486336772286355,-1,5399,0
0,-1,5399,0
0.358609245036438,-1,5399,0
-0.160138952137685,-1,5399,0
-0.0128840122344047,-1,5399,0
0,-1,5399,0
0.36144572454868,-1,5399,0
0,-1,5399,0
-0.0832180893667604,-1,5399,0
0.0263367468405662,-1,5399,0
-0.0375414134465528,-1,5399,0
0,-1,5399,0
0,-1,5399,0
0,-1,5399,0
0,-1,5399,0
-0.0822060496592447,-1,5399,0
-0.109565432707638,-1,5455,0
0.197001141052487,-1,5455,0
0,-1,5455,0
0,-1,5455,0
0.15441151581732,-1,5455,0
0,-1,5455,0
-0.0856005683037629,-1,5455,0
-0.0410623100963735,-1,5455,0
0,-1,5455,0
0.754256184940759,-1,5455,0
-0.143852216238921,-1,5455,0
0,-1,5455,0
0,-1,5455,0
-0.0665681637758238,-1,5455,0
0,-1,5455,0
-0.0789943393392103,-1,5455,0
-0.266222167639368,-1,5455,0
0,-1,5455,0
0,-1,5455,0
-0.0332840818879119,-1,5455,0
0.655004983417099,-1,5455,0
0.163081681306401,-1,5455,0
0.319611504175363,-1,5455,0
-0.0955809409376693,-1,5455,0
0.0729734199774855,-1,5455,0
-0.0950350395055129,-1,5455,0
0.782711810316041,-1,5455,0
0,-1,5455,0
-0.0191308085866703,-1,5455,0
0.178860592677626,-1,5455,0
0,-1,5455,0
0.0725396826751897,-1,5455,0
-0.0408860132294687,-1,5455,0
0.651572559508045,-1,5455,0
0,-1,5455,0
-0.0332840818879119,-1,5455,0
-0.099476967634312,-1,5455,0
0,-1,5455,0
0,-1,5455,0
-0.0961858601273416,-1,5455,0
-0.048625115905308,-1,5455,0
0.514852010596217,-1,5455,0
0,-1,5455,0
-0.0332840818879119,-1,5455,0
0,-1,5455,0
0.132361607185087,-1,5455,0
-0.0794427694806845,-1,5455,0
0,-1,5455,0
0,-1,5455,0
0,-1,5455,0
-0.166662522086437,-1,5455,0
0,-1,5455,0
0.170772811186288,-1,5455,0
-0.0441847678451336,-1,5455,0
0,-1,5455,0
0.0465029834886973,-1,5455,0
-0.0332840818879119,-1,5455,0
-0.0619039960839136,-1,5455,0
0.369209563259653,-1,5455,0
0,-1,5455,0
0,-1,5455,0
0,-1,5455,0
0,-1,5455,0
-0.0418895559044701,-1,5455,0
0.365740276350497,-1,5455,0
0.453371111220392,-1,5455,0
-0.0982132822035448,-1,5455,0
0.218396097275205,-1,5455,0
0,-1,5455,0
-0.062985198614311,-1,5455,0
0,-1,5455,0
0.204096212268698,-1,5455,0
-0.0970217172423946,-1,5455,0
0,-1,5455,0
0,-1,5455,0
0,-1,5455,0
0,-1,5455,0
-0.282585182769191,-1,5455,0
0.772934127958024,-1,5455,0
-0.0449773655278504,-1,5455,0
0,-1,5455,0
0,-1,5455,0
-0.0740142751661894,-1,5455,0
0,-1,5455,0
0.617449774875385,-1,5455,0
-0.110240818336099,-1,5455,0
0,-1,5455,0
0.652645702048012,-1,5455,0
0,-1,5455,0
0,-1,5455,0
0,-1,5455,0
0,-1,5455,0
-0.0332840818879119,-1,5455,0
0,-1,5455,0
-0.137349323478077,-1,5455,0
-0.0519503041734769,-1,5455,0
0.0468831086087887,-1,5455,0
0.128065327897177,-1,5455,0
0,-1,5455,0
-0.0130753840551555,-1,5455,0
0,-1,5455,0
0,-1,5455,0
0,-1,5455,0
0.0625585778384303,-1,5455,0
-0.11973197528408,-1,5455,0
0.21112097744506,-1,5455,0
0.392699081698724,-1,5455,0
0,-1,5455,0
0,-1,5455,0
0,-1,5455,0
0.392699081698724,-1,5455,0
-0.007873461567527,-1,5455,0
0.0586996449090166,-1,5455,0
0,-1,5455,0
0,-1,5455,0
-0.084678103563411,-1,5455,0
0.718174142952951,-1,5455,0
-0.0531377103411388,-1,5455,0
0,-1,5455,0
0.241727110105997,-1,5455,0
0,-1,5455,0
-0.173485457137233,-1,5455,0
-0.102906019415521,-1,5455,0
0.274689424668341,-1,5455,0
0.374064080290554,-1,5455,0
-0.0665681637758238,-1,5455,0
0,-1,5455,0
0,-1,5455,0
0.392699081698724,-1,5455,0
0,-1,5455,0
0,-1,5455,0
0,-1,5455,0
0.341961358129593,-1,5455,0
0.28772136481584,-1,5455,0
0,-1,5455,0
0.341651468705647,-1,5455,0
0.0387627626813917,-1,5455,0
0,-1,5455,0
0,-1,5455,0
0,-1,5455,0
0.105446826827848,-1,5455,0
0.0490147308537071,-1,5455,0
-0.0789965729181079,-1,5455,0
0,-1,5455,0
0.0341199306856511,-1,5455,0
0,-1,5455,0
0.0553893572555708,-1,5455,0
0,-1,5455,0
0,-1,5455,0
0.177685900983436,-1,5455,0
-0.0451345492583763,-1,5455,0
0.157383014095644,-1,5455,0
-0.337761019222834,-1,5455,0
0,-1,5455,0
0.336739510236096,-1,5455,0
-0.0625765492967608,-1,5455,0
0,-1,5455,0
0,-1,5455,0
0,-1,5455,0
-0.0343698532937469,-1,5455,0
0.766089654117523,-1,5455,0
-0.0332840818879119,-1,5455,0
0,-1,5455,0
0,-1,5455,0
0.00590274773855487,-1,5455,0
0.203060027127699,-1,5455,0
0.0552256544311793,-1,5455,0
0,-1,5455,0
0,-1,5455,0
0,-1,5455,0
0.0500307061216801,-1,5455,0
-0.105679338191147,-1,5455,0
-0.105303653867742,-1,5455,0
0,-1,5455,0
0.183386091545483,-1,5455,0
-0.0332840818879119,-1,5455,0
-0.0420890187908899,-1,5455,0
0,-1,5455,0
0.306678738321239,-1,5455,0
-0.0781955898908847,-1,5455,0
-0.0437250704777977,-1,5455,0
0.392699081698724,-1,5455,0
-0.0732413267365899,-1,5455,0
0.370177809302573,-1,5455,0
-0.0139897343764918,-1,5455,0
-0.137446598324131,-1,5455,0
0.0942730166954944,-1,5455,0
-0.158869254040437,-1,5455,0
0,-1,5455,0
0,-1,5455,0
0.748020925540637,-1,5455,0
-0.0585008592235429,-1,5455,0
0.685844787670201,-1,5455,0
-0.0907977950583134,-1,5455,0
0,-1,5455,0
0,-1,5455,0
0.164291974141478,-1,5455,0
-0.052964844202289,-1,5455,0
-0.107400201902203,-1,5455,0
0.359414999810812,-1,5455,0
0.302936228481108,-1,5455,0
0.675346081421061,-1,5455,0
0.102629384464071,-1,5455,0
0.425079793312,-1,5455,0
0.392699081698724,-1,5455,0
-0.0332840818879119,-1,5455,0
-0.0332840818879119,-1,5455,0
-0.0332840818879119,-1,5455,0
0.216984173530468,-1,5455,0
0.126689886489773,-1,5455,0
-0.0705647396044787,-1,5455,0
0,-1,5455,0
0,-1,5455,0
0,-1,5455,0
-0.0826055592072317,-1,5455,0
-0.159867517375233,-1,5455,0
0,-1,5455,0
0.392699081698724,-1,5455,0
-0.0332840818879119,-1,5455,0
-0.0214599387199394,-1,5455,0
0,-1,5455,0
0,-1,5455,0
0,-1,5455,0
-0.0351396636575206,-1,5455,0
0.0975976291755236,-1,5455,0
-0.0486319976322353,-1,5455,0
0.125923455051605,-1,5455,0
0.310514173843478,-1,5455,0
-0.0386950839687074,-1,5455,0
0,-1,5455,0
0,-1,5455,0
-0.0332840818879119,-1,5455,0
-0.0332840818879119,-1,5455,0
-0.0757979117458122,-1,5455,0
0,-1,5455,0
0.293145705971477,-1,5455,0
0,-1,5455,0
0.785398163397448,-1,5455,0
-0.0425719866865649,-1,5455,0
0,-1,5455,0
-0.0294761418613106,-1,5455,0
-0.00834130924794834,-1,5455,0
0.293145705971477,-1,5455,0
-0.065446680820446,-1,5455,0
0,-1,5455,0
-0.0332840818879119,-1,5455,0
0,-1,5455,0
-0.151444739796691,-1,5455,0
0.0106144187040166,-1,5455,0
0.392699081698724,-1,5455,0
0,-1,5455,0
0.301603390800339,-1,5455,0
0.286091398921922,-1,5455,0
-0.0332840818879119,-1,5455,0
0,-1,5455,0
-0.0332840818879119,-1,5455,0
0.188743686105135,-1,5455,0
-0.236066727017594,-1,5455,0
0.390637538126511,-1,5455,0
0,-1,5455,0
-0.0232661827934311,-1,5455,0
-0.057332416703527,-1,5455,0
-0.0656836648812474,-1,5455,0
0,-1,5455,0
0,-1,5455,0
0.119668515558907,-1,5455,0
0,-1,5455,0
0,-1,5455,0
0.389861680233957,-1,5455,0
-0.083539690527588,-1,5455,0
-0.0332840818879119,-1,5455,0
-0.0712507139221298,-1,5455,0
0,-1,5455,0
0.183545309908975,-1,5455,0
-0.0469208291614152,-1,5455,0
0,-1,5455,0
0.653024405172989,-1,5455,0
0,-1,5455,0
-0.0638527928450836,-1,5455,0
0.188060507038917,-1,5455,0
0,-1,5455,0
0,-1,5455,0
0,-1,5455,0
0.0507275468565569,-1,5455,0
0,-1,5455,0
-0.110313586014295,-1,5455,0
-0.0332840818879119,-1,5455,0
0,-1,5455,0
0,-1,5455,0
-0.048625115905308,-1,5455,0
-0.118874042498519,-1,5455,0
-0.113365144114571,-1,5455,0
-0.0972008952654539,-1,5455,0
0,-1,5455,0
0,-1,5455,0
0,-1,5455,0
0.00164563423572006,-1,5455,0
-0.045565359675668,-1,5455,0
-0.0895579209642528,-1,5455,0
0.0682046754869008,-1,5455,0
-0.0568909599375503,-1,5455,0
-0.0761647048265399,-1,5455,0
-0.0334222391800597,-1,5455,0
-0.1278754435178,-1,5455,0
0,-1,5455,0
0,-1,5455,0
0,-1,5455,0
-0.0391022400197861,-1,5455,0
0.307494809293065,-1,5455,0
0,-1,5455,0
-0.109595401746756,-1,5455,0
0,-1,5455,0
-0.0224910154745948,-1,5455,0
-0.0773215398463104,-1,5455,0
0.0690807455164099,-1,5455,0
0,-1,5455,0
0.0613308652083922,-1,5455,0
0,-1,5455,0
-0.0858074524573828,-1,5455,0
0,-1,5455,0
-0.0512065871668636,-1,5455,0
-0.107126946415131,-1,5455,0
0,-1,5455,0
-0.0672097088742561,-1,5455,0
0,-1,5455,0
0,-1,5455,0
0,-1,5455,0
0,-1,5455,0
0.100223937573914,-1,5455,0
0.390567629093336,-1,5455,0
-0.0363802683346654,-1,5455,0
0,-1,5455,0
0,-1,5455,0
-0.0844143739950723,-1,5455,0
-0.0332840818879119,-1,5455,0
0,-1,5455,0
0,-1,5455,0
-0.107154519789334,-1,5455,0
-0.0482031592903596,-1,5455,0
0,-1,5455,0
-0.115479362905572,-1,5455,0
-0.0713027282152901,-1,5455,0
-0.115201147282012,-1,5455,0
-0.178889252040506,-1,5455,0
-0.0553542117274796,-1,5455,0
0.354304437447714,-1,5455,0
0.338247095485571,-1,5455,0
0.0705848437295908,-1,5455,0
0,-1,5455,0
0.128094559991175,-1,5455,0
0.0754374715747777,-1,5455,0
-0.0279435756898352,-1,5455,0
0,-1,5455,0
-0.080584348973217,-1,5455,0
0,-1,5455,0
0.0457363907250266,-1,5455,0
0,-1,5455,0
-0.0332840818879119,-1,5455,0
0,-1,5455,0
0.785398163397448,-1,5455,0
-0.00718403409948672,-1,5455,0
0.0458647270212936,-1,5455,0
0,-1,6412,1
-0.0602753800919645,-1,6412,1
-0.0473092231114726,-1,6412,1
0,-1,6412,1
-0.264438824255144,-1,6412,1
0,-1,6412,1
0.00823442229744246,-1,6412,1
0.0419687534520684,-1,6412,1
0,-1,6412,1
0,-1,6412,1
0,-1,6412,1
0.235486483997509,-1,6412,1
0,-1,6412,1
-0.166707275748183,-1,6412,1
-0.317973545894901,-1,6412,1
-0.0583879131626376,-1,6412,1
-0.357322035525998,-1,6412,1
0,-1,6412,1
-0.0941260280310771,-1,6412,1
-0.00973427306273287,-1,6412,1
0,-1,6412,1
0.0459696669221238,-1,6412,1
0,-1,6412,1
0,-1,6412,1
-0.0958482935782425,-1,6412,1
-0.192278579267178,-1,6412,1
-0.0410952870589058,-1,6412,1
-0.0332840818879119,-1,6412,1
0.161468799392665,-1,6412,1
-0.048568064453966,-1,6412,1
-0.203932135692574,-1,6412,1
0,-1,6412,1
-0.0530345244707687,-1,6412,1
0.369566266980421,-1,6412,1
0,-1,6412,1
-0.0761448522591114,-1,6412,1
0,-1,6412,1
0,-1,6412,1
-0.249271699057989,-1,6416,1
0,-1,6416,1
0,-1,6416,1
0.269685598313303,-1,6416,1
0.0501863177783835,-1,6416,1
0,-1,6416,1
-0.0665681637758238,-1,6416,1
-0.0332840818879119,-1,6416,1
0.554851719470503,-1,6416,1
-0.0796404722221838,-1,6416,1
0,-1,6416,1
-0.0665681637758238,-1,6416,1
0.395871690189053,-1,6416,1
0,-1,6416,1
-0.11672090038744,-1,6416,1
-0.0294642611617052,-1,6416,1
0.228493283996235,-1,6416,1
0,-1,6416,1
0,-1,6416,1
0.0893205682585804,-1,6416,1
0,-1,6416,1
0,-1,6416,1
0,-1,6416,1
-0.0332840818879119,-1,6416,1
0,-1,6416,1
-0.0332840818879119,-1,6416,1
0,-1,6416,1
0,-1,6416,1
0,-1,6416,1
-0.212550991423262,-1,6416,1
0,-1,6416,1
-0.0481040019739628,-1,6416,1
0,-1,6416,1
0,-1,6416,1
0,-1,6416,1
0,-1,6416,1
0,-1,6416,1
0.233192427473208,-1,6416,1
-0.0959597569487252,-1,6416,1
0,-1,6416,1
0,-1,6416,1
-0.0805260815127615,-1,6416,1
-0.0332840818879119,-1,6416,1
0.0974330768437768,-1,6416,1
-0.146725107572853,-1,6416,1
0.410804262989665,-1,6416,1
0.150549001917544,-1,6416,1
0.119589300245224,-1,6416,1
0.0173237482565051,-1,6416,1
-0.0332840818879119,-1,6416,1
0.174317262457262,-1,6416,1
-0.111620896073358,-1,6416,1
-0.156538992090468,-1,6416,1
-0.302730906155243,-1,6416,1
0,-1,6416,1
0,-1,6416,1
-0.00770265955304836,-1,6416,1
0,-1,6416,1
-0.0332840818879119,-1,6416,1
0.0467262447617471,-1,6416,1
0.317634067140529,-1,6416,1
0,-1,6416,1
0,-1,6416,1
0,-1,6416,1
0,-1,6416,1
-0.151453333480665,-1,6416,1
-0.102091854724585,-1,6416,1
-0.0332840818879119,-1,6416,1
-0.211218844970887,-1,6416,1
0,-1,6416,1
0,-1,6416,1
0,-1,6416,1
0.0486348334029656,-1,6416,1
0,-1,6416,1
0,-1,6416,1
-0.0583950870649792,-1,6416,1
0.0402795231791323,-1,6416,1
0,-1,6416,1
0,-1,6416,1
0.542129973102644,-1,6416,1
0,-1,6416,1
0.378234534124015,-1,6416,1
0.0279321864046085,-1,6416,1
-0.329634347043136,-1,6416,1
-0.13827349169152,-1,6416,1
-0.0665681637758238,-1,6416,1
0,-1,6416,1
-0.0332840818879119,-1,6416,1
0.565620357670387,-1,6416,1
0.176511880579166,-1,6416,1
-0.0927177179989889,-1,6416,1
0,-1,6416,1
-0.242372826709464,-1,6416,1
-0.0332840818879119,-1,6416,1
-0.00206172551996481,-1,6416,1
0,-1,6416,1
0,-1,6416,1
0,-1,6416,1
-0.0965859369375967,-1,6416,1
-0.079398653312042,-1,6416,1
-0.0332840818879119,-1,6416,1
0,-1,6416,1
-0.10802258397976,-1,6416,1
0,-1,6416,1
0.126110053740245,-1,6416,1
0,-1,6416,1
0,-1,6416,1
-0.0665681637758238,-1,6416,1
0,-1,6416,1
0.0931333749054629,-1,6416,1
0,-1,6416,1
-0.0332840818879119,-1,6416,1
-0.162372361370268,-1,6416,1
-0.146085063002581,-1,6416,1
0.55770273413119,-1,6416,1
0,-1,6416,1
-0.00946822347838631,-1,6416,1
-0.097127769092371,-1,6416,1
0,-1,6416,1
0.0813399723993642,-1,6416,1
0.35776942604057,-1,6416,1
0,-1,6416,1
0,-1,6416,1
0.20074173361171,-1,6416,1
0.0514017551183338,-1,6416,1
0.116931015756019,-1,6416,1
0,-1,6416,1
-0.0522753483558053,-1,6416,1
-0.0533153620139608,-1,6416,1
0,-1,6416,1
-0.05995232340863,-1,6416,1
-0.240205632527569,-1,6416,1
-0.0969252476388325,-1,6416,1
-0.111137613937643,-1,6416,1
-0.0485349190734979,-1,6416,1
-0.175943379383573,-1,6416,1
-0.118109090595016,-1,6416,1
0,-1,6416,1
-0.0332840818879119,-1,6416,1
0,-1,6416,1
0.10539485926924,-1,6416,1
-0.121544328452415,-1,6416,1
0.0713814357354252,-1,6416,1
0,-1,6416,1
0,-1,6416,1
0,-1,6416,1
-0.0332840818879119,-1,6416,1
0,-1,6416,1
0,-1,6416,1
0.322922339700949,-1,6416,1
0.138638337396634,-1,6416,1
0.335119756295197,-1,6416,1
0.0587965464286596,-1,6416,1
-0.00169307304048703,-1,6416,1
-0.138006054995326,-1,6416,1
0,-1,6416,1
0,-1,6416,1
0,-1,6416,1
-0.107428449920831,-1,6416,1
0.148244657611346,-1,6416,1
-0.0332840818879119,-1,6416,1
-0.0837158790312114,-1,6416,1
0,-1,6416,1
0,-1,6416,1
0,-1,6416,1
-0.119077046894144,-1,6416,1
-0.0332840818879119,-1,6416,1
0.259397438549479,-1,6416,1
0,-1,6416,1
0,-1,6416,1
0,-1,6416,1
0,-1,6416,1
-0.106503625909994,-1,6416,1
0,-1,6416,1
-0.134451709747579,-1,6416,1
-0.0665681637758239,-1,6416,1
0,-1,6416,1
-0.130000636681205,-1,6416,1
-0.178288592745595,-1,6416,1
0,-1,6416,1
-0.0866594598864377,-1,6416,1
-0.0939718576838118,-1,6416,1
-0.0203483179545128,-1,6416,1
0,-1,6416,1
-0.150032070283171,-1,6416,1
0.0667427874388377,-1,6416,1
-0.0367434172406556,-1,6416,1
0,-1,6416,1
0,-1,6416,1
-0.0332840818879119,-1,6416,1
-0.151510249212304,-1,6416,1
0,-1,6416,1
0,-1,6416,1
0.138906165177552,-1,6416,1
-0.168469171786906,-1,6416,1
0,-1,6416,1
-0.113381251722798,-1,6416,1
0.536063500777779,-1,6416,1
-0.0332840818879119,-1,6416,1
0,-1,6416,1
-0.0332840818879119,-1,6416,1
-0.0332840818879119,-1,6416,1
-0.0553535967103861,-1,6416,1
0.214494730875542,-1,6416,1
-0.0958514201422071,-1,6416,1
0,-1,6416,1
0,-1,6416,1
0.0636222087215459,-1,6416,1
0,-1,6416,1
0,-1,6416,1
0.392699081698724,-1,6416,1
0.167354991318369,-1,6416,1
-0.0817308235080533,-1,6416,1
0,-1,6416,1
0.377411608471797,-1,6416,1
0.341540945650645,-1,6416,1
0.213212786956588,-1,6416,1
0,-1,6416,1
0,-1,6416,1
-0.156666960203453,-1,6416,1
-0.226510565416674,-1,6416,1
-0.184056751327968,-1,6416,1
0.0241729190016918,-1,6416,1
0.0799349211226572,-1,6416,1
0,-1,6416,1
0.654312108181772,-1,6416,1
0.0166751108126145,-1,6416,1
0.213732999225255,-1,6416,1
-0.0332840818879119,-1,6416,1
-0.0419013516619598,-1,6416,1
-0.0332840818879119,-1,6416,1
0.210484973446726,-1,6416,1
0.609842204986903,-1,6416,1
0.359406025568611,-1,6416,1
-0.108220936041671,-1,6416,1
-0.0332840818879119,-1,6416,1
0.767161482193095,-1,6416,1
-0.116357551905879,-1,6416,1
0.0109378531593244,-1,6416,1
0,-1,6416,1
-0.0446100954942324,-1,6416,1
0.214918180289909,-1,6416,1
0,-1,6416,1
-0.14079620138408,-1,6416,1
0.390176492990456,-1,6416,1
0.392699081698724,-1,6416,1
0.199578782752601,-1,6416,1
0.229509890651799,-1,6416,1
0,-1,6416,1
0.0317653340005245,-1,6416,1
0.634404112730814,-1,6416,1
0.17744507715764,-1,6416,1
-0.137967734294426,-1,6416,1
0,-1,6416,1
-0.0486007916131728,-1,6416,1
0,-1,6416,1
0,-1,6416,1
-0.0332840818879119,-1,6416,1
-0.115845306450922,-1,6416,1
0,-1,6416,1
0,-1,6416,1
0,-1,6416,1
0,-1,6431,1
0,-1,6431,1
0,-1,6431,1
0.40070892431918,-1,6431,1
-0.214094965766545,-1,6431,1
-0.0658855194866997,-1,6431,1
-0.0636475555490067,-1,6431,1
0,-1,6431,1
-0.0596910580762344,-1,6431,1
0.144248671247141,-1,6431,1
-0.167758110910726,-1,6431,1
-0.165100181338231,-1,6431,1
0.0992711435940371,-1,6431,1
0.491099852210524,-1,6431,1
0,-1,6431,1
-0.0857098129591011,-1,6431,1
0,-1,6431,1
0.346957420771505,-1,6431,1
0.105891263044437,-1,6431,1
0,-1,6431,1
-0.108764367962051,-1,6431,1
-0.176943616564173,-1,6431,1
0.310849930961358,-1,6431,1
0.0815767429923974,-1,6431,1
0.244972980274885,-1,6431,1
-0.148746864078534,-1,6431,1
-0.270331269535138,-1,6431,1
-0.315440702570193,-1,6431,1
0.386170747781945,-1,6431,1
-0.0862623359811073,-1,6431,1
0.24849972872148,-1,6431,1
0,-1,6431,1
0.0183974680034212,-1,6431,1
0,-1,6431,1
-0.231834018346635,-1,6431,1
-0.0153751202753633,-1,6431,1
-0.319018153845355,-1,6431,1
-0.0903925207525092,-1,6431,1
-0.0931679408874049,-1,6431,1
-0.0999582595617407,-1,6431,1
0.0948231032801046,-1,6431,1
-0.0602076505073774,-1,6431,1
0.00295106113045806,-1,6431,1
-0.0879789121400245,-1,6431,1
0.0263316203483376,-1,6431,1
-0.271316547671585,-1,6431,1
-0.241885715948041,-1,6431,1
0.178275216588182,-1,6431,1
0,-1,6431,1
-0.225291102793551,-1,6431,1
-0.223951378177655,-1,6431,1
-0.320295231998736,-1,6431,1
0.256790744621334,-1,6431,1
0.00965991938544895,-1,6431,1
-0.26337335625921,-1,6431,1
-0.0422661770681838,-1,6431,1
0.282377778311428,-1,6431,1
-0.0639324375009949,-1,6431,1
-0.0760825434626493,-1,6431,1
0,-1,6431,1
-0.0818536510542919,-1,6431,1
-0.0984833473023706,-1,6431,1
0,-1,6431,1
-0.0490221748429513,-1,6431,1
-0.03809839133299,-1,6431,1
-0.212534995020252,-1,6431,1
-0.0332840818879119,-1,6431,1
0.33298498946996,-1,6431,1
-0.12407727693213,-1,6431,1
-0.00718135500888136,-1,6431,1
-0.0484527287004545,-1,6431,1
-0.22932356010095,-1,6431,1
0.289560318282723,-1,6431,1
-0.23308061485796,-1,6431,1
0.0111719036940584,-1,6431,1
0.130787088482563,-1,6431,1
-0.43338555474538,-1,6431,1
-0.134441309581672,-1,6431,1
-0.139139730679375,-1,6431,1
-0.0332840818879119,-1,6431,1
0.16952515403172,-1,6431,1
0,-1,6431,1
-0.0665681637758238,-1,6431,1
-0.0484527287004545,-1,6431,1
-0.192921548286379,-1,6431,1
0,-1,6431,1
0.110385364951789,-1,6431,1
0.580202909675228,-1,6431,1
0.189736795085682,-1,6431,1
0.12208939348621,-1,6431,1
0.35731450622193,-1,6431,1
0.0242043352257634,-1,6431,1
-0.272274014059543,-1,6431,1
-0.200159775685745,-1,6431,1
-0.0332840818879119,-1,6431,1
-0.079191394181599,-1,6431,1
-0.0822709324953228,-1,6431,1
0.241775514163296,-1,6431,1
-0.123508050014468,-1,6431,1
-0.313169235199533,-1,6431,1
-0.0152083863719553,-1,6431,1
-0.0594609995509609,-1,6431,1
-0.164765640576805,-1,6431,1
-0.131731512949393,-1,6431,1
-0.0332840818879119,-1,6431,1
0.0214531565818415,-1,6431,1
-0.0660702203686687,-1,6431,1
0,-1,6431,1
-0.292257640698439,-1,6431,1
0,-1,6431,1
0,-1,6431,1
0.0484288071424642,-1,6431,1
0.0587602054241674,-1,6431,1
-0.0806506804146618,-1,6431,1
-0.0587721616314422,-1,6431,1
0,-1,6431,1
0,-1,6431,1
0,-1,6431,1
-0.177492273509461,-1,6431,1
-0.0596677264430647,-1,6431,1
0,-1,6431,1
-0.0332840818879119,-1,6431,1
0.175852267806687,-1,6431,1
-0.0939231400744223,-1,6431,1
0,-1,6431,1
0.080955996197864,-1,6431,1
-0.164066705398222,-1,6431,1
0.0136421044813891,-1,6431,1
0.0585466225683325,-1,6431,1
-0.0665681637758238,-1,6431,1
0,-1,6431,1
0,-1,6431,1
0.0543548656910547,-1,6431,1
0.134380386119456,-1,6431,1
0.594885752176555,-1,6431,1
0.131993157826404,-1,6431,1
-0.0702266557281215,-1,6431,1
-0.129065081788237,-1,6431,1
0.0317175290085367,-1,6431,1
-0.0798718902655636,-1,6431,1
0.241603767621761,-1,6431,1
0,-1,6431,1
-0.0958384784225254,-1,6431,1
0,-1,6431,1
0.407111938303262,-1,6431,1
