Time (s), Cell Name, Value
1274.455489, C00, 10.96327
2.148323, C01, 6.557548
51.509804, C01, 5.787236
138.591851, C01, 5.835258
744.01941, C01, 7.492003
1275.704514, C01, 6.502218
1740.541782, C01, 7.779661
3.097582, C03, 4.814693
97.773703, C03, 6.54404
123.653508, C03, 4.955691
230.170388, C03, 5.828878
231.819101, C03, 9.785892
254.151674, C03, 5.036555
356.621713, C03, 5.16627
364.265748, C03, 4.959885
487.069919, C03, 5.36231
584.24409, C03, 4.780162
619.416643, C03, 5.028948
619.816331, C03, 5.563733
620.715629, C03, 4.875387
720.737578, C03, 6.111848
755.5604039999999, C03, 6.155561
756.4097420000001, C03, 5.578981
758.857831, C03, 7.304657
767.900775, C03, 5.11415
769.249722, C03, 5.52072
778.492509, C03, 9.560229
784.987441, C03, 6.828806
914.786154, C03, 5.295092
915.235803, C03, 5.069894
916.784594, C03, 5.247978
1020.753463, C03, 5.155453
1030.545822, C03, 4.912384
1031.145354, C03, 5.022042
1035.39204, C03, 5.334112
1052.178941, C03, 6.659753
1112.481884, C03, 5.02159
1132.166523, C03, 5.008525
1294.489855, C03, 5.264026
1488.588392, C03, 5.343554
1804.242075, C03, 5.704532
1850.955622, C03, 4.818032
1890.924433, C03, 4.795336
1955.124335, C03, 5.157451
2022.821508, C03, 4.761571
2028.81683, C03, 4.9757
306.460855, C04, 8.572264
357.620933, C04, 9.847062
757.508884, C04, 9.213089
761.4558039999999, C04, 10.82683
763.054556, C04, 10.643
1050.979876, C04, 10.83676
1487.789016, C04, 9.677551
1491.735936, C04, 14.42723
1493.484571, C04, 11.60641
642.798397, C05, 12.45271
909.290442, C05, 11.18924
1052.12898, C05, 12.24195
1105.037693, C05, 11.03434
1195.1174, C05, 10.52952
1492.535312, C05, 10.42128
1525.909269, C05, 11.64208
1748.435623, C05, 10.64382
7.244346, C06, 5.37789
14.788459, C06, 5.69907
51.509804, C06, 5.82297
63.750253, C06, 5.89357
102.170272, C06, 6.799815
149.933001, C06, 5.366887
187.403761, C06, 5.333024
191.250759, C06, 5.149613
192.499784, C06, 5.879564
193.648887, C06, 5.813214
226.223468, C06, 5.606912
254.101713, C06, 8.787805
254.951051, C06, 5.556776
291.722356, C06, 5.111288
298.666937, C06, 5.432419
321.94877, C06, 6.390901
329.692727, C06, 5.189717
340.134578, C06, 5.368467
438.607736, C06, 5.119967
632.256623, C06, 5.100303
687.213738, C06, 5.545793
758.5580650000001, C06, 6.666104
760.606467, C06, 6.127539
761.4558039999999, C06, 12.55963
762.055336, C06, 7.264653
762.455024, C06, 10.16496
862.2771289999999, C06, 5.875038
895.601125, C06, 5.36162
908.491066, C06, 8.045052
936.1694680000001, C06, 5.386094
1018.755023, C06, 5.454986
1033.243717, C06, 5.42967
1048.831553, C06, 5.154794
1051.479486, C06, 5.744111
1053.427966, C06, 6.371575
1056.225783, C06, 5.728234
1206.358628, C06, 5.216177
1394.661687, C06, 5.625875
1488.48847, C06, 6.404
1491.186365, C06, 5.187275
1528.107554, C06, 5.944899
1540.348002, C06, 6.041322
1747.536324, C06, 6.53927
1771.367728, C06, 5.435278
1936.438916, C06, 5.309025
1962.76837, C06, 5.10655
3.397348, C07, 8.049563
96.424755, C07, 6.058946
97.423976, C07, 7.327076
115.260057, C07, 7.163809
115.509862, C07, 8.583086
116.209317, C07, 6.449966
116.509083, C07, 14.30592
229.171168, C07, 7.515737
229.970544, C07, 6.857533
230.370232, C07, 6.385445
230.819881, C07, 6.335129
298.417132, C07, 11.26373
298.866781, C07, 6.231258
336.237619, C07, 6.324643
336.437463, C07, 6.605342
336.737229, C07, 5.97511
339.485085, C07, 10.84759
339.984695, C07, 6.036074
340.584227, C07, 6.029125
486.420425, C07, 7.591433
487.269763, C07, 7.028887
487.569529, C07, 7.583036
614.070815, C07, 8.625146
614.470503, C07, 7.525934
614.870191, C07, 6.739377
615.020074, C07, 7.885056
616.668787, C07, 7.393669
753.86173, C07, 8.325726
773.2466030000001, C07, 11.16765
773.746213, C07, 7.374563
773.996018, C07, 8.496596
774.295784, C07, 10.75046
774.945278, C07, 6.430782
775.195083, C07, 8.720882
775.894537, C07, 6.237789
784.887519, C07, 9.423504
785.237246, C07, 12.16216
785.786817, C07, 6.338943
788.734517, C07, 7.652195
789.034283, C07, 6.593994
789.3340490000001, C07, 8.64669
914.486388, C07, 8.030649
915.435647, C07, 6.668072
1029.096952, C07, 8.601665
1029.44668, C07, 7.168232
1029.746446, C07, 6.638083
1030.395939, C07, 6.565853
1127.170422, C07, 6.251195
1539.648548, C07, 13.49586
1540.348002, C07, 10.19797
1541.097417, C07, 7.2187
1610.992875, C07, 6.664601
1655.008528, C07, 9.015668
1655.807904, C07, 6.350899
1656.507358, C07, 6.53157
1956.523243, C07, 6.229096
1957.422541, C07, 6.420435
69.945418, C08, 10.27717
70.494989, C08, 6.648201
179.659803, C08, 8.573517
268.890173, C08, 6.85008
433.961361, C08, 12.06542
435.160426, C08, 6.801014
567.607072, C08, 7.515448
568.856097, C08, 7.58005
727.73212, C08, 6.877407
728.131808, C08, 7.679152
728.581457, C08, 7.794395
732.028767, C08, 7.028888
869.6713590000001, C08, 7.733401
871.120228, C08, 6.719538
937.618337, C08, 6.684704
938.018025, C08, 7.469348
1144.956542, C08, 10.74531
1331.361083, C08, 7.118562
1371.180011, C08, 6.767267
1810.737006, C08, 9.819014
14.888381, C09, 5.915712
72.743235, C09, 4.703727
74.891559, C09, 5.239198
185.555203, C09, 6.123604
259.247698, C09, 4.689477
268.890173, C09, 5.53243
370.910563, C09, 4.759885
405.883272, C09, 4.983066
432.862219, C09, 6.137457
434.810699, C09, 4.838772
435.510153, C09, 7.87212
435.959802, C09, 6.297379
438.357931, C09, 7.928519
494.713954, C09, 4.713043
568.556331, C09, 5.377633
569.2557859999999, C09, 6.444289
571.5040310000001, C09, 5.013666
573.452511, C09, 5.612659
685.065415, C09, 5.608417
691.560346, C09, 4.918787
732.528377, C09, 4.976837
790.7329580000001, C09, 5.514111
861.177987, C09, 4.652626
870.370813, C09, 5.630877
871.0702669999999, C09, 4.802011
936.968844, C09, 4.760472
938.9672839999999, C09, 6.248218
940.266271, C09, 5.378728
944.313113, C09, 4.701015
946.461436, C09, 4.798622
973.840072, C09, 4.68105
1059.573171, C09, 5.191248
1063.919779, C09, 5.162069
1093.097011, C09, 6.114215
1095.345256, C09, 5.09402
1144.506893, C09, 6.797105
1212.503832, C09, 5.703462
1247.476542, C09, 4.83287
1268.060479, C09, 6.448671
1286.496093, C09, 4.731868
1327.963734, C09, 4.669097
1355.092565, C09, 5.767312
1495.582934, C09, 4.759828
1563.230146, C09, 4.812632
1585.063109, C09, 5.613624
1766.521509, C09, 5.101663
1809.388059, C09, 5.489785
1811.736227, C09, 5.036665
1812.535603, C09, 5.831823
1818.680807, C09, 4.83121
1906.362386, C09, 4.685148
1986.050202, C09, 4.893003
333.389842, C10, 5.874225
693.758631, C10, 5.754439
694.108358, C10, 6.23405
1095.994749, C10, 6.084009
1096.794126, C10, 6.341816
1157.296913, C10, 5.678142
433.761517, C11, 6.004079
645.046643, C11, 5.658823
32.824385, C12, 13.96488
69.645652, C12, 12.14971
74.242065, C12, 17.33488
137.392786, C12, 26.85793
138.242123, C12, 19.46788
231.819101, C12, 13.3157
523.791263, C12, 13.08374
524.340835, C12, 15.49507
686.414362, C12, 12.57876
788.834439, C12, 21.61179
789.533893, C12, 24.7902
790.682997, C12, 12.37844
1150.951864, C12, 12.488
1430.084046, C12, 13.64948
1435.879523, C12, 13.48736
1436.279211, C12, 13.78908
139.790915, C13, 13.59665
1440.525897, C13, 11.1571
349.277444, C14, 11.23836
1417.943519, C14, 10.70795
51.659687, C15, 6.46923
349.527249, C15, 6.184087
350.276664, C15, 8.529683
351.375806, C15, 8.892973
351.975339, C15, 9.012119
356.721635, C15, 7.400809
828.753289, C15, 6.029994
952.756524, C15, 6.299942
1000.269448, C15, 6.879288
1103.588823, C15, 5.984501
1236.335236, C15, 8.103345
1521.113012, C15, 6.064106
43.715886, C16, 7.551353
318.101771, C16, 9.531734
318.951109, C16, 6.873099
524.840445, C16, 6.624309
711.744596, C16, 5.881139
839.594829, C16, 5.874835
934.570715, C16, 5.621963
35.772085, C18, 8.91823
95.225691, C18, 9.143167
105.317816, C18, 10.12482
161.673839, C18, 8.670307
255.001012, C18, 9.355101
1153.399954, C18, 9.982773
1154.249291, C18, 10.28344
4.696335, C19, 6.284036
7.194385, C19, 7.532319
11.391111, C19, 5.394058
12.290409, C19, 5.895548
20.134288, C19, 5.904957
34.073411, C19, 6.700881
36.271695, C19, 5.483106
59.053917, C19, 5.818504
64.499668, C19, 5.389837
80.786958, C19, 5.857174
91.62849799999999, C19, 5.786918
97.324054, C19, 5.243388
111.612903, C19, 6.51824
142.03916, C19, 6.054948
146.685535, C19, 5.469033
155.678517, C19, 6.434543
165.520837, C19, 5.42692
166.370174, C19, 5.88495
189.951772, C19, 5.431973
210.185983, C19, 5.616566
246.607561, C19, 5.627582
260.546684, C19, 5.440323
272.986976, C19, 5.805602
303.563117, C19, 7.382715
306.760621, C19, 7.008276
331.241518, C19, 5.900226
356.621713, C19, 5.369602
357.570972, C19, 5.870127
371.610017, C19, 5.627829
373.058886, C19, 6.35705
391.244695, C19, 7.46039
397.789588, C19, 5.970347
421.271264, C19, 9.034998
429.614753, C19, 7.284618
446.601498, C19, 7.066813
457.892687, C19, 5.421157
466.036332, C19, 5.905012
469.033993, C19, 5.571542
479.076156, C19, 5.6532
505.505533, C19, 5.727727
546.273719, C19, 6.252696
560.412686, C19, 5.259818
567.906838, C19, 5.585184
586.24253, C19, 5.698977
586.392413, C19, 5.289303
604.97791, C19, 5.228443
633.55561, C19, 5.748669
636.952959, C19, 5.651852
640.45023, C19, 5.78195
647.244927, C19, 5.301246
695.157539, C19, 6.678769
696.856214, C19, 5.562434
703.7508340000001, C19, 6.576529
774.59555, C19, 5.593184
776.294225, C19, 6.7161
803.772782, C19, 6.867981
811.1170509999999, C19, 5.283913
815.863347, C19, 6.315386
894.951632, C19, 6.838713
957.652703, C19, 7.365786
996.172645, C19, 7.313225
997.671475, C19, 5.300198
1000.069604, C19, 6.541659
1001.518473, C19, 6.310862
1007.7636, C19, 6.078964
1010.761261, C19, 5.285148
1011.910364, C19, 5.364296
1013.009506, C19, 7.103208
1020.153931, C19, 5.304511
1026.199214, C19, 5.880404
1027.248395, C19, 5.334602
1037.34052, C19, 8.591725
1065.668414, C19, 8.171108
1082.605198, C19, 7.417625
1092.247673, C19, 5.609827
1114.530285, C19, 5.307104
1159.545158, C19, 5.381731
1160.694262, C19, 5.504759
1169.037751, C19, 5.924087
1180.578745, C19, 6.038129
1183.376562, C19, 5.685056
1198.56471, C19, 5.256669
1203.460889, C19, 5.298986
1232.837965, C19, 6.574764
1244.528842, C19, 5.549822
1268.560089, C19, 5.557311
1291.242389, C19, 5.736648
1293.74044, C19, 6.531013
1323.866931, C19, 5.340112
1333.059758, C19, 5.490882
1386.068393, C19, 6.244462
1386.318198, C19, 5.481589
1406.602369, C19, 8.797239
1436.379133, C19, 5.56674
1442.973987, C19, 7.422367
1446.371336, C19, 5.337864
1456.663305, C19, 5.642091
1457.162915, C19, 7.788516
1465.656287, C19, 5.745665
1477.796813, C19, 5.263133
1480.994318, C19, 6.258466
1483.142642, C19, 5.886026
1490.237106, C19, 6.107783
1491.735936, C19, 5.602205
1495.832739, C19, 6.015591
1497.931102, C19, 5.66484
1508.522837, C19, 5.448781
1524.410439, C19, 5.371971
1530.155955, C19, 5.913073
1540.847612, C19, 6.437998
1555.336306, C19, 6.040437
1560.881978, C19, 6.795102
1561.081823, C19, 5.501669
1578.418294, C19, 5.653856
1581.116189, C19, 7.502339
1607.29576, C19, 5.565759
1620.385545, C19, 7.494563
1627.480009, C19, 8.27314
1630.227865, C19, 5.406888
1668.44804, C19, 5.697932
1670.696286, C19, 5.595897
1672.944531, C19, 7.329205
1693.628391, C19, 5.65607
1709.066344, C19, 5.732004
1727.701802, C19, 5.279446
1741.690886, C19, 5.775152
1747.886051, C19, 6.947166
1749.384882, C19, 6.894924
1751.78301, C19, 5.666904
1755.480125, C19, 5.635306
1771.117923, C19, 8.335892
1774.515272, C19, 6.359476
1776.763517, C19, 6.295392
1777.662815, C19, 6.048087
1780.060944, C19, 5.236179
1833.219462, C19, 6.719386
1923.84874, C19, 5.476267
1958.871411, C19, 5.510368
1973.859715, C19, 7.558259
1975.158701, C19, 5.270109
1975.458467, C19, 6.107011
1978.05644, C19, 5.236455
2007.083789, C19, 5.269809
2024.320338, C19, 6.159665
2052.398428, C19, 5.469101
2080.426556, C19, 5.393138
2083.474178, C19, 7.665628
2099.661546, C19, 8.460621
13.789239, C20, 8.051075
17.886042, C20, 12.52163
21.23343, C20, 11.1887
22.882144, C20, 7.956831
24.18113, C20, 11.03118
34.872787, C20, 7.62882
92.527796, C20, 8.326597
94.975886, C20, 7.794703
109.614463, C20, 18.46589
110.863488, C20, 6.756714
169.217952, C20, 6.771568
171.566119, C20, 6.596922
180.708985, C20, 7.075494
261.84567, C20, 6.740592
301.214949, C20, 6.474606
312.656021, C20, 7.982255
455.994168, C20, 7.519134
466.186215, C20, 6.601136
488.019178, C20, 7.052036
490.667112, C20, 6.588779
500.309587, C20, 8.543654
515.647618, C20, 7.105407
526.489158, C20, 7.918006
675.2230949999999, C20, 6.658803
756.759469, C20, 7.098849
1049.231241, C20, 6.484261
1156.897225, C20, 8.379794
1162.742663, C20, 8.896815
1373.678061, C20, 7.864906
1455.064552, C20, 7.082484
1484.941238, C20, 6.818703
1733.797046, C20, 7.645327
1749.584726, C20, 8.015616
1762.524628, C20, 7.314906
102.07035, C21, 9.676757
526.189392, C21, 8.929258
504.856039, C22, 8.11939
130.947815, C23, 6.030012
600.431458, C23, 6.09821
1065.618453, C23, 6.028743
1314.224456, C23, 7.090096
1881.531762, C23, 6.671247
77.339648, C24, 9.328716
1.49883, C25, 5.425276
2.647933, C25, 5.342811
31.025789, C25, 5.463816
31.775204, C25, 6.80555
35.971929, C25, 5.224251
65.49888799999999, C25, 5.53826
142.638693, C25, 4.975045
166.220291, C25, 6.311562
187.453722, C25, 5.945729
193.249199, C25, 5.954528
210.435788, C25, 5.061389
211.385047, C25, 5.232507
216.081382, C25, 6.012121
233.767581, C25, 5.233312
237.814423, C25, 5.303454
241.061889, C25, 5.164472
275.684871, C25, 5.438974
282.929218, C25, 5.54706
283.778555, C25, 5.006504
288.175124, C25, 5.078356
293.421031, C25, 5.204643
313.555319, C25, 5.913032
315.453838, C25, 5.842261
323.897249, C25, 5.083629
327.594364, C25, 5.138996
333.040114, C25, 5.561878
345.180641, C25, 5.96623
376.306352, C25, 5.301054
377.055767, C25, 5.843107
395.291537, C25, 7.010027
426.01756, C25, 5.651331
434.460972, C25, 4.957384
440.656137, C25, 7.236531
448.849743, C25, 5.15088
471.082394, C25, 5.024135
499.809977, C25, 5.229507
519.994226, C25, 5.308971
551.319782, C25, 5.058935
557.215181, C25, 5.080274
566.557891, C25, 5.640029
576.600055, C25, 5.494092
627.510327, C25, 6.321507
654.988884, C25, 5.359629
656.287871, C25, 5.655337
668.5782799999999, C25, 5.941772
708.7968959999999, C25, 5.498985
710.345687, C25, 6.12399
715.491672, C25, 4.922161
725.184108, C25, 5.654468
726.882783, C25, 5.219803
766.152139, C25, 4.972801
816.2630360000001, C25, 4.942446
826.4550819999999, C25, 5.102835
839.794673, C25, 5.303272
843.841515, C25, 5.374261
861.82748, C25, 5.488386
894.751788, C25, 5.482125
900.547265, C25, 5.692088
905.943055, C25, 4.941247
923.879058, C25, 6.755637
936.769, C25, 5.321794
937.968064, C25, 5.415318
951.257694, C25, 5.175304
957.802586, C25, 4.93383
974.1398380000001, C25, 5.326908
979.435705, C25, 5.484187
1050.130539, C25, 5.603114
1057.874496, C25, 4.929721
1089.849545, C25, 4.938218
1092.497478, C25, 5.727286
1097.093892, C25, 5.329264
1139.710636, C25, 5.235449
1151.551396, C25, 5.969719
1151.701279, C25, 7.006744
1175.432761, C25, 4.931338
1178.080694, C25, 5.027369
1198.614671, C25, 5.09653
1222.795801, C25, 5.148776
1330.411824, C25, 5.074998
1330.811512, C25, 7.308321
1347.348607, C25, 5.945364
1378.973929, C25, 6.255771
1389.565664, C25, 5.236557
1390.315079, C25, 5.139512
1417.893558, C25, 5.999514
1428.685137, C25, 5.334539
1457.562603, C25, 5.091641
1493.284727, C25, 5.085017
1533.053694, C25, 5.638671
1605.197397, C25, 5.242208
1638.87112, C25, 5.267084
1652.060828, C25, 4.944416
1653.759502, C25, 6.585985
1686.933615, C25, 5.435715
1844.760456, C25, 5.086753
1855.452113, C25, 4.970773
1857.100827, C25, 4.991238
1312.725625, C26, 12.42495
11.940682, C27, 4.696542
12.090565, C27, 8.40131
13.089785, C27, 4.628594
27.578479, C27, 4.740709
52.409103, C27, 4.992445
76.49031100000001, C27, 5.986358
109.314697, C27, 5.275296
113.811188, C27, 4.828042
130.997776, C27, 6.884927
131.897075, C27, 4.672721
138.491928, C27, 5.598322
148.733936, C27, 5.576662
161.174229, C27, 4.877518
162.373293, C27, 4.926308
166.869784, C27, 5.193104
174.313975, C27, 6.083923
175.313195, C27, 6.174828
198.844833, C27, 4.888369
204.290583, C27, 4.573434
217.879979, C27, 4.913256
232.818322, C27, 5.892761
239.413175, C27, 6.191119
244.309355, C27, 5.400162
254.251596, C27, 4.9506
261.396021, C27, 4.836294
270.638809, C27, 5.457947
274.236002, C27, 6.317117
298.716898, C27, 5.06577
313.905046, C27, 4.982326
315.953448, C27, 4.70795
326.095534, C27, 4.538745
329.542844, C27, 5.461535
331.291479, C27, 4.54017
365.264968, C27, 5.648137
385.199412, C27, 4.546863
397.040173, C27, 5.590609
403.035494, C27, 5.043338
406.582726, C27, 5.145729
410.579607, C27, 4.959455
437.708437, C27, 5.462393
453.745923, C27, 4.974897
550.420484, C27, 5.453987
560.512608, C27, 4.763418
572.653134, C27, 5.106909
574.3018479999999, C27, 6.049162
588.940425, C27, 6.51944
650.692237, C27, 5.230652
652.5907560000001, C27, 4.579416
655.388573, C27, 4.775253
674.773446, C27, 5.445116
680.41904, C27, 5.491535
712.394089, C27, 4.675039
714.492451, C27, 5.217881
714.9421, C27, 6.234867
719.638436, C27, 5.469716
724.2348490000001, C27, 4.7765
734.826584, C27, 4.753169
743.369917, C27, 5.988028
747.166954, C27, 4.905853
747.916369, C27, 6.055619
777.243484, C27, 6.191416
781.98978, C27, 6.006186
786.686116, C27, 7.631575
791.882061, C27, 4.623724
794.2801899999999, C27, 4.778058
801.124849, C27, 5.727044
815.563581, C27, 4.904973
815.963269, C27, 4.655449
846.739254, C27, 5.482038
851.435589, C27, 4.840274
854.133484, C27, 7.259025
857.031222, C27, 5.484423
864.825141, C27, 5.878244
874.767382, C27, 4.688693
877.165511, C27, 4.650414
878.214692, C27, 4.687652
904.144458, C27, 4.878665
906.69247, C27, 4.625991
912.7877130000001, C27, 4.619577
915.5855299999999, C27, 5.650751
915.785374, C27, 6.386918
945.861904, C27, 6.338301
947.260813, C27, 4.547014
950.208512, C27, 5.459956
958.502041, C27, 7.172307
959.151534, C27, 5.714438
965.196816, C27, 6.14053
988.0789600000001, C27, 5.189233
990.02744, C27, 4.712544
1001.918161, C27, 5.209261
1010.161728, C27, 4.598549
1036.641065, C27, 5.117821
1041.28744, C27, 5.067863
1044.534906, C27, 4.539351
1046.982995, C27, 4.704126
1051.17972, C27, 4.72048
1052.079019, C27, 6.253595
1056.375666, C27, 4.645612
1062.470909, C27, 5.073206
1064.319467, C27, 4.835823
1066.068102, C27, 5.436195
1067.766777, C27, 4.707704
1070.514632, C27, 7.311918
1074.761319, C27, 4.640957
1077.409252, C27, 6.053014
1080.606757, C27, 4.759146
1085.103248, C27, 5.385047
1086.15243, C27, 5.79144
1089.449857, C27, 5.937009
1093.196933, C27, 7.58768
1109.684067, C27, 4.655813
1132.666133, C27, 4.736945
1139.860519, C27, 4.743443
1141.85896, C27, 4.812886
1143.607595, C27, 6.337252
1144.806659, C27, 5.281357
1145.106425, C27, 6.295267
1169.887088, C27, 6.296611
1179.079914, C27, 4.846502
1179.429642, C27, 5.151773
1179.579525, C27, 5.54758
1180.478823, C27, 6.058095
1184.026055, C27, 4.706393
1185.574846, C27, 4.886694
1194.867595, C27, 5.387814
1198.814515, C27, 4.997732
1205.559252, C27, 5.095361
1217.200168, C27, 4.636124
1227.342253, C27, 4.545109
1289.29391, C27, 6.625923
1293.140908, C27, 5.21229
1315.92313, C27, 5.032757
1318.471142, C27, 5.395649
1340.004338, C27, 4.932509
1347.448529, C27, 4.834081
1350.695995, C27, 5.097423
1361.587496, C27, 4.993544
1380.073071, C27, 4.763031
1380.422798, C27, 4.753167
1382.421239, C27, 5.463498
1387.667145, C27, 4.845146
1396.909933, C27, 4.809708
1428.934942, C27, 4.633657
1441.874845, C27, 4.897738
1446.321375, C27, 5.128842
1455.364318, C27, 5.216415
1490.386989, C27, 4.786237
1528.657125, C27, 5.743949
1530.305838, C27, 5.178185
1584.463577, C27, 5.536234
1594.705585, C27, 5.429175
1598.952271, C27, 4.76958
1608.045175, C27, 5.435548
1610.74307, C27, 4.596024
1624.632232, C27, 5.240658
1647.264571, C27, 5.667863
1650.911725, C27, 4.981648
1672.694726, C27, 4.656424
1689.431666, C27, 5.370178
1695.327065, C27, 4.990994
1702.321607, C27, 5.746907
1702.771256, C27, 5.505072
1712.014044, C27, 4.717646
1712.563615, C27, 5.317535
1719.758001, C27, 4.817147
1739.692445, C27, 5.798791
1747.83609, C27, 4.550961
1755.180359, C27, 4.889435
1759.726812, C27, 5.003708
1799.545739, C27, 4.949937
1801.144492, C27, 5.319903
1810.387279, C27, 4.690924
1818.131236, C27, 5.336909
1843.261626, C27, 5.942513
1853.053985, C27, 4.80458
1878.084452, C27, 6.057631
1882.331138, C27, 5.928417
1886.577825, C27, 4.819228
1891.474004, C27, 5.273561
1905.11336, C27, 4.889678
1931.292931, C27, 5.956622
1932.142269, C27, 4.730408
1946.880768, C27, 4.803839
1947.080612, C27, 5.482738
1949.878428, C27, 6.91059
1962.718409, C27, 5.651216
2001.438194, C27, 4.858521
2013.228993, C27, 5.380896
2018.924549, C27, 4.777518
2020.223535, C27, 5.221262
2027.36796, C27, 5.700661
2035.411683, C27, 4.731827
2042.106459, C27, 5.205316
2068.885562, C27, 5.042671
2082.424997, C27, 5.373716
2096.763808, C27, 6.382156
2097.563184, C27, 4.823318
569.755396, C30, 8.145063
653.589976, C30, 9.506134
704.999859, C30, 8.49465
888.5566219999999, C30, 10.05506
1166.189973, C30, 11.00849
1330.062097, C30, 7.90812
1427.136346, C30, 12.2754
1602.599425, C30, 7.904575
1676.142036, C30, 8.107409
2018.4749, C30, 8.53666
25.929765, C34, 11.76803
691.460424, C34, 13.89744
843.3918660000001, C34, 13.01574
1231.13929, C34, 12.8043
684.815609, C35, 6.57058
957.752625, C35, 9.19673
993.324867, C35, 6.729469
1194.367985, C35, 6.959668
222.226587, C36, 4.62487
280.231323, C36, 5.849391
298.666937, C36, 4.699263
308.409335, C36, 5.550098
395.741186, C36, 4.67701
395.891069, C36, 6.291044
396.340718, C36, 6.62734
399.038613, C36, 4.974338
399.638145, C36, 5.381278
426.117482, C36, 4.718304
499.95986, C36, 5.646047
504.955961, C36, 4.858829
621.864733, C36, 4.743991
649.6930170000001, C36, 4.636539
845.190462, C36, 6.842022
845.4402669999999, C36, 5.221332
846.139722, C36, 7.19136
846.53941, C36, 7.727945
846.9390979999999, C36, 5.11969
860.228727, C36, 4.981184
910.289663, C36, 5.351327
913.487168, C36, 5.150884
1062.02126, C36, 5.368917
1143.707517, C36, 5.097013
1177.131435, C36, 4.611556
1202.261825, C36, 4.871159
1295.489076, C36, 7.123182
1295.888764, C36, 7.897614
1296.388374, C36, 4.849586
1296.987906, C36, 4.673338
1297.387594, C36, 5.745687
1334.258822, C36, 4.859866
1374.427477, C36, 8.415632
1375.126931, C36, 5.284709
1377.325215, C36, 6.850523
1377.674943, C36, 6.882181
1384.419679, C36, 4.633403
1397.909153, C36, 4.73605
1461.809289, C36, 5.591961
1516.916287, C36, 4.89429
1890.624667, C36, 4.726768
1891.523965, C36, 6.615204
221.37725, C37, 47.128
433.361829, C37, 37.487
759.707168, C37, 34.24585
952.456758, C37, 34.82932
1146.205568, C37, 34.03613
1146.555295, C37, 35.5958
1147.054905, C37, 45.78197
1148.403852, C37, 32.57776
1416.144923, C37, 41.90603
1652.560438, C37, 31.63717
1766.421587, C37, 36.64447
1907.411567, C37, 31.85888
340.883994, C38, 53.67728
196.74647, C39, 21.4395
232.868283, C39, 27.6078
233.517776, C39, 35.30896
234.267191, C39, 26.14433
308.15953, C39, 51.38792
309.358594, C39, 25.30041
369.911342, C39, 33.823
370.360991, C39, 28.16872
371.26029, C39, 22.40579
427.916079, C39, 68.43111
428.565572, C39, 21.52056
428.915299, C39, 28.66306
581.096546, C39, 33.39286
581.546195, C39, 33.01182
583.045025, C39, 26.68269
583.344791, C39, 30.16792
583.644557, C39, 39.40781
583.9443240000001, C39, 26.2139
584.294051, C39, 29.7375
586.0926470000001, C39, 33.26459
650.492393, C39, 29.40544
650.942042, C39, 25.52168
686.464323, C39, 36.85828
751.063913, C39, 21.23437
825.8055890000001, C39, 42.51432
826.4550819999999, C39, 23.59395
826.754848, C39, 28.52954
827.054614, C39, 36.13169
827.504264, C39, 24.31694
827.754069, C39, 42.25208
828.403562, C39, 22.05724
829.053055, C39, 37.95975
830.651807, C39, 22.73462
830.8516509999999, C39, 28.21329
838.445725, C39, 55.44131
838.8953749999999, C39, 22.56866
839.14518, C39, 26.61366
937.168688, C39, 23.10216
937.468454, C39, 37.08538
992.775296, C39, 25.55591
993.174984, C39, 27.78679
1178.280538, C39, 33.20374
1178.979992, C39, 28.33706
1330.861473, C39, 43.16975
1331.510966, C39, 42.1082
1332.110498, C39, 25.0413
1332.759992, C39, 51.18079
1477.696891, C39, 23.26022
1764.972718, C39, 28.37554
1765.372406, C39, 22.52336
1803.392737, C39, 21.20488
1803.742464, C39, 35.12985
1804.441919, C39, 26.64198
1810.537162, C39, 35.89085
1810.836928, C39, 28.77835
1811.186655, C39, 39.13992
1811.636304, C39, 25.75897
1812.085954, C39, 29.85144
2080.376595, C39, 25.38014
2081.525699, C39, 26.96025
2081.925387, C39, 42.68629
42.616744, C40, 38.30567
96.37479399999999, C40, 47.01368
216.331187, C40, 38.28164
231.519335, C40, 96.00463
308.509257, C40, 33.49509
333.389842, C40, 34.13855
348.927717, C40, 34.34645
351.875417, C40, 69.06735
633.5056489999999, C40, 55.18564
686.664167, C40, 33.3559
718.789099, C40, 32.00843
719.938202, C40, 44.02264
720.787539, C40, 38.86395
738.473738, C40, 53.79295
739.173192, C40, 36.3858
924.878279, C40, 35.69685
928.325589, C40, 35.84567
951.007889, C40, 36.15878
1250.574125, C40, 43.30286
1263.563988, C40, 36.2187
1534.652446, C40, 32.63916
1699.423869, C40, 44.86677
526.938807, C41, 43.46198
754.960872, C41, 39.92637
1249.025333, C41, 35.75253
1731.448878, C41, 32.61844
2088.820007, C41, 46.03075
53.108557, C42, 27.89413
223.425651, C42, 29.78935
327.994052, C42, 39.53805
465.886449, C42, 35.30045
470.582784, C42, 73.82931
471.582004, C42, 39.46901
475.379041, C42, 37.22462
475.728769, C42, 27.56009
629.8584949999999, C42, 44.15164
649.293329, C42, 39.03352
652.740639, C42, 32.4444
653.2402489999999, C42, 33.87132
653.939703, C42, 41.86621
654.689118, C42, 29.72664
888.406739, C42, 34.09734
888.856388, C42, 36.831
891.754127, C42, 33.27448
1061.471689, C42, 26.11808
1061.871377, C42, 33.92875
1101.690305, C42, 58.21136
1471.052076, C42, 25.68553
2032.064295, C42, 27.52486
2071.283691, C42, 31.21165
2072.482755, C42, 30.93394
49.261559, C43, 38.99225
145.986081, C43, 26.67094
157.077425, C43, 43.29736
236.815203, C43, 26.13553
349.227483, C43, 27.01314
485.021517, C43, 23.2164
755.060794, C43, 22.44443
865.474634, C43, 41.26668
1111.082975, C43, 24.08463
1233.887146, C43, 25.65341
1518.814805, C43, 23.90159
1896.769871, C43, 22.50735
2023.820728, C43, 26.56243
2024.520182, C43, 27.56898
241.811304, C44, 34.7467
242.61068, C44, 34.06039
245.458458, C44, 19.5696
245.708263, C44, 25.19907
368.662317, C44, 29.65919
622.863953, C44, 24.12288
623.263641, C44, 19.89852
623.71329, C44, 32.25973
625.112199, C44, 20.0586
630.308144, C44, 23.643
729.530716, C44, 19.82883
729.880443, C44, 37.44476
764.4534650000001, C44, 29.2922
766.401944, C44, 25.91994
767.20132, C44, 20.52674
771.09828, C44, 35.83537
992.175764, C44, 25.00657
1280.650655, C44, 22.76147
1281.450031, C44, 22.62525
1282.699056, C44, 24.64883
1481.394006, C44, 36.50344
1484.391667, C44, 32.67979
2063.789539, C44, 29.5731
2073.681819, C44, 23.67377
2074.231391, C44, 23.35121
2074.880884, C44, 22.10748
2083.773944, C44, 33.05747
2084.173632, C44, 20.03355
77.239726, C46, 40.07159
363.616255, C46, 40.49374
339.185319, C47, 52.94456
378.254832, C47, 74.13037
1557.48463, C47, 66.52225
273.436626, C48, 32.27503
592.087969, C48, 30.91353
971.391982, C48, 32.03063
976.038356, C48, 31.82341
978.036797, C48, 36.09256
978.586368, C48, 33.91379
1787.904823, C48, 33.09803
2075.630299, C48, 34.31652
100.221792, C49, 33.60918
200.843273, C49, 51.83035
201.992376, C49, 35.46579
243.55994, C49, 34.53595
537.380659, C49, 42.20829
584.643778, C49, 37.45028
585.593037, C49, 94.29022
588.69062, C49, 111.311
589.589918, C49, 34.99864
766.951515, C49, 40.60075
790.83288, C49, 36.76253
904.194419, C49, 37.27189
908.091378, C49, 35.11414
970.092996, C49, 40.63312
1137.312507, C49, 44.88931
1654.808684, C49, 34.56026
1663.5019, C49, 35.03462
4.196725, C54, 22.48853
72.79319599999999, C54, 48.82359
73.39272800000001, C54, 26.94998
293.171226, C54, 27.09053
293.470992, C54, 61.52246
408.23144, C54, 28.84282
408.531206, C54, 23.00794
408.781011, C54, 37.63582
418.473447, C54, 50.33862
448.649899, C54, 24.95161
533.5336610000001, C54, 27.98624
533.783466, C54, 22.71523
534.882608, C54, 30.94944
535.232335, C54, 44.07442
535.6819850000001, C54, 26.78232
609.824128, C54, 39.50987
610.323739, C54, 30.03589
772.547149, C54, 23.92983
796.078786, C54, 27.82442
796.378552, C54, 50.78702
797.078006, C54, 24.2531
920.131982, C54, 26.49231
920.431748, C54, 58.70149
1168.038531, C54, 29.65297
1311.726405, C54, 24.67474
1518.465078, C54, 29.92281
1518.964688, C54, 28.79195
1519.314415, C54, 26.76744
1625.381647, C54, 27.50641
1625.781335, C54, 46.43272
1678.190438, C54, 34.94743
1678.740009, C54, 21.76963
1799.845505, C54, 23.19371
1800.195232, C54, 20.73917
1800.794765, C54, 22.1318
1898.068858, C54, 35.90559
2085.372697, C54, 43.84778
2086.222034, C54, 28.31001
150.732377, C55, 22.26777
152.580934, C55, 35.87881
155.978283, C55, 24.54235
258.598205, C55, 27.56538
271.388224, C55, 25.77469
272.287522, C55, 22.80441
355.52257, C55, 24.31233
366.214227, C55, 41.97798
573.702316, C55, 23.11731
698.904615, C55, 21.62583
733.527597, C55, 20.62627
876.1163299999999, C55, 24.49914
949.808824, C55, 20.06694
1057.324925, C55, 32.86659
1108.485003, C55, 20.94102
1331.71081, C55, 24.10034
1527.208256, C55, 21.26337
1565.528353, C55, 25.14309
1775.91418, C55, 20.90483
1824.076597, C55, 24.50984
1826.22492, C55, 20.8388
2060.342229, C55, 26.74558
2098.512443, C55, 21.2586
51.259999, C56, 25.22699
53.658128, C56, 20.1553
59.003956, C56, 15.09379
59.353683, C56, 17.16401
72.99303999999999, C56, 15.65803
445.202589, C56, 17.99434
465.736566, C56, 15.21685
604.128573, C56, 14.56983
736.6751410000001, C56, 24.34412
957.952469, C56, 20.21699
1010.411533, C56, 18.11511
1166.989349, C56, 14.74414
1486.440069, C56, 18.30407
1795.299053, C56, 16.56289
1927.795661, C56, 21.15055
2.148323, C57, 20.17039
61.052358, C57, 19.30809
93.22725, C57, 24.96846
216.181304, C57, 27.85438
242.011148, C57, 32.0089
277.933117, C57, 21.38197
281.979959, C57, 18.8347
365.614695, C57, 26.02602
369.161927, C57, 25.49107
497.411848, C57, 21.32427
500.409509, C57, 18.43977
642.848358, C57, 19.87172
660.134869, C57, 20.9221
834.049156, C57, 24.22081
836.996856, C57, 26.04509
838.595609, C57, 25.54571
851.835277, C57, 23.01752
924.578513, C57, 28.55609
1253.921512, C57, 22.24387
1254.171318, C57, 18.85023
1353.793578, C57, 18.70948
1354.39311, C57, 18.45999
1408.1012, C57, 18.31897
1410.59925, C57, 19.33941
1413.397067, C57, 18.58469
1414.496209, C57, 18.57816
1705.818878, C57, 18.74668
1706.818098, C57, 21.76063
1824.526246, C57, 19.45642
2057.544412, C57, 19.80365
2059.343009, C57, 19.27605
2095.564743, C57, 22.30024
25.67996, C58, 32.90754
243.260173, C58, 37.63155
713.393309, C58, 29.92783
750.564303, C58, 26.50595
1083.904184, C58, 26.87728
1084.603638, C58, 53.72359
1087.201611, C58, 32.41808
36.321656, C59, 25.41127
63.950097, C59, 29.04415
1091.198492, C59, 24.08849
378.054987, C60, 43.85451
861.5277139999999, C61, 34.85849
18.485574, C63, 28.20659
200.19378, C63, 25.68898
200.593468, C63, 84.83463
201.193, C63, 29.77341
201.542727, C63, 63.27155
202.14226, C63, 30.55569
292.621655, C63, 40.09547
467.135474, C63, 29.5179
606.077052, C63, 53.08112
639.800736, C63, 29.23369
640.1504640000001, C63, 34.8406
640.45023, C63, 35.40569
640.849918, C63, 29.15111
640.999801, C63, 37.55751
641.349528, C63, 31.24286
683.2668179999999, C63, 30.92393
685.365181, C63, 45.39716
733.527597, C63, 35.40504
765.2028800000001, C63, 41.93309
765.502646, C63, 28.76109
765.752451, C63, 33.47317
1010.411533, C63, 82.13699
1011.160949, C63, 42.79021
1011.610598, C63, 29.05678
1106.286718, C63, 30.88837
1165.990129, C63, 37.03137
1234.986288, C63, 42.01495
1235.635782, C63, 31.77077
1795.398975, C63, 35.55883
258.648166, C65, 49.18612
321.399198, C65, 57.50624
408.631128, C65, 52.18261
409.030816, C65, 104.729
514.798281, C65, 60.12159
810.917207, C65, 47.60692
911.388805, C65, 48.19332
1865.893965, C65, 57.18857
283.428828, C67, 42.05247
727.8820030000001, C67, 32.79081
1024.350656, C67, 32.32685
1059.623132, C67, 49.94469
1148.653657, C67, 39.89565
1151.75124, C67, 36.29298
41.217836, C69, 29.74817
173.914287, C69, 58.54722
228.921363, C69, 49.68705
229.920583, C69, 31.39053
270.838653, C69, 32.69088
348.57799, C69, 41.9953
349.177522, C69, 51.24732
349.477288, C69, 30.66692
349.876976, C69, 38.83739
558.414246, C69, 55.45629
686.764089, C69, 29.91457
719.138826, C69, 35.01882
720.5876950000001, C69, 35.13489
721.536954, C69, 30.922
722.835941, C69, 29.83109
723.335551, C69, 37.97121
727.482315, C69, 41.97473
728.23173, C69, 39.35584
728.5314959999999, C69, 63.91747
738.024089, C69, 50.2504
803.972626, C69, 36.37542
924.078902, C69, 30.80577
931.223327, C69, 33.60907
940.815842, C69, 37.38999
951.457538, C69, 39.04714
1038.489623, C69, 32.28557
1039.588765, C69, 31.43511
1188.422624, C69, 29.67125
1266.461727, C69, 29.83443
1268.060479, C69, 42.38343
0.049961, C70, 33.10907
141.689433, C70, 28.71535
298.616976, C70, 22.44804
303.962805, C70, 22.10546
1446.221453, C70, 29.13507
527.6382610000001, C71, 28.63274
1710.615135, C71, 24.05643
138.941578, C72, 42.77032
793.280969, C72, 41.41478
