InformationScore,FadPlusorMinus,MouseID,cohortID
4.55012274629177,1,6025,0
2.23069755618389,1,6025,0
34.4067336410535,1,6025,0
1.74814831829543,1,6025,0
4.46592451805593,1,6025,0
1.5958003793381,1,6025,0
2.79388487380402,1,6025,0
1.5538897107927,1,6025,0
9.16495297113051,1,6025,0
1.8815447275189,1,6025,0
3.56200030758042,1,6025,0
1.95902252596711,1,6025,0
0.618695941449769,1,6025,0
36.6736093472187,1,6025,0
34.4067336410535,1,6025,0
0.736933268391531,1,6025,0
1.31471660622099,1,6025,0
-0.0189289442641948,1,6025,0
26.6003523120724,1,6025,0
1.91115931407811,1,6025,0
1.0139559353903,1,6025,0
1.26473660528537,1,6025,0
2.08642189007195,1,6025,0
0.331860945361699,1,6025,0
2.17881478949429,1,6025,0
2.06508082830679,1,6025,0
2.89809099959389,1,6025,0
1.68351626706401,1,6025,0
36.6736093472187,1,6025,0
36.6736093472187,1,6025,0
0.388561454423215,1,6025,0
0.701853603553143,1,6025,0
3.28371856743714,1,6025,0
4.05636482464669,1,6025,0
0.225079205276512,1,6025,0
1.12679832403174,1,6025,0
1.34701958784402,1,6025,0
1.11589203783332,1,6025,0
5.72081837564898,1,6025,0
0.714970458475701,1,6025,0
2.94234188468377,1,6025,0
3.37907627127718,1,6025,0
5.72212344424689,1,6025,0
0.634014185910146,1,6025,0
2.72025290665202,1,6025,0
4.79552959105918,1,6025,0
1.06207498751859,1,6025,0
34.4067336410535,1,6025,0
36.6736093472187,1,6025,0
0.314860050329469,1,6025,0
0.965368699376415,1,6025,0
34.4067336410535,1,6025,0
0.205060994078721,1,6025,0
34.4067336410535,1,6025,0
0.983266721826031,1,6025,0
36.6736093472187,1,6025,0
0.343112534637775,1,6025,0
34.4067336410535,1,6025,0
5.72212344424689,1,6025,0
36.6736093472187,1,6025,0
6.06540924635075,1,6025,0
1.09106445124502,1,6025,0
34.4067336410535,1,6025,0
26.6003523120724,1,6025,0
0.456194769775024,1,6025,0
0.674891765014077,1,6025,0
0.231443601712381,1,6025,0
0.425679020264209,1,6025,0
1.07183787381683,1,6025,0
0.900043702366417,1,6025,0
0.319593509399045,1,6025,0
34.4067336410535,1,6025,0
1.02576140626104,1,6025,0
6.50518088918235,1,6025,0
3.18211423190208,1,6025,0
0.789096794175501,1,6025,0
1.39569170156741,1,6025,0
0.583387706991246,1,6025,0
1.56837792513993,1,6025,0
1.06059468191156,1,6025,0
36.6736093472187,1,6025,0
0.0963393798419078,1,6025,0
2.58776121124428,1,6025,0
1.23870547834417,1,6025,0
1.03739063976226,1,6025,0
1.9031194196462,1,6025,0
2.82344885127264,1,6025,0
1.84673368082696,1,6025,0
1.81779321092954,1,6025,0
0.525892419514132,1,6025,0
3.62012701699791,1,6025,0
1.74582703513409,1,6025,0
2.72329417012108,1,6025,0
0.423239672933447,1,6025,0
2.06059792112292,1,6025,0
5.72212344424689,1,6025,0
3.47993347190143,1,6025,0
2.4142640572558,1,6025,0
0.704028627994646,1,6025,0
3.78275619393991,1,6025,0
4.26333127373499,1,6025,0
0.150332718641017,1,6025,0
3.87940632325315,1,6025,0
3.4478074859412,1,6025,0
1.33234021316156,1,6025,0
1.14317069431806,1,6025,0
9.91284953614417,1,6025,0
2.82682174915704,1,6025,0
1.28579237099527,1,6025,0
1.40556309858561,1,6025,0
2.94234188468377,1,6025,0
3.47879095758192,1,6025,0
3.22499502472748,1,6025,0
1.01487131319297,1,6025,0
2.61018008916257,1,6025,0
1.30048749962119,1,6025,0
0.859361177300909,1,6025,0
0.97258209699796,1,6025,0
0.825861883553906,1,6025,0
2.06827446511849,1,6025,0
2.46675683949782,1,6025,0
0.997875020640794,1,6025,0
2.94429571220432,1,6025,0
1.17856436998297,1,6025,0
1.53121679312257,1,6025,0
1.93710451284862,1,6025,0
0.404284460395631,1,6025,0
2.17994709493359,1,6025,0
1.00983410783341,1,6025,0
3.78955409300711,1,6025,0
0.615064353576465,1,6025,0
2.05758862690018,1,6025,0
2.63790624975845,1,6025,0
3.02664051321034,1,6025,0
4.75698099870423,1,6025,0
34.4067336410535,1,6025,0
2.28685928950496,1,6025,0
6.22330538330861,1,6025,0
0.857093964478493,1,6025,0
36.6736093472187,1,6025,0
1.95373770132443,1,6025,0
1.54155539287043,1,6025,0
0.873997860387425,1,6025,0
3.47311832269718,1,6025,0
2.37583329728819,1,6025,0
0.738684100250705,1,6025,0
0.912870263163767,1,6025,0
5.72212344424689,1,6025,0
5.72212344424689,1,6025,0
0.830514133056837,1,6025,0
3.56009267947409,1,6025,0
3.63182188433342,1,6025,0
5.72212344424689,1,6025,0
1.24474292795747,1,6025,0
1.61369091462979,1,6025,0
1.28615739009245,1,6025,0
0.857093964478493,1,6025,0
1.78120988311164,1,6025,0
2.01335815550031,1,6025,0
36.6736093472187,1,6025,0
2.8175193613585,1,6025,0
2.90691267927139,1,6025,0
1.34068213881898,1,6025,0
2.9151374186759,1,6025,0
1.42070464963397,1,6025,0
1.56878643405553,1,6025,0
2.54729294730621,1,6025,0
34.4067336410535,1,6025,0
1.72070441889225,1,6025,0
2.62037937758888,1,6025,0
0.875340234007866,1,6025,0
2.78189533071059,1,6025,0
3.54397075537358,1,6025,0
36.6736093472187,1,6025,0
26.6003523120724,1,6025,0
0.965117837887911,1,6025,0
2.35071316200893,1,6025,0
1.25376050918488,1,6025,0
2.73561911814246,1,6025,0
1.9772066433835,1,6025,0
3.47542764051045,1,6025,0
2.22728760956834,1,6025,0
1.3553123114009,1,6025,0
27.4866504021055,1,6025,0
2.89809099959389,1,6025,0
5.72212344424689,1,6025,0
3.089420593132,1,6025,0
5.72212344424689,1,6025,0
0.321784773355908,1,6025,0
3.17066588781482,1,6025,0
6.22330538330861,1,6025,0
5.72212344424689,1,6025,0
4.79552959105918,1,6025,0
1.35132425354094,1,6025,0
5.24728194387137,1,6025,0
1.40684078479123,1,6025,0
1.52942888655169,1,6025,0
3.97492375942791,1,6025,0
2.12876271068435,1,6025,0
27.4866504021055,1,6025,0
4.46592451805593,1,6025,0
36.6736093472187,1,6025,0
4.46592451805593,1,6025,0
0.454922962411237,1,6025,0
1.66215533083414,1,6025,0
2.02269722308166,1,6025,0
1.29653410928413,1,6025,0
27.4866504021055,1,6025,0
2.58934360007519,1,6025,0
1.59468731855584,1,6025,0
3.34631500096797,1,6025,0
6.22330538330861,1,6025,0
4.46592451805593,1,6025,0
2.47269393200135,1,6025,0
6.0535837736676,1,6025,0
27.1696721890566,1,6025,0
27.4866504021055,1,6025,0
0.576053922029862,1,6025,0
1.48456707175937,1,6025,0
4.67495283124307,1,6025,0
3.24363576438596,1,6025,0
1.91711152355195,1,6025,0
0.807865686050332,1,6025,0
4.51927925670061,1,6025,0
0.823156339170635,1,6025,0
2.77661949794252,1,6025,0
36.6736093472187,1,6025,0
1.06543995335338,1,6025,0
0.498326621903909,1,6025,0
0.681945063781781,1,6025,0
0.200386395389541,1,6025,0
0.476651591873676,1,6025,0
0.0711158509406281,1,6025,0
4.219795875503,1,6025,0
34.4067336410535,1,6025,0
1.72588548172006,1,6025,0
0.408895230747104,1,6025,0
36.6736093472187,1,6025,0
0.102424632820545,1,6025,0
1.40422497636697,1,6025,0
1.6037738501479,1,6025,0
1.47937571628866,1,6025,0
34.4067336410535,1,6025,0
0.0363388790518809,1,6025,0
1.1947305769646,1,6025,0
3.6250952501905,1,6025,0
6.06540924635075,1,6025,0
5.72212344424689,1,6025,0
36.6736093472187,1,6025,0
26.6003523120724,1,6025,0
0.511468185847001,1,6025,0
0.162436548943318,1,6025,0
2.22662583239115,1,6025,0
26.6003523120724,1,6025,0
0.276415617541063,1,6025,0
0.509112406585405,1,6025,0
3.23043007953158,1,6025,0
3.0007700982467,1,6025,0
3.3862758591222,1,6025,0
0.725097517883265,1,6025,0
0.632532657135486,1,6025,0
-0.0762042188263916,1,6025,0
1.51716160272668,1,6025,0
1.84350043704529,1,6025,0
1.73172513846174,1,6025,0
2.28308790829764,1,6025,0
2.77632829203597,1,6025,0
2.94234188468377,1,6025,0
3.47879095758192,1,6025,0
2.31151325702763,1,6025,0
1.99146596640815,1,6025,0
3.4478074859412,1,6025,0
4.3973556285175,1,6025,0
36.6736093472187,1,6025,0
2.8175193613585,1,6025,0
2.1444129997473,1,6025,0
34.4067336410535,1,6025,0
2.16462011609342,1,6025,0
7.2462666304643,1,6025,0
2.01392333420299,1,6025,0
1.41407208240791,1,6025,0
1.60734181225702,1,6025,0
1.89259295446281,1,6025,0
2.07824102857717,1,6025,0
1.085893206071,1,6025,0
34.4067336410535,1,6025,0
0.377350088003371,1,6025,0
3.23263332455054,1,6025,0
6.12248178364943,1,6025,0
0.609862637087443,1,6025,0
2.09022243338254,1,6025,0
29.4462666977591,1,6025,0
0.693257269165313,1,6025,0
11.5892158729136,1,6025,0
0.411701643178885,1,6025,0
12.5695784036447,1,6025,0
1.23664378833282,1,6025,0
3.14109544662552,1,6025,0
4.20831763592017,1,6025,0
0.89792957694978,1,6025,0
0.502490413408127,1,6025,0
1.22806121903777,1,6025,0
34.4067336410535,1,6025,0
3.54396847377111,1,6025,0
0.795883276405087,1,6025,0
2.46795801482632,1,6025,0
2.50917244661211,1,6025,0
5.72212344424689,1,6025,0
0.112568889001981,1,6025,0
1.6977046666515,1,6025,0
26.6003523120724,1,6025,0
1.6871760840209,1,6025,0
3.65400380241288,1,6025,0
1.80946605932649,1,6025,0
1.21808652750016,1,6025,0
1.9141521878426,1,6025,0
6.22330538330861,1,6025,0
6.22330538330861,1,6025,0
4.99419622871586,1,6025,0
1.61545993265879,1,6025,0
3.16437915292495,1,6025,0
1.81111151656133,1,6025,0
1.34419933309251,1,6025,0
1.59059546121603,1,6025,0
2.09288526670777,1,6025,0
2.2669101025278,1,6025,0
1.34698042550057,1,6025,0
0.902905032307518,1,6025,0
1.18376252557244,1,6025,0
6.53598544743238,1,6025,0
2.59454074620226,1,6025,0
3.62719056606393,1,6025,0
34.4067336410535,1,6025,0
3.85172914107841,1,6025,0
2.69508295798267,1,6025,0
0.456366882001396,1,6025,0
3.5858051577095,1,6025,0
2.9151374186759,1,6025,0
1.14307401515112,1,6025,0
4.46592451805593,1,6025,0
2.23309705388052,1,6025,0
7.2462666304643,1,6025,0
6.06694559763834,1,6025,0
4.1550962160807,1,6025,0
0.908202961174308,1,6025,0
3.92369343286605,1,6025,0
0.726143656230703,1,6025,0
34.4067336410535,1,6025,0
1.12237559404144,1,6025,0
2.96311756382118,1,6025,0
0.587293353572148,1,6025,0
34.4067336410535,1,6025,0
2.49774208769863,1,6025,0
5.99721188088925,1,6025,0
0.966512953010254,1,6025,0
0.688367840606875,1,6025,0
34.4067336410535,1,6025,0
3.03287089199989,1,6025,0
0.733557710670702,1,6025,0
1.21189734597083,1,6025,0
34.4067336410535,1,6025,0
0.96039011997013,1,6025,0
0.596661959944594,1,6025,0
7.2462666304643,1,6025,0
2.12646220065441,1,6025,0
2.64483625077548,1,6025,0
1.99525172788455,1,6025,0
5.40967598363508,1,6025,0
1.49653210690926,1,6025,0
34.4067336410535,1,6025,0
6.14060024923458,1,6025,0
36.6736093472187,1,6025,0
2.51763800666941,1,6025,0
8.42670732315105,1,6025,0
0.934269988011446,1,6025,0
0.146959233672097,1,6025,0
1.67239184502685,1,6025,0
34.4067336410535,1,6025,0
3.48401011720819,1,6025,0
0.637434521692007,1,6025,0
1.99136210016632,1,6025,0
0.828700147077292,1,6025,0
0.818457221963345,1,6025,0
1.48843315361051,1,6025,0
3.47542764051045,1,6025,0
0.0696866439415683,1,6025,0
0.287382971634753,1,6025,0
0.630271725551261,1,6025,0
1.73647419558949,1,6025,0
2.07053615603583,1,6025,0
2.80636563431655,1,6025,0
0.511565896114834,1,6025,0
7.62070018231953,1,6025,0
1.20592930276338,1,6025,0
0.495259669729253,1,6025,0
2.31824879035999,1,6025,0
0.504318530544739,1,6025,0
1.34932085254484,1,6025,0
3.45459088242638,1,6025,0
1.63212920284111,1,6025,0
4.10100461580233,1,6025,0
1.02627923905081,1,6025,0
36.6736093472187,1,6025,0
2.94234188468377,1,6025,0
1.07843923208052,1,6025,0
36.6736093472187,1,6025,0
34.4067336410535,1,6025,0
1.13110857902813,1,6025,0
1.34617502181636,1,6025,0
4.09998088791958,1,6025,0
0.366241102287649,1,6025,0
2.66116867315898,1,6026,0
1.09712396357431,1,6026,0
2.74052101062964,1,6026,0
1.77610461445201,1,6026,0
1.34836636970724,1,6026,0
0.0978715814689456,1,6026,0
13.1475134994532,1,6026,0
0.15349693429834,1,6026,0
2.69565065837193,1,6026,0
4.32333727067314,1,6026,0
1.79495465515866,1,6026,0
3.82806202871631,1,6026,0
3.47871823766955,1,6026,0
0.787324388684932,1,6026,0
2.84287149911776,1,6026,0
0.608644957712043,1,6026,0
1.0212220814375,1,6027,0
0.192883765091604,1,6027,0
1.02454765352414,1,6027,0
2.64196965921091,1,6027,0
1.67275509896995,1,6027,0
1.33502481955084,1,6027,0
3.09530955883638,1,6027,0
4.44429278280157,1,6027,0
1.41140155301818,1,6027,0
0.750850872647313,1,6027,0
29.7146907673224,1,6027,0
1.84952378202358,1,6027,0
0.882105895906109,1,6027,0
1.47102061065254,1,6027,0
24.4542192701105,1,6027,0
2.29158810016501,1,6027,0
0.545283221602365,1,6027,0
3.01416873361794,1,6027,0
36.471591878519,1,6027,0
1.23035606598022,1,6027,0
-0.213602509259073,1,6027,0
3.50520389012114,1,6027,0
3.45592519475265,1,6027,0
5.69839088479891,1,6027,0
36.471591878519,1,6027,0
1.46799890546958,1,6027,0
29.7146907673224,1,6027,0
29.7146907673224,1,6027,0
1.34528977370233,1,6027,0
8.34733297891193,1,6027,0
0.354730741670754,1,6027,0
0.458860921517522,1,6027,0
0.135556566579897,1,6027,0
1.43288506889447,1,6027,0
3.52322159224234,1,6027,0
3.01843284255056,1,6027,0
2.38440562168412,1,6027,0
0.295421143817439,1,6027,0
0.568760114928228,1,6027,0
0.378389157798665,1,6027,0
2.77680212857164,1,6027,0
1.73501653789497,1,6027,0
1.2812930562428,1,6027,0
1.31171391581721,1,6027,0
0.219495572100445,1,6027,0
0.528869170721538,1,6027,0
5.52233438502567,1,6027,0
3.59447201757322,1,6027,0
0.224662033766826,1,6027,0
5.52233438502567,1,6027,0
3.48248835726113,1,6027,0
0.42176116549228,1,6027,0
4.14487884717654,1,6027,0
0.621657566459229,1,6027,0
36.471591878519,1,6027,0
0.280579593891926,1,6027,0
36.471591878519,1,6027,0
36.471591878519,1,6027,0
2.82757346227122,1,6027,0
24.3762823682447,1,6027,0
0.601435799081681,1,6027,0
0.666735300120783,1,6027,0
3.26443616784753,1,6027,0
0.0274204077221917,1,6027,0
36.471591878519,1,6027,0
13.4387028328678,1,6027,0
2.03252643391872,1,6027,0
7.18779102220614,1,6027,0
36.471591878519,1,6027,0
3.11400322189518,1,6027,0
4.38407948301155,1,6027,0
24.4542192701105,1,6027,0
1.22773354033827,1,6027,0
1.84767120678038,1,6027,0
2.17319634263363,1,6027,0
4.71728373997611,1,6027,0
4.09980304764634,1,6027,0
29.7146907673224,1,6027,0
0.523113690332245,1,6027,0
3.08580912651405,1,6027,0
1.95436972306095,1,6027,0
5.0667398695507,1,6027,0
0.485238665429595,1,6027,0
2.602070131283,1,6027,0
-0.195472883288612,1,6027,0
7.54133905265974,1,6027,0
0.744252944231811,1,6027,0
4.35098012841745,1,6027,0
4.25556234843039,1,6027,0
0.365597220709891,1,6027,0
4.49007516039497,1,6027,0
2.10168798549085,1,6027,0
0.246446759249094,1,6027,0
1.28249735588421,1,6027,0
2.66281011166646,1,6027,0
1.55093898663841,1,6027,0
4.08969948069115,1,6027,0
2.18498204528204,1,6027,0
2.15351291012187,1,6027,0
0.887627816309265,1,6027,0
1.04973821845332,1,6027,0
1.44439483570965,1,6027,0
2.1638429069112,1,6027,0
2.97873053418791,1,6027,0
1.94445265899762,1,6027,0
3.30881926412043,1,6027,0
1.06724765458295,1,6027,0
4.85614114997501,1,6027,0
1.91908561385448,1,6027,0
3.15618823377821,1,6027,0
2.49644436625894,1,6027,0
12.4117036499894,1,6027,0
14.9173023170668,1,6027,0
2.65834842608578,1,6027,0
0.532408599323253,1,6027,0
1.65950697077063,1,6027,0
2.26249343675654,1,6027,0
0.369449726453999,1,6027,0
5.33400090496661,1,6027,0
5.76814322065032,1,6027,0
3.00049608515398,1,6027,0
2.53418341551063,1,6027,0
4.56687357579807,1,6027,0
36.471591878519,1,6027,0
1.97559685515884,1,6027,0
1.37228230412637,1,6027,0
4.42728111479262,1,6027,0
0.324939123970947,1,6027,0
0.634007047133773,1,6027,0
1.44279423790055,1,6027,0
36.471591878519,1,6027,0
1.53346628653229,1,6027,0
3.42512847776006,1,6027,0
36.471591878519,1,6027,0
5.31069233611465,1,6027,0
24.3762823682447,1,6027,0
0.329720234850269,1,6027,0
3.50520389012114,1,6027,0
0.91203225043827,1,6027,0
29.7146907673224,1,6027,0
-0.0639640494412467,1,6027,0
1.42815790385977,1,6027,0
6.36535985895087,1,6027,0
1.70669496418979,1,6027,0
3.42597893090724,1,6027,0
0.756039698726095,1,6027,0
3.19483782991798,1,6027,0
4.1604076591988,1,6027,0
4.11965053228592,1,6027,0
2.03542448531987,1,6027,0
1.9634534161961,1,6027,0
5.56538496471108,1,6027,0
24.2464423714606,1,6027,0
1.98344319566191,1,6027,0
3.56755190272705,1,6027,0
2.60602420439728,1,6027,0
4.58695987967001,1,6027,0
2.22334189917253,1,6027,0
36.471591878519,1,6027,0
3.06572240772557,1,6027,0
6.23787174970953,1,6027,0
3.44290747315306,1,6027,0
7.27032796261708,1,6027,0
5.13769271664009,1,6027,0
29.7146907673224,1,6027,0
2.03704726774233,1,6027,0
1.31757012302609,1,6027,0
3.90611985487806,1,6027,0
9.0304397315415,1,6027,0
2.51898694074879,1,6027,0
2.36330036244731,1,6027,0
1.68901113808755,1,6027,0
2.28443830715753,1,6027,0
1.95758211485283,1,6027,0
0.211121219978744,1,6027,0
0.0527936265848304,1,6027,0
0.581138073820081,1,6027,0
0.702485955683843,1,6027,0
2.54165846323494,1,6027,0
2.72061944742617,1,6027,0
0.864271034851587,1,6027,0
1.68890802904238,1,6027,0
1.55547289013702,1,6027,0
3.36081193357815,1,6027,0
1.48877104663959,1,6027,0
5.0667398695507,1,6027,0
9.81715166557082,1,6027,0
0.0824467633488837,1,6027,0
2.74623789852246,1,6027,0
2.05637715309524,1,6027,0
0.465078853138273,1,6027,0
3.30157824456439,1,6027,0
1.85976783764039,1,6027,0
1.47346188177552,1,6027,0
0.830635280038628,1,6027,0
24.4542192701105,1,6027,0
1.45253576403524,1,6027,0
2.25570827295025,1,6027,0
1.60201353656513,1,6027,0
8.30158177026446,1,6027,0
1.03105021102517,1,6027,0
29.7146907673224,1,6027,0
1.62016501093723,1,6027,0
2.98370053309092,1,6027,0
2.59269834395104,1,6027,0
2.1177935941163,1,6027,0
6.25861523432913,1,6027,0
36.471591878519,1,6027,0
2.23482947492884,1,6027,0
2.68731924923619,1,6027,0
1.55543327518127,1,6027,0
3.24486943505017,1,6027,0
0.899320027456211,1,6027,0
3.47459975291254,1,6027,0
1.58525437621185,1,6027,0
36.471591878519,1,6027,0
9.7118317137089,1,6027,0
1.30297995583242,1,6027,0
0.632154136402949,1,6027,0
0.843259621733866,1,6027,0
2.53800920762907,1,6027,0
2.45073030629569,1,6027,0
36.471591878519,1,6027,0
6.40382802509153,1,6027,0
2.20024490554685,1,6027,0
1.24280972919689,1,6027,0
3.58997847692898,1,6027,0
0.165517299346857,1,6027,0
1.58134121959403,1,6027,0
0.103988823929997,1,6027,0
0.0959165817929193,1,6027,0
9.69056752998013,1,6027,0
0.800688189253497,1,6027,0
4.71728373997611,1,6027,0
3.88058881241893,1,6027,0
4.46854510012405,1,6027,0
6.23787174970953,1,6027,0
0.302914345089425,1,6027,0
0.618490597420562,1,6027,0
1.7354576262913,1,6027,0
0.0372791949921298,1,6027,0
2.02008278666048,1,6027,0
6.53321186470802,1,6027,0
0.674472605101838,1,6027,0
0.881002218764528,1,6027,0
2.66294903611353,1,6027,0
6.31340415820875,1,6027,0
5.26827208397926,1,6027,0
29.7146907673224,1,6027,0
12.0579768649513,1,6027,0
1.5807682202981,1,6027,0
0.309154501620608,1,6027,0
0.55110011811452,1,6027,0
-0.058272189896863,1,6027,0
5.51897947502803,1,6027,0
0.775791216542642,1,6027,0
1.44686504726419,1,6027,0
0.358448559978421,1,6027,0
1.32886158740158,1,6027,0
1.18385354758336,1,6027,0
3.02607872021193,1,6027,0
2.10409473409754,1,6027,0
3.9487758842468,1,6027,0
0.851271505266962,1,6027,0
3.33017659999204,1,6027,0
29.7146907673224,1,6027,0
2.7351370115988,1,6027,0
0.757351084174424,1,6027,0
4.16741732344194,1,6027,0
3.58066732253553,1,6027,0
-0.112448077406519,1,6027,0
0.819476962934532,1,6027,0
3.48248835726113,1,6027,0
1.25405739555426,1,6027,0
5.18913015441741,1,6027,0
3.32898296053887,1,6027,0
1.34528977370233,1,6027,0
2.46115910054547,1,6027,0
1.09192372965198,1,6027,0
1.48589431664704,1,6027,0
2.40015374509843,1,6027,0
1.23604192887849,1,6027,0
36.471591878519,1,6027,0
0.0697515576026756,1,6027,0
1.56384635247537,1,6027,0
2.68570511768816,1,6027,0
0.593799528552012,1,6027,0
0.240909558418158,1,6027,0
0.628206485940077,1,6027,0
0.33816992339759,1,6027,0
0.338208657714206,1,6027,0
0.801799277179273,1,6027,0
1.64513645292076,1,6027,0
0.402120003960705,1,6027,0
2.15965185795476,1,6027,0
24.9070580691264,1,6027,0
1.17097176580948,1,6027,0
1.24077884096253,1,6027,0
0.480434244106739,1,6027,0
0.648570640717664,1,6027,0
3.93457407589934,1,6027,0
29.7146907673224,1,6027,0
1.36752660961292,1,6027,0
1.39411010070189,1,6027,0
0.006251209086304,1,6027,0
8.30158177026446,1,6027,0
0.0881089827375756,1,6027,0
1.74853143687154,1,6027,0
0.446259819546255,1,6027,0
0.405486026956128,1,6027,0
2.68906337255159,1,6027,0
2.38816074163977,1,6027,0
0.845997060119275,1,6027,0
0.194622167889559,1,6027,0
1.92265730074358,1,6027,0
3.09352062794134,1,6027,0
4.44429278280157,1,6027,0
24.4542192701105,1,6027,0
0.0689808355560395,1,6027,0
1.57517451059997,1,6027,0
0.498556495307827,1,6027,0
0.736852610413508,1,6027,0
3.57185941756163,1,6027,0
1.20280053794228,1,6027,0
0.698926213980419,1,6027,0
24.4542192701105,1,6027,0
24.4542192701105,1,6027,0
2.41638927553719,1,6027,0
1.20016668925327,1,6027,0
36.471591878519,1,6027,0
0.822638684359964,1,6027,0
2.58171840314879,1,6027,0
1.12174261264702,1,6027,0
5.0667398695507,1,6027,0
0.245202361313977,1,6027,0
3.70134587691161,1,6027,0
0.266826301412971,1,6027,0
4.36647173489279,1,6027,0
1.23023939238716,1,6027,0
4.36647173489279,1,6027,0
2.20936064201027,1,6027,0
3.0563140802428,1,6027,0
1.10864835201289,1,6027,0
4.71728373997611,1,6027,0
36.471591878519,1,6027,0
36.471591878519,1,6027,0
29.7146907673224,1,6027,0
3.64462530448713,1,6027,0
1.92157722760903,1,6027,0
3.08485477531834,1,6027,0
24.4542192701105,1,6027,0
4.71728373997611,1,6027,0
0.953021541231992,1,6027,0
1.31805691807778,1,6027,0
1.88005443247298,1,6027,0
2.16033407642178,1,6027,0
1.0339685540672,1,6027,0
29.7146907673224,1,6027,0
3.09860197274196,1,6027,0
36.471591878519,1,6027,0
0.0923145617199086,1,6027,0
2.04147295236207,1,6027,0
0.0267915923090029,1,6027,0
1.1692843230813,1,6027,0
8.59289589381496,1,6027,0
3.95991628365719,1,6027,0
6.23787174970953,1,6027,0
2.41205568736765,1,6027,0
1.20537696455179,1,6027,0
36.471591878519,1,6027,0
1.50607286659616,1,6027,0
1.47720700150412,1,6027,0
0.744763629658773,1,6027,0
5.13769271664009,1,6027,0
2.2689634916351,1,6027,0
2.54234735776353,1,6027,0
24.4542192701105,1,6027,0
6.01672069612694,1,6027,0
1.12686473963843,1,6027,0
29.7146907673224,1,6027,0
6.13572840916083,1,6027,0
2.64763143985357,1,6027,0
2.41194605887133,1,6027,0
29.7146907673224,1,6027,0
2.95377253937103,1,6027,0
24.4542192701105,1,6027,0
1.87820285421559,1,6027,0
1.89826697887881,1,6027,0
0.599151226863553,1,6027,0
1.74718678551816,1,6027,0
0.386536773173374,1,6027,0
1.67533760979992,1,6027,0
0.526098492079674,1,6027,0
0.995449739248435,1,6027,0
3.88916141213334,1,6027,0
4.33011110759167,1,6027,0
7.83914806145177,1,6027,0
0.751796556578244,1,6027,0
36.471591878519,1,6027,0
36.471591878519,1,6027,0
0.337003024462341,1,6027,0
4.52309568278345,1,6027,0
24.3762823682447,1,6027,0
29.7146907673224,1,6027,0
27.3204070896865,1,6027,0
0.753460803520676,1,6027,0
4.50370149359729,1,6027,0
24.4542192701105,1,6027,0
3.28555564491738,1,6027,0
10.2844917203364,1,6027,0
0.947712296350663,1,6027,0
0.704964391350793,1,6027,0
1.76384424113716,1,6027,0
1.22597408266528,1,6027,0
0.639307684876321,1,6027,0
2.1030934510915,1,6027,0
0.571497786547961,1,6027,0
1.29410802542949,1,6027,0
6.01672069612694,1,6027,0
4.1816027458455,1,6027,0
0.94016915190552,1,6027,0
0.17161609888138,1,6027,0
1.24031476851675,1,6027,0
3.60871476138928,1,6027,0
2.18526988015596,1,6027,0
11.2285492779468,1,6027,0
0.798295884955078,1,6027,0
0.920870341160956,1,6027,0
2.22925148021106,1,6027,0
1.192156086284,1,6027,0
3.26335388170237,1,6027,0
1.46313066489418,1,6027,0
0.584598407563696,1,6027,0
1.36390384473632,1,6027,0
0.596234121314687,1,6027,0
0.130668711688971,1,6027,0
0.811535545914649,1,6027,0
3.75995333769706,1,6027,0
3.2588092735256,1,6027,0
5.4985372154041,1,6027,0
0.299379024731505,1,6027,0
3.50742582624671,1,6027,0
1.33955717792438,1,6027,0
2.77584656965123,1,6027,0
36.471591878519,1,6027,0
36.471591878519,1,6027,0
4.8851756020223,1,6027,0
1.19647906007775,1,6027,0
2.46068016234388,1,6027,0
0.0295676355225081,1,6027,0
5.33391193628244,1,6027,0
8.16145654992599,1,6027,0
4.1286218957439,1,6027,0
2.09844789411862,1,6027,0
1.64715472916149,1,6027,0
3.50297068365605,1,6027,0
2.16303194960288,1,6027,0
1.69977686301656,1,6027,0
1.37110267916366,1,6027,0
3.03198881915733,1,6027,0
36.471591878519,1,6027,0
1.10981888170187,1,6027,0
4.77888620014803,1,6027,0
3.19189917448344,1,6027,0
1.38913641402194,1,6027,0
6.22289123203295,1,6027,0
36.471591878519,1,6027,0
0.309748313536407,1,6027,0
2.42808315143622,1,6027,0
2.0417250815786,1,6027,0
6.15796605783935,1,6027,0
1.40409759948217,1,6027,0
1.33577221125341,1,6027,0
0.907295785207676,1,6027,0
4.24407111344742,1,6027,0
0.479919587181159,1,6027,0
3.36842105263158,1,6027,0
4.11044780016068,1,6027,0
3.65697857236308,1,6027,0
1.36499164257185,1,6027,0
4.06681752029625,1,6027,0
3.79244919765151,1,6027,0
3.33966406293928,1,6027,0
4.57091229061154,1,6027,0
0.167683796792356,1,6027,0
5.37287591138509,1,6027,0
36.471591878519,1,6027,0
36.471591878519,1,6027,0
24.3762823682447,1,6027,0
36.471591878519,1,6027,0
-0.123595971454407,1,6027,0
2.21059882696086,1,6027,0
36.471591878519,1,6027,0
0.605314973991463,1,6027,0
29.7146907673224,1,6027,0
3.50520389012114,1,6027,0
0.273657707018965,1,6027,0
0.820020505913018,1,6027,0
1.50639596772215,1,6027,0
29.7146907673224,1,6027,0
1.56802493805851,1,6027,0
3.09025763521583,1,6027,0
5.02849775062124,1,6027,0
-0.0307751110835582,1,6027,0
2.56286802033771,1,6027,0
0.836640272235264,1,6027,0
0.460254513452147,1,6027,0
36.471591878519,1,6027,0
1.18757281335399,1,6027,0
1.99225510166313,1,6027,0
1.03232531772278,1,6027,0
2.00781999614426,1,6027,0
1.04857967490769,1,6027,0
0.459082207034925,1,6027,0
-0.0305299217901258,1,6027,0
1.69597823156967,1,6027,0
0.901116798247882,1,6027,0
2.13384701842984,1,6027,0
1.48630661127962,1,6027,0
1.06472052530421,1,6027,0
29.7146907673224,1,6027,0
29.7146907673224,1,6027,0
0.270458435563998,1,6027,0
29.7146907673224,1,6027,0
1.55556842226803,1,6027,0
36.471591878519,1,6027,0
0.153287244329682,1,6027,0
0.831041871590129,1,6027,0
0.944094918973881,1,6027,0
1.50857388916057,1,6027,0
3.03485978630178,1,6027,0
0.256658774158581,1,6027,0
3.03471666251826,1,6027,0
1.05471065232037,1,6027,0
0.685238197466578,1,6027,0
1.58163764831826,1,6027,0
6.46011926071637,1,6027,0
3.76713819011336,1,6027,0
0.794641224595971,1,6027,0
0.29499886798536,1,6027,0
5.33391193628244,1,6027,0
1.71063313853914,1,6027,0
1.77410473755745,1,6027,0
1.25213625346192,1,6027,0
0.666502931944342,1,6027,0
-0.145729063833834,1,6027,0
4.44344415923277,1,6027,0
0.598913251063068,1,6027,0
3.20078189274867,1,6027,0
0.868198928731632,1,6027,0
2.38061023436902,1,6027,0
6.36719316567079,1,6027,0
24.4542192701105,1,6027,0
2.4960317824099,1,6027,0
0.429939416322574,1,6027,0
1.73815179219655,1,6027,0
0.0913877778834095,1,6027,0
5.71350949051294,1,6027,0
1.60096879218336,1,6027,0
2.54493925876162,1,6027,0
0.864190438409381,1,6027,0
3.42512847776006,1,6027,0
2.20029448607213,1,6027,0
36.471591878519,1,6027,0
0.968269447307295,1,6027,0
0.890658793029523,1,6027,0
2.05126434508975,1,6027,0
4.76340671632326,1,6027,0
36.471591878519,1,6027,0
1.54350136896445,1,6027,0
3.4803084943063,1,6027,0
0.425016197699146,1,6027,0
1.76167003692154,1,6027,0
2.58392561506809,1,6027,0
36.471591878519,1,6027,0
0.739069627924993,1,6027,0
2.06547947898773,1,6027,0
5.48401387059077,1,6027,0
1.59254521627036,1,6027,0
1.60129253435279,1,6027,0
2.22011710910519,1,6027,0
1.4909623267077,1,6027,0
3.09025763521583,1,6027,0
3.1502674580673,1,6027,0
2.96837860610631,1,6027,0
1.78451573397799,1,6027,0
0.925401229959799,1,6027,0
2.50719278320791,1,6027,0
10.7014316664494,1,6027,0
29.7146907673224,1,6027,0
0.697337640599723,1,6027,0
0.78251140939217,1,6027,0
-0.0806574338201044,1,6027,0
3.86043224094196,1,6027,0
1.35533701818876,1,6027,0
4.02226556658556,1,6027,0
3.66065125174606,1,6027,0
10.3244213238602,1,6027,0
3.53729126603046,1,6028,0
8.37467691212083,1,6028,0
2.0707791026605,1,6028,0
3.04623784271597,1,6028,0
39.0974837527079,1,6028,0
3.63086964988485,1,6028,0
39.0974837527079,1,6028,0
3.16407303904787,1,6028,0
0.97486745136917,1,6028,0
1.44410725392621,1,6028,0
2.22852752753923,1,6028,0
0.325793489142102,1,6028,0
2.00920615765795,1,6028,0
0.396503566225251,1,6028,0
13.6803512595682,1,6028,0
1.01554528120452,1,6028,0
39.0974837527079,1,6028,0
2.97864532617101,1,6028,0
34.0125403762113,1,6028,0
4.03559074562076,1,6028,0
-0.200136188428454,1,6028,0
0.23875401936823,1,6028,0
3.21013164472588,1,6028,0
2.01609005432289,1,6028,0
4.91439179147097,1,6028,0
0.262651605200143,1,6028,0
34.0125403762113,1,6028,0
0.152888827264288,1,6028,0
1.77058318367374,1,6028,0
3.28683541061716,1,6028,0
7.2413411800565,1,6028,0
2.22754561436514,1,6028,0
1.2154178173581,1,6028,0
1.96235540816683,1,6028,0
0.200051159881928,1,6028,0
0.714082319013465,1,6028,0
4.59291016460627,1,6028,0
1.45718356854058,1,6028,0
0.198321977866286,1,6028,0
0.23445678442262,1,6028,0
2.40911914263877,1,6028,0
1.00292815472314,1,6028,0
0.106969255803722,1,6028,0
1.10207204306709,1,6028,0
0.531507596021208,1,6028,0
3.45795119615412,1,6028,0
2.05218465578914,1,6028,0
2.25141678750934,1,6028,0
0.913327728602473,1,6028,0
1.11047104490867,1,6028,0
0.417731839979802,1,6028,0
0.772121566296089,1,6028,0
0.718788844329358,1,6028,0
1.22972215383889,1,6028,0
2.05817195881894,1,6028,0
1.21247992259047,1,6028,0
0.93271494261721,1,6028,0
0.126120747694212,1,6028,0
0.531734623860431,1,6028,0
2.32347170828539,1,6028,0
1.07626252671263,1,6028,0
3.72497430601576,1,6028,0
0.413891717310598,1,6028,0
1.43960985107791,1,6028,0
28.2906849079565,1,6028,0
6.7860068492548,1,6028,0
1.10098616722411,1,6028,0
5.71971270727935,1,6028,0
0.371681547843861,1,6028,0
0.0990296361873685,1,6028,0
1.97818004058339,1,6028,0
39.0974837527079,1,6028,0
0.251292412141068,1,6028,0
5.96963417808412,1,6028,0
34.0125403762113,1,6028,0
34.0125403762113,1,6028,0
4.17845577304721,1,6028,0
5.0465513965419,1,6028,0
0.351149523104147,1,6028,0
34.0125403762113,1,6028,0
3.24795105327167,1,6028,0
34.0125403762113,1,6028,0
1.55532676597785,1,6028,0
6.22263608251273,1,6028,0
2.3537988190723,1,6028,0
4.59291016460627,1,6028,0
27.214210996213,1,6028,0
3.0286195149246,1,6028,0
4.69216302856482,1,6028,0
4.41421242637279,1,6028,0
27.5361617412741,1,6028,0
34.0125403762113,1,6028,0
4.59291016460627,1,6028,0
28.2906849079565,1,6028,0
1.03874785115294,1,6028,0
3.32003077149665,1,6028,0
3.54192955953314,1,6028,0
1.95047506446624,1,6028,0
-0.178101053577713,1,6028,0
-0.00582146859333332,1,6028,0
1.74424871692029,1,6028,0
0.423058981796219,1,6028,0
1.69314417636584,1,6028,0
2.14818735560735,1,6028,0
0.912665573064706,1,6028,0
30.5960157629866,1,6028,0
2.86201018541268,1,6028,0
6.63152081887997,1,6028,0
1.51449521885978,1,6028,0
1.43683586008228,1,6028,0
14.4648774747129,1,6028,0
2.49966686908267,1,6028,0
1.97138705161723,1,6028,0
2.45165937279891,1,6028,0
2.40168597144037,1,6028,0
2.78353607732045,1,6028,0
1.31515068465211,1,6028,0
0.6586505186139,1,6028,0
5.0465513965419,1,6028,0
5.08246893602921,1,6028,0
34.0125403762113,1,6028,0
5.09519285578567,1,6028,0
4.69255124145976,1,6028,0
1.26265375579788,1,6028,0
1.62242702010347,1,6028,0
1.13294388173809,1,6028,0
2.47969828983373,1,6028,0
0.923425670766483,1,6028,0
3.78187345620369,1,6028,0
5.83657392018265,1,6028,0
0.604381860143514,1,6028,0
2.39143785160074,1,6028,0
3.10980891990012,1,6028,0
4.69216302856482,1,6028,0
1.1327597298895,1,6028,0
28.2906849079565,1,6028,0
27.156484932041,1,6028,0
3.73902872160929,1,6028,0
3.60858782946838,1,6028,0
2.2963180195075,1,6028,0
7.14025648628994,1,6028,0
0.696782744124486,1,6028,0
27.156484932041,1,6028,0
1.59690291967733,1,6028,0
4.65900480731102,1,6028,0
0.835220781685132,1,6028,0
27.156484932041,1,6028,0
2.25333534996608,1,6028,0
3.78187345620369,1,6028,0
6.05247606965292,1,6028,0
1.29055766605854,1,6028,0
0.971935207431656,1,6028,0
27.156484932041,1,6028,0
4.91439179147097,1,6028,0
2.0391798812753,1,6028,0
4.41421242637279,1,6028,0
0.270560423547909,1,6028,0
1.50389869911042,1,6028,0
3.26464432606795,1,6028,0
2.43768345202593,1,6028,0
1.45192323524722,1,6028,0
1.06718613354526,1,6028,0
39.0974837527079,1,6028,0
34.0125403762113,1,6028,0
0.209626535414698,1,6028,0
14.4525867178061,1,6028,0
0.799182903449687,1,6028,0
0.582058733972639,1,6028,0
3.02789065799751,1,6028,0
4.42632160414511,1,6028,0
34.0125403762113,1,6028,0
1.41421612510654,1,6028,0
34.0125403762113,1,6028,0
1.50948895046292,1,6028,0
1.57285896314352,1,6028,0
4.02836560964955,1,6028,0
3.18073788828074,1,6028,0
27.156484932041,1,6028,0
3.58074076964757,1,6028,0
0.460176363039394,1,6028,0
34.0125403762113,1,6028,0
0.974314992167709,1,6028,0
2.72790986864893,1,6028,0
3.7807206222356,1,6028,0
0.692978082646394,1,6028,0
2.08201320480471,1,6028,0
1.99782220499656,1,6028,0
1.14895225810067,1,6028,0
0.905917564043817,1,6028,0
0.307972406044507,1,6028,0
5.03468291781273,1,6028,0
0.806696885051133,1,6028,0
3.21013164472588,1,6028,0
1.35675295738798,1,6028,0
1.14358743869551,1,6028,0
2.39974582260885,1,6028,0
4.4993349800494,1,6028,0
34.0125403762113,1,6028,0
2.5117372618338,1,6028,0
39.0974837527079,1,6028,0
2.19571911153962,1,6028,0
5.07202362120519,1,6028,0
1.55421016047758,1,6028,0
2.36970528109262,1,6028,0
39.0974837527079,1,6028,0
39.0974837527079,1,6028,0
2.09265426841777,1,6028,0
3.40033714288847,1,6028,0
2.1202068178654,1,6028,0
6.35769458422166,1,6028,0
0.0674299386937313,1,6028,0
14.2403826322543,1,6028,0
8.82602911957728,1,6028,0
2.29517468430717,1,6028,0
28.0679876596789,1,6028,0
39.0974837527079,1,6028,0
39.0974837527079,1,6028,0
6.48740218477948,1,6028,0
3.80443099848588,1,6028,0
7.95865591884939,1,6028,0
0.481335701658362,1,6028,0
2.53828378625387,1,6028,0
5.29681646366742,1,6028,0
1.19882579946427,1,6028,0
0.28435468236036,1,6028,0
0.647641798886843,1,6028,0
1.11741732985091,1,6028,0
1.77855264828424,1,6028,0
1.87572385303257,1,6028,0
0.517812549297452,1,6028,0
2.15884140596796,1,6028,0
9.08422260289342,1,6028,0
1.55393641436428,1,6028,0
1.06623664059823,1,6028,0
1.61819928946136,1,6028,0
0.363270166858197,1,6028,0
0.475981675161663,1,6028,0
1.44729722187595,1,6028,0
1.47944896384589,1,6028,0
2.64592352431067,1,6028,0
2.57715308550634,1,6028,0
3.98147937545619,1,6028,0
5.13661716206082,1,6028,0
5.09519285578567,1,6028,0
27.5361617412741,1,6028,0
0.697132942002055,1,6028,0
0.571081071759555,1,6029,0
0.799385179747893,1,6029,0
2.82360815728759,1,6029,0
1.51470809277901,1,6029,0
0.0330982522617172,1,6029,0
0.269913005936839,1,6029,0
1.27118175583733,1,6029,0
0.654781830421631,1,6029,0
0.86732919583733,1,6029,0
4.32641833398769,1,6029,0
1.55887557078089,1,6029,0
1.26680275129671,1,6029,0
1.11673944436176,1,6029,0
6.1123595505618,1,6029,0
1.10069940891393,1,6029,0
0.813476722965912,1,6029,0
3.30655571346202,1,6029,0
0.934506535861525,1,6029,0
1.10657617350211,1,6029,0
0.158901886648318,1,6029,0
0.112510250085409,1,6029,0
31.3204290933671,1,6029,0
0.706399930101145,1,6029,0
1.90983177668665,1,6029,0
10.0887759644532,1,6029,0
0.677366541932635,1,6029,0
0.530960929303739,1,6029,0
0.327972080248376,1,6029,0
1.31673605262917,1,6029,0
3.98909953590263,1,6029,0
0.629952305232842,1,6029,0
0.164452783095618,1,6029,0
1.22538512000282,1,6029,0
1.0765391554371,1,6029,0
0.407897227956508,1,6029,0
0.424777208814541,1,6029,0
0.596272769635561,1,6029,0
1.80682944447086,1,6029,0
3.76404494382022,1,6029,0
0.0528007072659702,1,6029,0
0.884231077643556,1,6029,0
2.92013010651598,1,6029,0
0.402838463864686,1,6029,0
1.15979416750281,1,6029,0
0.107201495515431,1,6029,0
0.260193562721791,1,6029,0
3.08965003390277,1,6029,0
1.1644481855995,1,6029,0
1.03498739752667,1,6029,0
1.27321398622593,1,6029,0
0.345816462229101,1,6029,0
39.6292134831461,1,6029,0
0.699344688621195,1,6029,0
1.59186974099644,1,6029,0
0.625066978898981,1,6029,0
0.293488874070168,1,6029,0
0.0367727058578002,1,6029,0
0.301602677836837,1,6029,0
-0.419920179107197,1,6029,0
0.488926927300038,1,6029,0
0.701412097442128,1,6029,0
0.243822057466989,1,6029,0
42.7473358542455,1,6029,0
0.159256243184839,1,6029,0
1.11512035495165,1,6029,0
39.6292134831461,1,6029,0
10.5074545102578,1,6029,0
0.0742496508370729,1,6029,0
1.6069991495517,1,6029,0
0.666893786672335,1,6029,0
1.94105378647852,1,6029,0
0.882796881257631,1,6029,0
0.680140129564136,1,6029,0
0.7985749656428,1,6029,0
0.30893004205976,1,6029,0
0.608504747533573,1,6029,0
0.385298335585254,1,6029,0
1.40300465306866,1,6029,0
0.986243269454363,-1,6412,0
2.73459718429437,-1,6412,0
2.29019146313338,-1,6412,0
13.60579582073,-1,6412,0
3.54477590762993,-1,6412,0
4.84623257265949,-1,6412,0
8.34710010219136,-1,6412,0
1.28896503971225,-1,6412,0
9.06870936531594,-1,6412,0
2.12231229160268,-1,6412,0
2.11587061947568,-1,6412,0
36.3390343002929,-1,6412,0
36.3390343002929,-1,6412,0
2.72982855770365,-1,6412,0
4.79507469483023,-1,6412,0
8.11282672218451,-1,6412,0
6.22118425684106,-1,6412,0
2.96001107011892,-1,6412,0
36.3390343002929,-1,6412,0
7.10334711855634,-1,6412,0
0.0153582333824903,-1,6412,0
2.03478237047925,-1,6412,0
3.97703675328586,-1,6412,0
0.902189250797748,-1,6412,0
12.4474463242294,-1,6412,0
2.02811640033882,-1,6412,0
6.24017297813272,-1,6412,0
33.8841121495327,-1,6412,0
10.0402909522396,-1,6412,0
2.3246757298927,-1,6412,0
5.1884768621261,-1,6412,0
-0.223999778021506,-1,6412,0
3.38567129052189,-1,6412,0
1.66477601833365,-1,6412,0
2.54718768177742,-1,6412,0
2.80875227827289,-1,6412,0
5.2561676731341,-1,6412,0
36.3390343002929,-1,6412,0
1.45558811102045,-1,6412,0
4.14249267693471,-1,6412,0
2.95544662590959,-1,6412,0
4.04586904151291,-1,6412,0
36.3390343002929,-1,6412,0
1.1460239569581,-1,6416,0
4.58366244192116,-1,6416,0
3.17316423549354,-1,6416,0
2.1935854183796,-1,6416,0
5.89986735343147,-1,6416,0
5.12725983693726,-1,6416,0
18.9776674937965,-1,6416,0
6.64018143281632,-1,6416,0
9.16145137176982,-1,6416,0
5.09322935129387,-1,6416,0
11.933937133724,-1,6416,0
2.7469831642573,-1,6416,0
5.2306088540906,-1,6416,0
18.8897176345232,-1,6416,0
3.47196145504542,-1,6416,0
3.83799187482064,-1,6416,0
1.89775521353168,-1,6416,0
5.09322935129387,-1,6416,0
6.08190875437272,-1,6416,0
8.89873636928825,-1,6416,0
4.9326940152726,-1,6416,0
6.87392526041556,-1,6416,0
4.88723139762032,-1,6416,0
18.9776674937965,-1,6416,0
5.80784940507903,-1,6416,0
5.79241880689559,-1,6416,0
4.0090751766476,-1,6416,0
0.761727565171138,-1,6416,0
4.02787376275468,-1,6416,0
8.56970342745516,-1,6416,0
1.72913393129475,-1,6416,0
8.52460920644574,-1,6416,0
3.5094940378481,-1,6416,0
11.933937133724,-1,6416,0
1.12662855002997,-1,6416,0
4.18644130842379,-1,6416,0
1.42076328113613,-1,6416,0
4.73757216369156,-1,6416,0
3.14087476661783,-1,6416,0
5.11097730222621,-1,6416,0
8.52460920644574,-1,6416,0
6.03493676758525,-1,6416,0
8.56970342745516,-1,6416,0
4.3292500787118,-1,6416,0
3.55761763730738,-1,6416,0
4.88723139762032,-1,6416,0
4.12277533230512,-1,6416,0
18.9776674937965,-1,6416,0
4.27387992589718,-1,6416,0
1.02888670437601,-1,6416,0
3.87376614466179,-1,6416,0
4.42927344978146,-1,6416,0
4.9326940152726,-1,6416,0
0.987217676533021,-1,6416,0
18.8897176345232,-1,6416,0
11.933937133724,-1,6416,0
2.92642864236591,-1,6416,0
1.52914580702997,-1,6416,0
18.8897176345232,-1,6416,0
11.933937133724,-1,6416,0
2.10507901968344,-1,6416,0
0.727132794703901,-1,6416,0
18.9776674937965,-1,6416,0
14.2001454720187,-1,6416,0
2.95372744420983,-1,6416,0
4.28485171372758,-1,6416,0
5.8201756214223,-1,6416,0
7.18326592107609,-1,6416,0
3.4677570190568,-1,6416,0
5.50159517901453,-1,6416,0
1.75549742297034,-1,6416,0
11.933937133724,-1,6416,0
5.28985565248144,-1,6416,0
2.61358485749722,-1,6416,0
7.69283990877306,-1,6416,0
2.38660135199137,-1,6416,0
0.796992936621906,-1,6416,0
5.80784940507903,-1,6416,0
3.6624984313617,-1,6416,0
0.894449625835455,-1,6416,0
5.4374160754833,-1,6416,0
1.30914791318661,-1,6416,0
8.56970342745516,-1,6416,0
4.40127614321163,-1,6416,0
11.933937133724,-1,6416,0
0.922348794990807,-1,6416,0
1.54963692095578,-1,6416,0
3.11765014129555,-1,6416,0
9.00087250637382,-1,6416,0
10.2260778984591,-1,6416,0
6.89922348964883,-1,6416,0
3.21321548009784,-1,6416,0
5.50159517901453,-1,6416,0
4.44038190554426,-1,6416,0
1.81959536969484,-1,6416,0
1.29878941940978,-1,6416,0
5.80784940507903,-1,6416,0
5.27384490350567,-1,6416,0
7.98475076011852,-1,6416,0
18.8897176345232,-1,6416,0
3.72393469458839,-1,6416,0
3.81973286625271,-1,6416,0
2.37092318915437,-1,6416,0
6.24540164936021,-1,6431,0
8.74152851992423,-1,6431,0
0.96532924988698,-1,6431,0
22.4016583857038,-1,6431,0
3.65954606294473,-1,6431,0
1.20587617314886,-1,6431,0
9.85129839525691,-1,6431,0
1.2788570922951,-1,6431,0
0.822828175367195,-1,6431,0
0.104391488764577,-1,6431,0
1.35522224073143,-1,6431,0
7.78109443837053,-1,6431,0
1.53353177573691,-1,6431,0
1.15269751722995,-1,6431,0
1.93260988225727,-1,6431,0
1.58536333210076,-1,6431,0
0.653610398693717,-1,6431,0
0.826339765237244,-1,6431,0
1.54895404005452,-1,6431,0
0.619855249686751,-1,6431,0
1.05947157555329,-1,6431,0
0.661725020340264,-1,6431,0
1.12165519094754,-1,6431,0
1.51513870908741,-1,6431,0
1.04079586746731,-1,6431,0
1.91617917960512,-1,6431,0
1.09217488793441,-1,6431,0
0.290859158613976,-1,6431,0
1.40308677051979,-1,6431,0
24.1441632255356,-1,6431,0
0.309034015485668,-1,6431,0
22.0383103087777,-1,6431,0
1.75717605813138,-1,6431,0
2.12295717870276,-1,6431,0
4.39750849134121,-1,6431,0
30.0415054519873,-1,6431,0
7.78109443837053,-1,6431,0
2.58883659014896,-1,6431,0
0.206386548777794,-1,6431,0
4.81349072512648,-1,6431,0
30.0415054519873,-1,6431,0
3.28688011375549,-1,6431,0
2.57615575054682,-1,6431,0
2.08717035651645,-1,6431,0
2.85996699636384,-1,6431,0
4.05431135644283,-1,6431,0
1.11036686232886,-1,6431,0
0.622554198332449,-1,6431,0
1.15623840599383,-1,6431,0
0.757800451312618,-1,6431,0
2.22570479402037,-1,6431,0
4.56982061202955,-1,6431,0
28.7298482293423,-1,6431,0
2.01462818353825,-1,6431,0
4.38923032841204,-1,6431,0
1.8399603202654,-1,6431,0
1.85003834432576,-1,6431,0
23.7781295381454,-1,6431,0
4.8337986754469,-1,6431,0
10.0510829432184,-1,6431,0
3.76355288755738,-1,6431,0
5.12834566128125,-1,6431,0
4.24058526821392,-1,6431,0
5.18040293498708,-1,6431,0
1.49544122912679,-1,6431,0
3.9986198979509,-1,6431,0
1.86427541167685,-1,6431,0
22.1091084166009,-1,6431,0
4.75646353818631,-1,6431,0
30.0415054519873,-1,6431,0
0.614599744054383,-1,6431,0
1.85300189259428,-1,6431,0
5.69023521856898,-1,6431,0
3.12198874598207,-1,6431,0
5.21612441301771,-1,6431,0
3.33158179637753,-1,6431,0
3.00127816419648,-1,6431,0
30.0415054519873,-1,6431,0
1.20827842175291,-1,6431,0
0.252248103887737,-1,6431,0
0.834430593227612,-1,6431,0
0.570993112698058,-1,6431,0
4.54416444347455,-1,6431,0
0.907362631273167,-1,6431,0
7.16627318718381,-1,6431,0
2.69347402067906,-1,6431,0
5.15121259683612,-1,6431,0
3.16901787038231,-1,6431,0
3.77514448319683,-1,6431,0
1.62119133851811,-1,6431,0
5.18040293498708,-1,6431,0
1.73116691604464,-1,6431,0
3.96419833988207,-1,6431,0
1.9809146656919,-1,6431,0
1.90105733206328,-1,6431,0
1.2123367450857,-1,6039,0
4.0775815216962,-1,6039,0
1.24198610342315,-1,6039,0
1.04071065509119,-1,6039,0
0.292597492004226,-1,6039,0
1.93835651785168,-1,6039,0
4.44515956020381,-1,6039,0
4.3653602100174,-1,6039,0
0.65833811485937,-1,6039,0
1.84758499228435,-1,6039,0
1.38832935151668,-1,6039,0
2.32244360765812,-1,6039,0
0.258098243606713,-1,6039,0
1.26514956536735,-1,6039,0
1.38664416383175,-1,6039,0
1.40234909576327,-1,6039,0
1.77692663153004,-1,6039,0
1.63662064680847,-1,6039,0
6.31356699507585,-1,6039,0
0.836962359320146,-1,6039,0
1.33033354222478,-1,6039,0
4.26193118756937,-1,6039,0
6.26135758111399,-1,6039,0
1.67063131997486,-1,6039,0
0.58008619957999,-1,6039,0
2.32076567078273,-1,6039,0
27.4716981132075,-1,6039,0
1.18022222274973,-1,6039,0
0.356604585969776,-1,6039,0
4.51297801803898,-1,6039,0
1.76868907134085,-1,6039,0
2.56268508558772,-1,6039,0
4.93673695893452,-1,6039,0
3.92643838957285,-1,6041,0
2.92409088697782,-1,6041,0
0.890321089535615,-1,6041,0
0.324486682755367,-1,6041,0
0.757767466921467,-1,6041,0
0.566447706769713,-1,6041,0
0.853534853780418,-1,6041,0
0.818528297220003,-1,6041,0
2.91512346211795,-1,6041,0
0.834644933639263,-1,6041,0
40.8378320017275,-1,6041,0
-0.0221061563466073,-1,6041,0
38.9641470655401,-1,6041,0
31.5695301385522,-1,6041,0
2.75694352835905,-1,6041,0
1.9015440174318,-1,6041,0
4.66214503299074,-1,6041,0
1.63104531635561,-1,6041,0
3.69160949633282,-1,6041,0
0.816925842078091,-1,6041,0
-0.359624741248262,-1,6041,0
-0.0888776834414152,-1,6041,0
2.23406056316473,-1,6041,0
1.27934059267809,-1,6041,0
-0.0968847631872828,-1,6041,0
31.9833864963318,-1,6041,0
2.20357160330277,-1,6041,0
1.23839157805838,-1,6041,0
0.083277093743935,-1,6041,0
0.719184183763258,-1,6041,0
-0.285775286578766,-1,6041,0
1.18011948409658,-1,6041,0
0.506722094318999,-1,6041,0
0.403796101554547,-1,6041,0
1.63781011248162,-1,6041,0
0.287977145384248,-1,6041,0
0.446107549616485,-1,6041,0
0.0952575226158952,-1,6041,0
-0.0322315784481977,-1,6041,0
-0.136663136763657,-1,6041,0
0.226617070195709,-1,6041,0
-0.323488233518627,-1,6041,0
1.63945487792012,-1,6041,0
40.8378320017275,-1,6041,0
1.50807164542037,-1,6041,0
3.24872983623816,-1,6041,0
0.95491491116995,-1,6041,0
0.366042942609982,-1,6041,0
3.66015340825886,-1,6041,0
1.96968952106568,-1,6041,0
2.25303854385764,-1,6041,0
1.58092440548091,-1,6041,0
1.59929317888768,-1,6041,0
4.29863920225373,-1,6041,0
0.88566727981545,-1,6041,0
1.39693291392074,-1,6041,0
0.454276063943741,-1,6041,0
0.521060533758163,-1,6041,0
0.091843737946881,-1,6041,0
-0.0540559528368009,-1,6041,0
0.635787504670495,-1,6041,0
0.102935909809229,-1,6041,0
6.18205525536029,-1,6041,0
20.8272209180392,-1,6041,0
30.5909931702997,-1,6041,0
4.35341116101053,-1,6041,0
1.06542214419245,-1,6041,0
0.0872567112564524,-1,6041,0
4.42611768938188,-1,6041,0
0.927205041283662,-1,6041,0
0.162253533052123,-1,6041,0
30.8232495480434,-1,6041,0
3.77956100817165,-1,6041,0
