stabilityOddEven,FadPlusorMinus,MouseID,cohortID
-0.0870482946238594,1,6025,0
-0.0585015515113945,1,6025,0
0.785398163397448,1,6025,0
-0.165018432631581,1,6025,0
0,1,6025,0
0.19107218054662,1,6025,0
-0.0881310026802032,1,6025,0
0,1,6025,0
0.563688473073174,1,6025,0
-0.153681626401903,1,6025,0
-0.0665681637758238,1,6025,0
0.0350915038639292,1,6025,0
-0.129862645998657,1,6025,0
0,1,6025,0
0,1,6025,0
-0.323287622625905,1,6025,0
-0.122462871685537,1,6025,0
-0.318827419358241,1,6025,0
0.785397747564154,1,6025,0
-0.14104096885024,1,6025,0
-0.242925601126987,1,6025,0
-0.141237643329129,1,6025,0
-0.106251130820327,1,6025,0
0.14522036304083,1,6025,0
-0.107540740741073,1,6025,0
-0.105851959930995,1,6025,0
-0.0629588509915131,1,6025,0
-0.149538345208787,1,6025,0
0.785398163397448,1,6025,0
0,1,6025,0
-0.375259799867715,1,6025,0
-0.239916127264438,1,6025,0
0,1,6025,0
-0.0665681637758238,1,6025,0
0.148635739920359,1,6025,0
0.178452127246504,1,6025,0
0.0859201592075093,1,6025,0
-0.19868193132424,1,6025,0
0.0215059688314613,1,6025,0
0.499324110998427,1,6025,0
0,1,6025,0
-0.144551752574228,1,6025,0
0,1,6025,0
0.0923631823042224,1,6025,0
0.303370947754085,1,6025,0
0,1,6025,0
0.0702528939361853,1,6025,0
0,1,6025,0
0,1,6025,0
-0.207445827877468,1,6025,0
-0.198495190670728,1,6025,0
0,1,6025,0
0.247117113862618,1,6025,0
0,1,6025,0
-0.15820510883223,1,6025,0
0,1,6025,0
-0.145863723379817,1,6025,0
0,1,6025,0
0,1,6025,0
0,1,6025,0
-0.0665681637758238,1,6025,0
0.327529102779164,1,6025,0
0,1,6025,0
0,1,6025,0
0.562637673202601,1,6025,0
0.0819443552302467,1,6025,0
0.394297175331697,1,6025,0
-0.263022967276946,1,6025,0
0.208738218480062,1,6025,0
-0.167160121433302,1,6025,0
0.00548004575755035,1,6025,0
0.785398163397448,1,6025,0
-0.287667386377224,1,6025,0
-0.00806788500157302,1,6025,0
-0.149899197120797,1,6025,0
-0.208597979445267,1,6025,0
-0.170797267899613,1,6025,0
0.231061465905277,1,6025,0
-0.247903293499176,1,6025,0
0.392361163935724,1,6025,0
0.785398163397448,1,6025,0
-0.359080434756321,1,6025,0
0.465411395929735,1,6025,0
0.241109419991228,1,6025,0
0.0417024201914016,1,6025,0
-0.107243391125464,1,6025,0
-0.0654614606115832,1,6025,0
0.0261046874231448,1,6025,0
-0.155611043473117,1,6025,0
0.110841841147052,1,6025,0
-0.0665681637758238,1,6025,0
-0.0972773070579636,1,6025,0
0.488251286920186,1,6025,0
0.313159353300689,1,6025,0
-0.0665681637758238,1,6025,0
0,1,6025,0
0.692590715951494,1,6025,0
-0.0951449108123644,1,6025,0
0.463199905946498,1,6025,0
0.0643411288186553,1,6025,0
0.00751301438979806,1,6025,0
0.0747444028984355,1,6025,0
-0.0681366422634082,1,6025,0
-0.0665681637758238,1,6025,0
0.279057196339275,1,6025,0
0.265618320470128,1,6025,0
0.785398163397448,1,6025,0
-0.0639618504025085,1,6025,0
0.222987403228915,1,6025,0
0,1,6025,0
0,1,6025,0
0,1,6025,0
0,1,6025,0
0.393768948335402,1,6025,0
0,1,6025,0
0.072053749493995,1,6025,0
0.166023559124327,1,6025,0
0.0382330148953348,1,6025,0
0.227062400392573,1,6025,0
-0.17351402003808,1,6025,0
0.0486412771867864,1,6025,0
-0.211453563889534,1,6025,0
0.782908293554899,1,6025,0
-0.110377558398743,1,6025,0
-0.16021012827066,1,6025,0
-0.102009304132953,1,6025,0
0.408627593473806,1,6025,0
-0.147569048139732,1,6025,0
-0.224134660771329,1,6025,0
-0.0574250426808629,1,6025,0
-0.258557018072564,1,6025,0
-0.218956687189369,1,6025,0
-0.0733666832003298,1,6025,0
-0.0532425486782951,1,6025,0
0.643454696182128,1,6025,0
0,1,6025,0
-0.0728174839948475,1,6025,0
0,1,6025,0
-0.176674905552303,1,6025,0
0,1,6025,0
-0.114472757722722,1,6025,0
-0.275920976849994,1,6025,0
-0.256063438115072,1,6025,0
-0.0814817498672109,1,6025,0
-0.104515787024929,1,6025,0
-0.252127154292565,1,6025,0
-0.286412068696231,1,6025,0
0,1,6025,0
0,1,6025,0
0.380969215556936,1,6025,0
-0.0745878439344087,1,6025,0
0,1,6025,0
0,1,6025,0
-0.148993506817175,1,6025,0
-0.0970576745528353,1,6025,0
0.036275287214163,1,6025,0
-0.176777126389052,1,6025,0
-0.125445778513701,1,6025,0
-0.0268493900043547,1,6025,0
0,1,6025,0
0,1,6025,0
-0.0722134073026175,1,6025,0
0.406330871758748,1,6025,0
-0.0665681637758238,1,6025,0
-0.137719692907418,1,6025,0
-0.315781920484684,1,6025,0
-0.135861114974161,1,6025,0
0,1,6025,0
0.57379342471296,1,6025,0
-0.0809394299305694,1,6025,0
0.117877418822602,1,6025,0
0,1,6025,0
-0.0780439523693997,1,6025,0
0.785398163397448,1,6025,0
0,1,6025,0
-0.373253391218612,1,6025,0
-0.0777635819050862,1,6025,0
-0.170378661950683,1,6025,0
-0.0430756545726986,1,6025,0
0,1,6025,0
0,1,6025,0
0.359271136546017,1,6025,0
-0.247907249663792,1,6025,0
-0.0665681637758238,1,6025,0
-0.0629588509915131,1,6025,0
0,1,6025,0
0.047095363479971,1,6025,0
0.785398163397448,1,6025,0
0.422637059432077,1,6025,0
-0.0665681637758238,1,6025,0
0,1,6025,0
0,1,6025,0
0,1,6025,0
0.416927766319623,1,6025,0
0.0210388633092237,1,6025,0
-0.151114691169094,1,6025,0
-0.385671217157729,1,6025,0
-0.0690698303241824,1,6025,0
-0.153178330480257,1,6025,0
0,1,6025,0
0,1,6025,0
0,1,6025,0
0,1,6025,0
0.26751097474872,1,6025,0
-0.176308278640746,1,6025,0
-0.137527112557342,1,6025,0
-0.155313730699826,1,6025,0
0,1,6025,0
-0.0765518319993574,1,6025,0
-0.0623282597390333,1,6025,0
-0.0733416640522045,1,6025,0
0,1,6025,0
0,1,6025,0
-0.0972775527633073,1,6025,0
-0.0690308711229353,1,6025,0
0,1,6025,0
0.562973707096782,1,6025,0
0.0282763201075883,1,6025,0
0.301178423695407,1,6025,0
-0.0696830572989113,1,6025,0
-0.0926933610630221,1,6025,0
-0.122313794117821,1,6025,0
-0.201636405118359,1,6025,0
-0.0199432964089133,1,6025,0
-0.219903886601527,1,6025,0
0,1,6025,0
0,1,6025,0
-0.26787175113439,1,6025,0
-0.17209521327866,1,6025,0
0.423146948219876,1,6025,0
-0.283641914831548,1,6025,0
0.0394528001814565,1,6025,0
-0.387513176143797,1,6025,0
0,1,6025,0
0.785398163397448,1,6025,0
-0.147876820546485,1,6025,0
0.0866277905265907,1,6025,0
0,1,6025,0
-0.0360585573819727,1,6025,0
-0.213721839720883,1,6025,0
-0.0707080786483292,1,6025,0
0.391995392413997,1,6025,0
0,1,6025,0
0.0138809280271469,1,6025,0
-0.201932604335864,1,6025,0
0,1,6025,0
0,1,6025,0
0,1,6025,0
0,1,6025,0
0,1,6025,0
0.252996483692156,1,6025,0
-0.0194501296242266,1,6025,0
0,1,6025,0
0,1,6025,0
-0.16575170078441,1,6025,0
0.0497326639279356,1,6025,0
-0.0758211490370459,1,6025,0
-0.0665681637758238,1,6025,0
-0.0719520803336592,1,6025,0
-0.223475760768919,1,6025,0
0.00515691647305708,1,6025,0
-0.491171571233051,1,6025,0
-0.13712133916054,1,6025,0
-0.114498365629611,1,6025,0
-0.159943246733813,1,6025,0
-0.0693233478513826,1,6025,0
-0.0665681637758238,1,6025,0
0,1,6025,0
0,1,6025,0
0.228918402569748,1,6025,0
-0.119449498376285,1,6025,0
0,1,6025,0
-0.0727009285252714,1,6025,0
0,1,6025,0
-0.0665681637758238,1,6025,0
-0.0851763785567,1,6025,0
0,1,6025,0
0.046996480474234,1,6025,0
0,1,6025,0
-0.105643113377427,1,6025,0
0.0633384598700359,1,6025,0
0.538060529750147,1,6025,0
0.582049751047927,1,6025,0
-0.0751705687581694,1,6025,0
-0.171994133580302,1,6025,0
0,1,6025,0
-0.0126466560890282,1,6025,0
-0.123625564274487,1,6025,0
-0.0665681637758238,1,6025,0
-0.292928691786809,1,6025,0
0.48817148471863,1,6025,0
0.750293793640729,1,6025,0
-0.173313950583981,1,6025,0
0.753549782238036,1,6025,0
0.183066102914781,1,6025,0
0.660415149247314,1,6025,0
-0.115200371600585,1,6025,0
0,1,6025,0
-0.0792452964520604,1,6025,0
0.497471398015908,1,6025,0
-0.269269577330607,1,6025,0
-0.111180294477731,1,6025,0
0,1,6025,0
-0.00265009452947237,1,6025,0
-0.257441583575502,1,6025,0
0,1,6025,0
0,1,6025,0
0,1,6025,0
-0.224342657036786,1,6025,0
-0.0784118998993543,1,6025,0
0,1,6025,0
0.483924785118565,1,6025,0
0,1,6025,0
-0.247887283274646,1,6025,0
-0.206604347468213,1,6025,0
-0.0721032595473893,1,6025,0
0,1,6025,0
0,1,6025,0
0,1,6025,0
-0.0949088143883155,1,6025,0
-0.124440980592781,1,6025,0
0.333903802313562,1,6025,0
-0.209031045007969,1,6025,0
-0.107962107067007,1,6025,0
0.403696639970265,1,6025,0
0.0730163899820995,1,6025,0
0.211996357557422,1,6025,0
0.211732995751326,1,6025,0
-0.213872503919884,1,6025,0
-0.0287334674709383,1,6025,0
-0.128996129416247,1,6025,0
-0.0850974697886915,1,6025,0
0,1,6025,0
0.015986583025448,1,6025,0
0.423346947333914,1,6025,0
-0.283850347945511,1,6025,0
-0.0665681637758238,1,6025,0
-0.0665681637758238,1,6025,0
0.325558499570963,1,6025,0
0,1,6025,0
0,1,6025,0
0,1,6025,0
0,1,6025,0
0.668643001485091,1,6025,0
-0.160185447509062,1,6025,0
-0.11023187332524,1,6025,0
-0.172654401120777,1,6025,0
0,1,6025,0
0.145594873260572,1,6025,0
0.403479529767074,1,6025,0
-0.319305791277695,1,6025,0
0,1,6025,0
0.309063546920675,1,6025,0
-0.0110056678329669,1,6025,0
-0.0361729356021508,1,6025,0
-0.28505269978329,1,6025,0
0,1,6025,0
0,1,6025,0
-0.309539564642409,1,6025,0
-0.147275050080325,1,6025,0
0,1,6025,0
-0.138052738390031,1,6025,0
-0.0883694299025945,1,6025,0
0,1,6025,0
-0.131094478139255,1,6025,0
0.381292885570149,1,6025,0
-0.10536166083836,1,6025,0
-0.0665681637758238,1,6025,0
0.0428689081850665,1,6025,0
0.785398163397448,1,6025,0
0.186714485132087,1,6025,0
0,1,6025,0
0,1,6025,0
-0.0665681637758238,1,6025,0
-0.242818571866232,1,6025,0
0.216560663621989,1,6025,0
-0.220117161086743,1,6025,0
0,1,6025,0
-0.0665681637758238,1,6025,0
-0.279184097220015,1,6025,0
0.560807399371838,1,6025,0
-0.086943523564447,1,6025,0
-0.0560215756804516,1,6025,0
-0.167395158102565,1,6025,0
0,1,6025,0
-0.149113233053058,1,6025,0
0.101028972057371,1,6025,0
0.152229864402276,1,6025,0
-0.097024718953656,1,6025,0
-0.0838147479074785,1,6025,0
0,1,6025,0
0.0562399480221184,1,6025,0
0.138271977087795,1,6025,0
0.184236073410691,1,6025,0
0.281445437211969,1,6025,0
-0.0999674481738527,1,6025,0
0.300893923132507,1,6025,0
0.177878984321267,1,6025,0
0,1,6025,0
0.298511817728951,1,6025,0
0,1,6025,0
0.1411225942643,1,6025,0
0,1,6025,0
0,1,6025,0
-0.195194087804255,1,6025,0
0,1,6025,0
0,1,6025,0
0.471598822411104,1,6025,0
-0.203661524038693,1,6025,0
-0.0665681637758238,1,6025,0
-0.35221640247226,1,6025,0
-0.0773601485456349,1,6026,0
-0.209686036394364,1,6026,0
-0.0785109595092644,1,6026,0
-0.198070534499106,1,6026,0
0.310767575547679,1,6026,0
0.575042070522427,1,6026,0
0.466266786541428,1,6026,0
0.669968872874598,1,6026,0
0.497281719959114,1,6026,0
0.300783882184482,1,6026,0
0.458258496821078,1,6026,0
0.380124374648507,1,6026,0
0.0465595359652624,1,6026,0
-0.353662914843232,1,6026,0
-0.115799670576237,1,6026,0
-0.00398922687781128,1,6026,0
-0.290858235062801,1,6027,0
-0.473324752802199,1,6027,0
-0.297889209383418,1,6027,0
0,1,6027,0
-0.14670100075296,1,6027,0
-0.420866991060345,1,6027,0
-0.126500432136402,1,6027,0
0,1,6027,0
-0.147009658004842,1,6027,0
-0.468084951936896,1,6027,0
0,1,6027,0
-0.242579338639781,1,6027,0
-0.24439085649931,1,6027,0
-0.124913147608568,1,6027,0
0,1,6027,0
0.323067758260067,1,6027,0
-0.229890003903307,1,6027,0
0,1,6027,0
0,1,6027,0
0.134533952501932,1,6027,0
-0.121810166551034,1,6027,0
0,1,6027,0
0.5866872377957,1,6027,0
-0.0880500522238115,1,6027,0
0,1,6027,0
0,1,6027,0
0,1,6027,0
0,1,6027,0
-0.0997157057036366,1,6027,0
0,1,6027,0
0.00236677522242761,1,6027,0
-0.0874833366227846,1,6027,0
-0.101319004595274,1,6027,0
-0.117687189165064,1,6027,0
-0.0822515746463242,1,6027,0
-0.0920614760478927,1,6027,0
-0.133598604339805,1,6027,0
-0.223255750238734,1,6027,0
-0.207877366450753,1,6027,0
0.076045974426788,1,6027,0
0.194667139228075,1,6027,0
0.442431716555712,1,6027,0
0.292084574691005,1,6027,0
0.325668849643703,1,6027,0
-0.154056938388382,1,6027,0
0.00410949647889247,1,6027,0
0,1,6027,0
-0.0963338011661589,1,6027,0
-0.139183504699684,1,6027,0
-0.0665681637758238,1,6027,0
0,1,6027,0
-0.0403637322112493,1,6027,0
-0.0665681637758238,1,6027,0
-0.264876611603626,1,6027,0
0,1,6027,0
-0.288960759637687,1,6027,0
0,1,6027,0
0,1,6027,0
-0.0765725094542902,1,6027,0
-0.0665681637758238,1,6027,0
-0.223804032260915,1,6027,0
0.285920205202831,1,6027,0
-0.0747674784017027,1,6027,0
-0.200434044704052,1,6027,0
0.785398163397448,1,6027,0
0.338564171702113,1,6027,0
0,1,6027,0
0.105123362782179,1,6027,0
0,1,6027,0
-0.0666614091099838,1,6027,0
0,1,6027,0
0,1,6027,0
-0.0137418994236263,1,6027,0
-0.0778861694489562,1,6027,0
0.0193314154487053,1,6027,0
0,1,6027,0
0.0315211926409829,1,6027,0
0,1,6027,0
-0.416765559342414,1,6027,0
0,1,6027,0
-0.1979513262332,1,6027,0
0,1,6027,0
0.156742525494286,1,6027,0
-0.130780394231472,1,6027,0
0.266294599049318,1,6027,0
-0.00397693050399151,1,6027,0
-0.275828053757114,1,6027,0
-0.0665681637758238,1,6027,0
-0.0320570162625425,1,6027,0
0.104599700865676,1,6027,0
-0.0665681637758238,1,6027,0
-0.220444769088067,1,6027,0
-0.251735735434093,1,6027,0
-0.214848006217734,1,6027,0
0.0743518096009899,1,6027,0
-0.379403313681401,1,6027,0
0.0464576652326664,1,6027,0
-0.0762518351291254,1,6027,0
0,1,6027,0
0.475025032980875,1,6027,0
-0.105239109883131,1,6027,0
-0.141369050975167,1,6027,0
-0.140957213664254,1,6027,0
-0.0784139053110955,1,6027,0
0.499389143042047,1,6027,0
0.364431379473128,1,6027,0
0.295233394208304,1,6027,0
0,1,6027,0
-0.244595033943123,1,6027,0
0.249853978919447,1,6027,0
0,1,6027,0
0,1,6027,0
0.552517664192574,1,6027,0
0.0199552715980687,1,6027,0
0.198402321505455,1,6027,0
0,1,6027,0
-0.112985127418591,1,6027,0
0.288900303548729,1,6027,0
0,1,6027,0
0.766294074801535,1,6027,0
0,1,6027,0
-0.120262173933476,1,6027,0
0.368166584338725,1,6027,0
0,1,6027,0
0,1,6027,0
-0.20629162244576,1,6027,0
0.572040147829247,1,6027,0
0.232929824881365,1,6027,0
0.137595457619363,1,6027,0
0.213307196484828,1,6027,0
0,1,6027,0
-0.151287492004035,1,6027,0
0,1,6027,0
0,1,6027,0
0.407190548035825,1,6027,0
0,1,6027,0
0.0490305013620475,1,6027,0
0,1,6027,0
-0.0165265334954744,1,6027,0
0,1,6027,0
-0.233314606332916,1,6027,0
-0.118637167983761,1,6027,0
-0.0627216608880102,1,6027,0
0.60955155084645,1,6027,0
0.214358627156743,1,6027,0
-0.116916520849048,1,6027,0
0,1,6027,0
-0.0665681637758238,1,6027,0
0.0442551197354718,1,6027,0
-0.166539322905708,1,6027,0
0,1,6027,0
-0.0897585726458031,1,6027,0
0,1,6027,0
0.357960558205521,1,6027,0
0.472037595513614,1,6027,0
-0.0972300202362529,1,6027,0
-0.0665681637758238,1,6027,0
-0.102533760273661,1,6027,0
0,1,6027,0
-0.106676673825891,1,6027,0
-0.0665681637758238,1,6027,0
-0.00143708042110945,1,6027,0
0,1,6027,0
0,1,6027,0
0,1,6027,0
-0.122613615718428,1,6027,0
0.536324348585066,1,6027,0
0.721032685414876,1,6027,0
0.305209727562302,1,6027,0
0.0716878564116505,1,6027,0
-0.105519875954309,1,6027,0
-0.170366833056694,1,6027,0
-0.121040348263771,1,6027,0
-0.174470342249053,1,6027,0
-0.222374219646118,1,6027,0
-0.320263738343095,1,6027,0
0.104016317911826,1,6027,0
0.139028648680848,1,6027,0
0.57541071307863,1,6027,0
0.401449929312354,1,6027,0
-0.0493807518788117,1,6027,0
-0.142759133951349,1,6027,0
0.523079817310159,1,6027,0
0.518013015919466,1,6027,0
-0.104107912660648,1,6027,0
0,1,6027,0
0.00626687939583324,1,6027,0
0.118698972975567,1,6027,0
-0.0665681637758238,1,6027,0
-0.159171080842856,1,6027,0
0.321258499541028,1,6027,0
0.348883547789121,1,6027,0
-0.101446897082337,1,6027,0
0.53098386898072,1,6027,0
0.158125530027163,1,6027,0
0,1,6027,0
0.624827213381508,1,6027,0
-0.158330883138924,1,6027,0
0,1,6027,0
0.380158121682332,1,6027,0
-0.295306403175056,1,6027,0
0.785398163397448,1,6027,0
-0.155235797215173,1,6027,0
-0.0828537396815459,1,6027,0
0,1,6027,0
0.377741493400002,1,6027,0
-0.0749414054556842,1,6027,0
0,1,6027,0
0.420404606085934,1,6027,0
-0.137236090337443,1,6027,0
0,1,6027,0
0,1,6027,0
0.0228048959513314,1,6027,0
0,1,6027,0
-0.0417606584046266,1,6027,0
0,1,6027,0
0.179622233522866,1,6027,0
-0.196014096583989,1,6027,0
-0.336075974555518,1,6027,0
-0.127623541600035,1,6027,0
-0.184752047434327,1,6027,0
-0.199363733663784,1,6027,0
0,1,6027,0
0,1,6027,0
0.103175808563154,1,6027,0
-0.00883074897854459,1,6027,0
0.318382331464208,1,6027,0
-0.163943089877498,1,6027,0
-0.207063488409374,1,6027,0
-0.0727589612734581,1,6027,0
-0.0619914762408241,1,6027,0
0.156093475125597,1,6027,0
-0.058476856861279,1,6027,0
0,1,6027,0
0,1,6027,0
0,1,6027,0
0,1,6027,0
0.0199586317505388,1,6027,0
-0.0215400985987813,1,6027,0
-0.16102862734327,1,6027,0
-0.150201089787398,1,6027,0
0.213567833748402,1,6027,0
-0.0665681637758238,1,6027,0
0.416885817810776,1,6027,0
-0.201994646106739,1,6027,0
-0.0947278017891007,1,6027,0
0,1,6027,0
0,1,6027,0
0,1,6027,0
0.314559787835583,1,6027,0
-0.140589704798747,1,6027,0
0.0862457454583787,1,6027,0
0.231372862984427,1,6027,0
-0.380065658917891,1,6027,0
0.0196069406552498,1,6027,0
0.337956636730668,1,6027,0
0.249749000065198,1,6027,0
-0.199913600113911,1,6027,0
-0.172279385644835,1,6027,0
-0.220118802750631,1,6027,0
0.296129212339219,1,6027,0
0.560199028512573,1,6027,0
-0.0826193865260526,1,6027,0
0.117724857044092,1,6027,0
-0.0960603568330183,1,6027,0
0,1,6027,0
-0.0970463971823961,1,6027,0
-0.19698045828529,1,6027,0
0,1,6027,0
0,1,6027,0
-0.0957307980512587,1,6027,0
0,1,6027,0
-0.0665681637758238,1,6027,0
0.399350026928921,1,6027,0
-0.110812345735874,1,6027,0
-0.0665681637758238,1,6027,0
-0.0571325700672831,1,6027,0
0,1,6027,0
-0.295084231993909,1,6027,0
0.147006458565653,1,6027,0
0.0344329998235262,1,6027,0
-0.0401744351480813,1,6027,0
0,1,6027,0
-0.488588520483157,1,6027,0
-0.130010069978469,1,6027,0
0,1,6027,0
0.0504230373126904,1,6027,0
-0.0428161850391384,1,6027,0
-0.163493947806229,1,6027,0
0.148385910645327,1,6027,0
-0.405960094408195,1,6027,0
0.242454171506851,1,6027,0
0.0875363428390871,1,6027,0
0.429070234298282,1,6027,0
-0.120422155750701,1,6027,0
0,1,6027,0
0.139937899315516,1,6027,0
0.630928292002989,1,6027,0
-0.155657328121738,1,6027,0
0.469596960521623,1,6027,0
-0.087334851789524,1,6027,0
0,1,6027,0
-0.179854220761515,1,6027,0
-0.108381007963971,1,6027,0
-0.248672179671247,1,6027,0
0,1,6027,0
-0.020267938318823,1,6027,0
-0.142146881048515,1,6027,0
-0.255602290513183,1,6027,0
-0.0104175854997457,1,6027,0
-0.0844409821648434,1,6027,0
-0.135777177180431,1,6027,0
0.411624942054727,1,6027,0
0.346682193352251,1,6027,0
-0.126459883475103,1,6027,0
-0.150183718034803,1,6027,0
0,1,6027,0
0,1,6027,0
-0.201367863467013,1,6027,0
-0.152178206199566,1,6027,0
-0.0651113390683127,1,6027,0
-0.00485056606184227,1,6027,0
-0.0129590654782567,1,6027,0
0.222499937279659,1,6027,0
-0.183162115408791,1,6027,0
0.785398163397448,1,6027,0
-0.0665681637758238,1,6027,0
-0.0963491692113687,1,6027,0
-0.19927870137582,1,6027,0
0,1,6027,0
0.520313181138327,1,6027,0
-0.0958139083664822,1,6027,0
0.122879892625992,1,6027,0
-0.0665681637758238,1,6027,0
-0.252701884731024,1,6027,0
0.417801989071783,1,6027,0
-0.102546157469547,1,6027,0
0,1,6027,0
-0.0949516593432088,1,6027,0
0,1,6027,0
0.102268969446135,1,6027,0
-0.0670234558900488,1,6027,0
-0.146320755974448,1,6027,0
0,1,6027,0
0,1,6027,0
0,1,6027,0
0,1,6027,0
0,1,6027,0
-0.137013167156993,1,6027,0
-0.0665681637758238,1,6027,0
0,1,6027,0
0,1,6027,0
0.168901644537132,1,6027,0
-0.159505040975742,1,6027,0
-0.0488452838369067,1,6027,0
-0.11366608545792,1,6027,0
0.0221862898035636,1,6027,0
0,1,6027,0
-0.12645656515361,1,6027,0
0,1,6027,0
-0.128256914296487,1,6027,0
-0.104664653701957,1,6027,0
-0.30906372115798,1,6027,0
0.0480094626567937,1,6027,0
0,1,6027,0
-0.0481727802139499,1,6027,0
0,1,6027,0
-0.0665681637758238,1,6027,0
0.0904544558190566,1,6027,0
0,1,6027,0
-0.0816429209239943,1,6027,0
-0.128641291130436,1,6027,0
0.258119860075265,1,6027,0
0,1,6027,0
-0.155560378624132,1,6027,0
-0.0665681637758238,1,6027,0
0,1,6027,0
0,1,6027,0
0,1,6027,0
0,1,6027,0
0.112134803897198,1,6027,0
0.1872291703813,1,6027,0
-0.100257873666345,1,6027,0
0,1,6027,0
0.463834827443426,1,6027,0
0,1,6027,0
-0.121924730617183,1,6027,0
0,1,6027,0
-0.282506919195254,1,6027,0
0.50736442714822,1,6027,0
0.225554074169743,1,6027,0
-0.108288611688984,1,6027,0
-0.391999680838523,1,6027,0
-0.102203148453289,1,6027,0
0.477681629519848,1,6027,0
0.503078631267758,1,6027,0
0.776462829365128,1,6027,0
-0.198239309157421,1,6027,0
0,1,6027,0
0,1,6027,0
0.35356754747943,1,6027,0
0.548945206726592,1,6027,0
0,1,6027,0
0,1,6027,0
0,1,6027,0
0.0959268026809976,1,6027,0
0.556973282561204,1,6027,0
0,1,6027,0
-0.0665681637758238,1,6027,0
0.0969636246355439,1,6027,0
0.162892487291167,1,6027,0
-0.263709118177313,1,6027,0
0.485935787847188,1,6027,0
-0.116142096390554,1,6027,0
-0.39110362820401,1,6027,0
-0.0287625774499922,1,6027,0
-0.301180317180754,1,6027,0
-0.283627514137449,1,6027,0
0,1,6027,0
0.168426397227297,1,6027,0
-0.216441190070944,1,6027,0
0.129981217933323,1,6027,0
0.224984218528215,1,6027,0
0.717639343141433,1,6027,0
0.69640904752236,1,6027,0
0.395213030638671,1,6027,0
0.321735939323231,1,6027,0
0.330460488689244,1,6027,0
0,1,6027,0
-0.151060666169859,1,6027,0
0.377156462399137,1,6027,0
-0.245650156720538,1,6027,0
0.0631172940925648,1,6027,0
0.397374580107209,1,6027,0
0.210624023126108,1,6027,0
0.00318645567191138,1,6027,0
-0.0907762699162223,1,6027,0
0.440499331919594,1,6027,0
0.0108919416934674,1,6027,0
0.119130745960086,1,6027,0
-0.227476972620104,1,6027,0
-0.00851645296034466,1,6027,0
0.146408917715082,1,6027,0
-0.136782623897922,1,6027,0
0,1,6027,0
0,1,6027,0
-0.0312782889322926,1,6027,0
-0.216639778787347,1,6027,0
-0.0962211016388724,1,6027,0
0.351500297508298,1,6027,0
0,1,6027,0
-0.0186814817184923,1,6027,0
0.435044658911158,1,6027,0
-0.160545647500413,1,6027,0
-0.113448297856366,1,6027,0
-0.0699727286966429,1,6027,0
-0.0953033877716674,1,6027,0
-0.269062686396795,1,6027,0
-0.0687980885621617,1,6027,0
0,1,6027,0
0,1,6027,0
0.0682272148118522,1,6027,0
0.620249756402731,1,6027,0
-0.0923783501393722,1,6027,0
-0.293950914885454,1,6027,0
0.301052936353095,1,6027,0
0,1,6027,0
0.125310395935728,1,6027,0
-0.186349295724473,1,6027,0
0,1,6027,0
0.24477930025436,1,6027,0
-0.160346906697571,1,6027,0
-0.158853200582647,1,6027,0
0.260023614547197,1,6027,0
0.028224107207102,1,6027,0
-0.0628532999788742,1,6027,0
0,1,6027,0
0,1,6027,0
-0.127647747083693,1,6027,0
-0.148788498430969,1,6027,0
-0.12443223078412,1,6027,0
-0.0762910740859946,1,6027,0
-0.119124677979531,1,6027,0
-0.104630212298605,1,6027,0
0.254763616538477,1,6027,0
0,1,6027,0
0,1,6027,0
0,1,6027,0
0,1,6027,0
0,1,6027,0
-0.264995490965766,1,6027,0
-0.173686550695535,1,6027,0
0,1,6027,0
-0.273285780151017,1,6027,0
0,1,6027,0
0,1,6027,0
-0.177098974520474,1,6027,0
-0.239450422512329,1,6027,0
0.574988060258897,1,6027,0
0,1,6027,0
0.326526829181265,1,6027,0
0,1,6027,0
0.192547115492551,1,6027,0
-0.484946467639543,1,6027,0
0.769672135756699,1,6027,0
-0.0975136168227639,1,6027,0
-0.263214306805858,1,6027,0
0,1,6027,0
-0.0355023358338662,1,6027,0
-0.0877489842146088,1,6027,0
0.0811649218872862,1,6027,0
-0.134769083459278,1,6027,0
0.399544755557826,1,6027,0
0.276288815835133,1,6027,0
-0.532048787937955,1,6027,0
-0.0961941783675645,1,6027,0
-0.208335474660994,1,6027,0
-0.0919718120530717,1,6027,0
-0.0784800926583838,1,6027,0
-0.174327887644792,1,6027,0
0,1,6027,0
0,1,6027,0
-0.4107096077473,1,6027,0
0,1,6027,0
0.15045972109184,1,6027,0
0,1,6027,0
-0.0348321508146342,1,6027,0
-0.247518940074637,1,6027,0
0.392137915249771,1,6027,0
-0.149499644303504,1,6027,0
-0.129621391795208,1,6027,0
-0.294577035648341,1,6027,0
0.127134473960151,1,6027,0
0.351988043705454,1,6027,0
0.243707147508682,1,6027,0
-0.170810569595768,1,6027,0
0.27782510464645,1,6027,0
0.639940575099988,1,6027,0
0.0712221360846314,1,6027,0
-0.0713047191088114,1,6027,0
0,1,6027,0
-0.0437740218297927,1,6027,0
-0.149673650359178,1,6027,0
-0.193995835196744,1,6027,0
-0.21206578069859,1,6027,0
-0.168628794792562,1,6027,0
0.291397392921393,1,6027,0
0.412285045069418,1,6027,0
-0.17891555170108,1,6027,0
-0.301502533218358,1,6027,0
0.167213630064083,1,6027,0
-0.0965952554854614,1,6027,0
0,1,6027,0
-0.125060476366079,1,6027,0
-0.170887464859326,1,6027,0
-0.119070269817982,1,6027,0
-0.061697800003683,1,6027,0
-0.0634281883746247,1,6027,0
0.0396829026170706,1,6027,0
-0.181119687634004,1,6027,0
0.0547555080462056,1,6027,0
0,1,6027,0
-0.131981982571546,1,6027,0
0.785398163397448,1,6027,0
0.282665187646379,1,6027,0
-0.227838851529282,1,6027,0
0.245414598953065,1,6027,0
0,1,6027,0
0,1,6027,0
-0.143565729486735,1,6027,0
0,1,6027,0
0.169362948015966,1,6027,0
0.397077384425743,1,6027,0
-0.0822491598163959,1,6027,0
0,1,6027,0
-0.272193490406232,1,6027,0
0.35044544853286,1,6027,0
-0.0665681637758238,1,6027,0
-0.165455780748254,1,6027,0
0.0943010311865093,1,6027,0
0,1,6027,0
-0.145632831302771,1,6027,0
0,1,6027,0
0,1,6027,0
-0.119698320738775,1,6027,0
-0.0136757757392794,1,6027,0
0.314128276117184,1,6027,0
0,1,6027,0
-0.0665681637758238,1,6027,0
0,1,6027,0
0.000521597987472975,1,6027,0
-0.410868865005642,1,6027,0
-0.0730515130154703,1,6027,0
0.476077921776825,1,6027,0
-0.108858665812055,1,6027,0
-0.122358216365976,1,6027,0
0.0648165038217198,1,6027,0
0.534063327518991,1,6027,0
-0.0961871080083138,1,6028,0
0.151725968684027,1,6028,0
0.262548427226561,1,6028,0
-0.0256764495202311,1,6028,0
0,1,6028,0
-0.0665681637758238,1,6028,0
0,1,6028,0
-0.184874922433392,1,6028,0
0.509916517569168,1,6028,0
-0.153589349447356,1,6028,0
-0.0950253267804571,1,6028,0
0.0681090531949951,1,6028,0
0.117019174748449,1,6028,0
-0.198263625068993,1,6028,0
0.230468402327431,1,6028,0
0.398976338721907,1,6028,0
0.785398163397448,1,6028,0
0,1,6028,0
0,1,6028,0
0.785398163397448,1,6028,0
-0.469300543867969,1,6028,0
0.418822257571275,1,6028,0
0,1,6028,0
-0.111282158068616,1,6028,0
-0.0776494247991279,1,6028,0
0.0949940637915986,1,6028,0
0,1,6028,0
0.236956576101723,1,6028,0
0.460829719682278,1,6028,0
0.0770665002059083,1,6028,0
0.785398163397448,1,6028,0
0.454583776689264,1,6028,0
0.58665406875447,1,6028,0
0.33428148198798,1,6028,0
0.560495781822882,1,6028,0
0.188089326887888,1,6028,0
-0.0665681637758238,1,6028,0
-0.207412273227643,1,6028,0
-0.0121776049398727,1,6028,0
-0.203333779098205,1,6028,0
-0.158098573629174,1,6028,0
-0.183370183809938,1,6028,0
-0.150275169171181,1,6028,0
-0.270500212380623,1,6028,0
0.300890480988515,1,6028,0
0.00566223733301927,1,6028,0
-0.224544378497281,1,6028,0
-0.0958398200361386,1,6028,0
0.228063087515255,1,6028,0
-0.356003071267519,1,6028,0
-0.488022077621659,1,6028,0
-0.268778323552685,1,6028,0
-0.216349142642241,1,6028,0
-0.194212099242822,1,6028,0
-0.157555459972464,1,6028,0
-0.13961169476992,1,6028,0
-0.200779421512905,1,6028,0
-0.10977946960841,1,6028,0
0.359641653961377,1,6028,0
0.323442881609232,1,6028,0
-0.192533152186792,1,6028,0
0.0306745657861829,1,6028,0
-0.302223311994897,1,6028,0
0.510632120570836,1,6028,0
0.514891949430509,1,6028,0
-0.0899887396610174,1,6028,0
-0.0996917563044873,1,6028,0
0.75686618431496,1,6028,0
0.026097851832834,1,6028,0
-0.373468999820437,1,6028,0
-0.189320804605598,1,6028,0
0,1,6028,0
-0.409375576570621,1,6028,0
-0.0670783779365237,1,6028,0
0,1,6028,0
0,1,6028,0
-0.0497243186778368,1,6028,0
0,1,6028,0
-0.253542753320201,1,6028,0
0,1,6028,0
-0.0256699613316087,1,6028,0
0,1,6028,0
0.102811515126959,1,6028,0
-0.0764325397669276,1,6028,0
-0.0819575452053279,1,6028,0
0,1,6028,0
0.179198585018841,1,6028,0
-0.0755719114806155,1,6028,0
-0.0665681637758238,1,6028,0
0,1,6028,0
0,1,6028,0
0,1,6028,0
-0.0665681637758238,1,6028,0
0.520005478057853,1,6028,0
0.258049525662758,1,6028,0
0.194461543973401,1,6028,0
-0.0698323201382081,1,6028,0
0.355022594835151,1,6028,0
0.142561402522009,1,6028,0
-0.436992773710419,1,6028,0
-0.143007037345856,1,6028,0
0.2850558086033,1,6028,0
0.274755719891218,1,6028,0
-0.0352534126839794,1,6028,0
-0.226620988148186,1,6028,0
0.739608459315585,1,6028,0
0.783952402325602,1,6028,0
0.00912797917747956,1,6028,0
0.525279556506186,1,6028,0
-0.107596715534614,1,6028,0
0.525172285682712,1,6028,0
0,1,6028,0
-0.107184404600673,1,6028,0
-0.0141510411191446,1,6028,0
-0.0971850470367567,1,6028,0
0,1,6028,0
-0.271321945792405,1,6028,0
-0.214996241591366,1,6028,0
0,1,6028,0
0,1,6028,0
0,1,6028,0
0,1,6028,0
0,1,6028,0
0.449118058524141,1,6028,0
-0.162682685660024,1,6028,0
0.0274618459588531,1,6028,0
-0.131034383804976,1,6028,0
-0.0719347755365581,1,6028,0
0,1,6028,0
0.0355140781621452,1,6028,0
0.266238805864597,1,6028,0
0,1,6028,0
-0.0184591763987847,1,6028,0
0,1,6028,0
0.523052006074398,1,6028,0
0,1,6028,0
0,1,6028,0
0.0904669312067288,1,6028,0
-0.0765145764226689,1,6028,0
0,1,6028,0
0.151152548937713,1,6028,0
-0.19748672344205,1,6028,0
0,1,6028,0
0.26950253282793,1,6028,0
0.34120367449639,1,6028,0
-0.0549800629899325,1,6028,0
0,1,6028,0
-0.105162399933183,1,6028,0
0,1,6028,0
0,1,6028,0
-0.156653895554145,1,6028,0
0.340775333110974,1,6028,0
-0.0665681637758238,1,6028,0
-0.0776494247991279,1,6028,0
-0.207355925181268,1,6028,0
0,1,6028,0
-0.0474730381985286,1,6028,0
-0.0343226557079762,1,6028,0
-0.0741387617226797,1,6028,0
0.727359205790387,1,6028,0
0.447970629442831,1,6028,0
0.449483189348978,1,6028,0
0,1,6028,0
0,1,6028,0
-0.308316565103645,1,6028,0
0.237186827622029,1,6028,0
0.511833863795024,1,6028,0
-0.352883576812426,1,6028,0
-0.0665681637758238,1,6028,0
-0.0382387901735624,1,6028,0
0,1,6028,0
-0.156943214217538,1,6028,0
0,1,6028,0
0.354834029231652,1,6028,0
-0.173011602060382,1,6028,0
0.560469507839892,1,6028,0
-0.0665681637758238,1,6028,0
0,1,6028,0
0,1,6028,0
0.0612811199214665,1,6028,0
0,1,6028,0
0.142155473317091,1,6028,0
-0.0963594162266059,1,6028,0
-0.0627399144883349,1,6028,0
-0.226350769806008,1,6028,0
0,1,6028,0
-0.11260918945937,1,6028,0
-0.160237463384205,1,6028,0
-0.189544428504017,1,6028,0
-0.152241097940156,1,6028,0
-0.096303343652181,1,6028,0
-0.0541334234515425,1,6028,0
0,1,6028,0
-0.111595266422656,1,6028,0
-0.189136130289025,1,6028,0
-0.0987646289724501,1,6028,0
0,1,6028,0
0,1,6028,0
0,1,6028,0
0,1,6028,0
-0.0415562712253343,1,6028,0
0,1,6028,0
-0.148670792343706,1,6028,0
0,1,6028,0
0,1,6028,0
0,1,6028,0
-0.103868916522055,1,6028,0
0.0338261732903772,1,6028,0
-0.119088409416818,1,6028,0
0,1,6028,0
-0.0543968572389536,1,6028,0
0.405475020761242,1,6028,0
0.178360069358017,1,6028,0
-0.0327594779716178,1,6028,0
0.783991910021494,1,6028,0
0,1,6028,0
0,1,6028,0
0.0268140015395843,1,6028,0
0,1,6028,0
0,1,6028,0
-0.315813407087913,1,6028,0
-0.129990475505415,1,6028,0
-0.0216049008859864,1,6028,0
0.141590705607599,1,6028,0
-0.425100317241562,1,6028,0
0.446666290704046,1,6028,0
0.500965682707745,1,6028,0
-0.0854748828015381,1,6028,0
-0.137052848011069,1,6028,0
-0.215695942639752,1,6028,0
0.160426265224617,1,6028,0
0.0898993562898942,1,6028,0
-0.184279354750882,1,6028,0
0.555058531655391,1,6028,0
0.105515695347717,1,6028,0
-0.258552275057437,1,6028,0
-0.0555777934325396,1,6028,0
0.187883233242496,1,6028,0
-0.12898194454221,1,6028,0
0.00251184057055171,1,6028,0
-0.117106917259901,1,6028,0
-0.0665681637758238,1,6028,0
-0.0665681637758238,1,6028,0
0,1,6028,0
0.662340027087035,1,6028,0
-0.212777741660964,1,6028,0
-0.0212009881941656,1,6029,0
-0.196036061925603,1,6029,0
-0.0768038522925193,1,6029,0
0.629485961381617,1,6029,0
0.299706983168713,1,6029,0
-0.135263063897757,1,6029,0
-0.144988368485492,1,6029,0
-0.245710536362154,1,6029,0
-0.172166373311571,1,6029,0
-0.0665681637758238,1,6029,0
-0.110217564551629,1,6029,0
-0.27703948539302,1,6029,0
0.553264275691266,1,6029,0
0,1,6029,0
0.187313726638357,1,6029,0
-0.285282365940222,1,6029,0
0,1,6029,0
-0.137100387866841,1,6029,0
0.0114359774939759,1,6029,0
0.0174847309001298,1,6029,0
0.0644996167153698,1,6029,0
0,1,6029,0
0.0711290482718097,1,6029,0
-0.119036693680706,1,6029,0
0.0459852474817161,1,6029,0
0.292300211907949,1,6029,0
-0.196145417541629,1,6029,0
-0.340767810923037,1,6029,0
0.48734693157881,1,6029,0
-0.0126796252969467,1,6029,0
0.261710385887028,1,6029,0
0.212875379707665,1,6029,0
0.495081283776057,1,6029,0
0.0888868667732649,1,6029,0
0.186076318368109,1,6029,0
0.407919576373715,1,6029,0
0.645159054213544,1,6029,0
-0.324283281697118,1,6029,0
0,1,6029,0
-0.248907692300641,1,6029,0
0.222280586182164,1,6029,0
-0.02517852490008,1,6029,0
-0.0416695689078186,1,6029,0
-0.00227533528894649,1,6029,0
0.122061665397493,1,6029,0
-0.146374927231262,1,6029,0
-0.186124138263505,1,6029,0
-0.0872104743369724,1,6029,0
-0.294999779072279,1,6029,0
-0.0817338685549704,1,6029,0
-0.0736796972700213,1,6029,0
0,1,6029,0
0.556066505911093,1,6029,0
-0.133130462737159,1,6029,0
-0.159424316725978,1,6029,0
0.163562684570393,1,6029,0
-0.405717180651644,1,6029,0
0.146404804208965,1,6029,0
-0.36681285909607,1,6029,0
-0.34889871256086,1,6029,0
-0.199554536752071,1,6029,0
-0.253843525270731,1,6029,0
0,1,6029,0
0.0785663809916503,1,6029,0
-0.124883299844459,1,6029,0
0,1,6029,0
0.186970418542493,1,6029,0
-0.316232349893699,1,6029,0
0.10553750095998,1,6029,0
0.214950328172951,1,6029,0
0.120111295316895,1,6029,0
-0.177029147037334,1,6029,0
-0.205838598608503,1,6029,0
0.252054344149458,1,6029,0
-0.221145689188368,1,6029,0
-0.152072451939197,1,6029,0
-0.0616877451856395,1,6029,0
-0.16373611614123,1,6029,0
0.552262688232183,-1,6412,0
-0.190819339073125,-1,6412,0
0.0575120465058103,-1,6412,0
0.579017800969065,-1,6412,0
0,-1,6412,0
0,-1,6412,0
0,-1,6412,0
-0.203214146110121,-1,6412,0
0.160887227783563,-1,6412,0
-0.13087328867504,-1,6412,0
-0.0767445010689131,-1,6412,0
0,-1,6412,0
0,-1,6412,0
-0.135587153627683,-1,6412,0
-0.0665681637758238,-1,6412,0
-0.0795947267335935,-1,6412,0
0.109990437291725,-1,6412,0
-0.135389538409454,-1,6412,0
0,-1,6412,0
-0.0665681637758238,-1,6412,0
0.112422336541118,-1,6412,0
-0.163346072088396,-1,6412,0
0,-1,6412,0
-0.2774502606536,-1,6412,0
-0.078540571459854,-1,6412,0
0.407810663349401,-1,6412,0
-0.095948134712059,-1,6412,0
0,-1,6412,0
0.425248987235956,-1,6412,0
0.617294099431511,-1,6412,0
0.606165743889805,-1,6412,0
0.455742884764851,-1,6412,0
-0.111139636895321,-1,6412,0
0.101188098317788,-1,6412,0
-0.162081125193425,-1,6412,0
0.607759830882983,-1,6412,0
-0.0972627245120249,-1,6412,0
0,-1,6412,0
0.256271577830329,-1,6412,0
0,-1,6412,0
-0.0792141154566857,-1,6412,0
-0.0764039603083206,-1,6412,0
0,-1,6412,0
0.176658853329465,-1,6416,0
0.552879005230001,-1,6416,0
0.155968538026216,-1,6416,0
-0.162395244779937,-1,6416,0
0.350768052580874,-1,6416,0
0,-1,6416,0
0,-1,6416,0
0.195351535012959,-1,6416,0
0.293599442805637,-1,6416,0
0,-1,6416,0
0,-1,6416,0
0.364703821863782,-1,6416,0
0,-1,6416,0
0,-1,6416,0
-0.0665681637758238,-1,6416,0
0,-1,6416,0
0.153685080339573,-1,6416,0
0,-1,6416,0
0.538126330126753,-1,6416,0
0,-1,6416,0
0,-1,6416,0
0,-1,6416,0
0,-1,6416,0
0,-1,6416,0
0,-1,6416,0
0,-1,6416,0
0.37843691015608,-1,6416,0
-0.321276749964158,-1,6416,0
-0.0922912416217248,-1,6416,0
0,-1,6416,0
-0.252529653939696,-1,6416,0
0,-1,6416,0
-0.0930548334794453,-1,6416,0
0,-1,6416,0
0.592331615280303,-1,6416,0
0.575721083140449,-1,6416,0
0.150019987886017,-1,6416,0
0,-1,6416,0
-0.0879283173645535,-1,6416,0
0.24837388064579,-1,6416,0
0,-1,6416,0
0.24684479787139,-1,6416,0
0,-1,6416,0
0,-1,6416,0
0.556885985426007,-1,6416,0
0,-1,6416,0
-0.143904841743724,-1,6416,0
0,-1,6416,0
0,-1,6416,0
-0.183911356686879,-1,6416,0
0,-1,6416,0
-0.0934011222500432,-1,6416,0
0,-1,6416,0
-0.255793444820366,-1,6416,0
0,-1,6416,0
0,-1,6416,0
-0.0464631668924815,-1,6416,0
0.228343026582238,-1,6416,0
0,-1,6416,0
0,-1,6416,0
0.247844676798027,-1,6416,0
-0.365758643763439,-1,6416,0
0,-1,6416,0
0,-1,6416,0
0,-1,6416,0
0,-1,6416,0
-0.130415550867793,-1,6416,0
0,-1,6416,0
-0.116673176300859,-1,6416,0
0,-1,6416,0
-0.210792475379257,-1,6416,0
0,-1,6416,0
-0.0935244392330788,-1,6416,0
-0.182852829314073,-1,6416,0
-0.0665681637758238,-1,6416,0
-0.122788150212613,-1,6416,0
-0.414521463176981,-1,6416,0
0,-1,6416,0
-0.0665681637758238,-1,6416,0
0.157307322988196,-1,6416,0
0,-1,6416,0
-0.24627918667781,-1,6416,0
0,-1,6416,0
0,-1,6416,0
0,-1,6416,0
0.015650000202659,-1,6416,0
-0.172918388356771,-1,6416,0
-0.126214286818903,-1,6416,0
0.378765708287177,-1,6416,0
-0.0665681637758238,-1,6416,0
0.469878984203932,-1,6416,0
-0.139558607180527,-1,6416,0
0,-1,6416,0
-0.131269867037999,-1,6416,0
0.0102288640182647,-1,6416,0
-0.000127410811259605,-1,6416,0
0,-1,6416,0
0,-1,6416,0
-0.112480652434931,-1,6416,0
0,-1,6416,0
0.398961969611016,-1,6416,0
0,-1,6416,0
-0.176122077763369,-1,6416,0
0,-1,6431,0
-0.0665681637758238,-1,6431,0
-0.0899131572411755,-1,6431,0
0,-1,6431,0
0.24185785629162,-1,6431,0
-0.0119289220653447,-1,6431,0
0,-1,6431,0
0.519565402257258,-1,6431,0
0.0463331999146134,-1,6431,0
0.275191241397223,-1,6431,0
0.310479232617414,-1,6431,0
0,-1,6431,0
-0.11964004617013,-1,6431,0
-0.104303940172532,-1,6431,0
0.549203121789267,-1,6431,0
-0.215477589358535,-1,6431,0
-0.059663908714203,-1,6431,0
0.50670558132413,-1,6431,0
0.294943008373896,-1,6431,0
-0.306356297373429,-1,6431,0
0.0518130941636583,-1,6431,0
0.136932816523751,-1,6431,0
0.261367561396582,-1,6431,0
-0.235768809338568,-1,6431,0
0.150906094293805,-1,6431,0
-0.228557683651413,-1,6431,0
-0.0037007166663495,-1,6431,0
-0.213664392361333,-1,6431,0
-0.00783469288357853,-1,6431,0
0,-1,6431,0
0.112938175996439,-1,6431,0
0,-1,6431,0
-0.113084903320569,-1,6431,0
-0.137712229649895,-1,6431,0
0,-1,6431,0
0,-1,6431,0
-0.0665681637758238,-1,6431,0
-0.2229802795883,-1,6431,0
-0.369081487638639,-1,6431,0
0,-1,6431,0
0,-1,6431,0
-0.0665681637758238,-1,6431,0
-0.135720434626178,-1,6431,0
-0.123482077244097,-1,6431,0
-0.120071719491588,-1,6431,0
-0.0665681637758238,-1,6431,0
-0.236123681651196,-1,6431,0
-0.148683128149864,-1,6431,0
-0.0578327760482205,-1,6431,0
0.237450632816924,-1,6431,0
0.245861881077854,-1,6431,0
0,-1,6431,0
0,-1,6431,0
0.520510538873459,-1,6431,0
0,-1,6431,0
0.557083698391559,-1,6431,0
0.307070962401012,-1,6431,0
0,-1,6431,0
0,-1,6431,0
0,-1,6431,0
-0.117887131790135,-1,6431,0
0,-1,6431,0
0,-1,6431,0
0,-1,6431,0
-0.128260662057542,-1,6431,0
0,-1,6431,0
-0.108351469219257,-1,6431,0
0,-1,6431,0
-0.140956251294045,-1,6431,0
0,-1,6431,0
-0.212630908000527,-1,6431,0
-0.0552688675608936,-1,6431,0
0,-1,6431,0
-0.0947836016857666,-1,6431,0
-0.0966129329553247,-1,6431,0
-0.0953679955665187,-1,6431,0
0,-1,6431,0
0,-1,6431,0
-0.114411764254354,-1,6431,0
-0.229518079533707,-1,6431,0
-0.215650649515777,-1,6431,0
0.072699732303468,-1,6431,0
-0.0665681637758238,-1,6431,0
0.27457966973052,-1,6431,0
0,-1,6431,0
0.706551761005318,-1,6431,0
-0.0942384577889926,-1,6431,0
0,-1,6431,0
0.63567975199603,-1,6431,0
0.125423306523479,-1,6431,0
0,-1,6431,0
-0.0896941911411023,-1,6431,0
0,-1,6431,0
0,-1,6431,0
0,-1,6431,0
0.0891800273459355,-1,6039,0
-0.122879038660094,-1,6039,0
-0.275240438018817,-1,6039,0
-0.234702388377409,-1,6039,0
-0.212283104729218,-1,6039,0
-0.180487274132317,-1,6039,0
0,-1,6039,0
-0.0814652139746748,-1,6039,0
0.199186551051787,-1,6039,0
0.60488661062532,-1,6039,0
-0.159896427669814,-1,6039,0
-0.00371197428729486,-1,6039,0
-0.222996478473495,-1,6039,0
-0.391083884999653,-1,6039,0
-0.234798078580859,-1,6039,0
0.514996150330524,-1,6039,0
-0.12711087012605,-1,6039,0
0.0282125561384338,-1,6039,0
0,-1,6039,0
0.437944995013017,-1,6039,0
0.0320054012924363,-1,6039,0
0,-1,6039,0
-0.0458628753454045,-1,6039,0
0.0516748739393488,-1,6039,0
0.0118822087457998,-1,6039,0
-0.161761796118067,-1,6039,0
0,-1,6039,0
-0.228590476051222,-1,6039,0
0.0813408810396219,-1,6039,0
0,-1,6039,0
0.054071059801876,-1,6039,0
-0.16170747468601,-1,6039,0
0,-1,6039,0
-0.0744525628774052,-1,6041,0
-0.203323238846571,-1,6041,0
-0.130773648088805,-1,6041,0
0.0209307537597398,-1,6041,0
-0.222737095120449,-1,6041,0
-0.299825577494807,-1,6041,0
0.181857404245228,-1,6041,0
-0.155360123836005,-1,6041,0
-0.0712343962012983,-1,6041,0
-0.0915444432925799,-1,6041,0
0,-1,6041,0
0.240934227698205,-1,6041,0
0,-1,6041,0
-0.0665681637758238,-1,6041,0
-0.0903295747877801,-1,6041,0
0.40922051151589,-1,6041,0
-0.100762549784404,-1,6041,0
-0.0491547624850887,-1,6041,0
-0.0665681637758238,-1,6041,0
0.00656281225738046,-1,6041,0
-0.414737653940349,-1,6041,0
0.412463798664973,-1,6041,0
0.324672868993241,-1,6041,0
-0.27840307259766,-1,6041,0
0.183800038253758,-1,6041,0
0.706498707656693,-1,6041,0
0,-1,6041,0
0.491358904736804,-1,6041,0
-0.00587416906819024,-1,6041,0
-0.164641367706927,-1,6041,0
-0.0682603912879149,-1,6041,0
-0.231832177734575,-1,6041,0
0.193103845039177,-1,6041,0
0.397837829722905,-1,6041,0
0.373230938604809,-1,6041,0
0.0222030475308904,-1,6041,0
-0.312629795769606,-1,6041,0
0.0378538301732735,-1,6041,0
0.339468847333571,-1,6041,0
-0.255371391562877,-1,6041,0
-0.129150402219568,-1,6041,0
0.0297873750395148,-1,6041,0
-0.0969853357081758,-1,6041,0
0,-1,6041,0
-0.107979389526244,-1,6041,0
0,-1,6041,0
-0.00586911003894466,-1,6041,0
0.0384830312769357,-1,6041,0
-0.11343149920828,-1,6041,0
-0.129594399448304,-1,6041,0
-0.206100690471456,-1,6041,0
-0.0716222166225286,-1,6041,0
-0.129713403686654,-1,6041,0
0.00824791132686066,-1,6041,0
-0.347600731458616,-1,6041,0
0.535307094319239,-1,6041,0
0.0561537661389261,-1,6041,0
0.168636294239704,-1,6041,0
0.252770382278233,-1,6041,0
-0.307153011758888,-1,6041,0
0.0357589165163594,-1,6041,0
0.0151551047929511,-1,6041,0
0.392316223965057,-1,6041,0
0.770419994241089,-1,6041,0
0,-1,6041,0
0.0532422715204924,-1,6041,0
-0.0726149009949619,-1,6041,0
-0.0609010778722613,-1,6041,0
0.0303847368472231,-1,6041,0
-0.0656125082527165,-1,6041,0
-0.42545498817605,-1,6041,0
0,-1,6041,0
0.0299805726615903,-1,6041,0
